{
"type": "FeatureCollection",
"name": "TRAZADO_PLMB",
"features": [
{ "type": "Feature", "properties": { "OBJECTID_1": 1, "OBJECTID": 1, "NOMBRE": "EJE PRINCIPAL PRIMERA LINEA DEL METRO DE BOGOTÁ", "Shape_Leng": 23863.370536300001 }, "geometry": { "type": "MultiLineString", "coordinates": [ [ [ 87118.592299999669194, 105675.718299999833107, 0.0 ], [ 87152.007399999536574, 105618.524100000038743, 0.0 ], [ 87152.166699999943376, 105618.25139999948442, 0.0 ], [ 87152.326000000350177, 105617.978700000792742, 0.0 ], [ 87152.485299999825656, 105617.706000000238419, 0.0 ], [ 87152.644600000232458, 105617.433399999514222, 0.0 ], [ 87152.803999999538064, 105617.160800000652671, 0.0 ], [ 87152.963399999774992, 105616.888100000098348, 0.0 ], [ 87153.122700000181794, 105616.615499999374151, 0.0 ], [ 87153.282200000248849, 105616.3429000005126, 0.0 ], [ 87153.441599999554455, 105616.07039999961853, 0.0 ], [ 87153.601099999621511, 105615.797800000756979, 0.0 ], [ 87153.760700000450015, 105615.525299999862909, 0.0 ], [ 87153.920300000347197, 105615.252800000831485, 0.0 ], [ 87154.080000000074506, 105614.980399999767542, 0.0 ], [ 87154.239699999801815, 105614.707900000736117, 0.0 ], [ 87154.399400000460446, 105614.435599999502301, 0.0 ], [ 87154.559299999848008, 105614.163200000301003, 0.0 ], [ 87154.719200000166893, 105613.890900000929832, 0.0 ], [ 87154.879200000315905, 105613.618699999526143, 0.0 ], [ 87155.039300000295043, 105613.346400000154972, 0.0 ], [ 87155.199400000274181, 105613.074300000444055, 0.0 ], [ 87155.359699999913573, 105612.802200000733137, 0.0 ], [ 87155.519999999552965, 105612.530099999159575, 0.0 ], [ 87155.680499999783933, 105612.258099999278784, 0.0 ], [ 87155.841000000014901, 105611.98619999922812, 0.0 ], [ 87156.001699999906123, 105611.714299999177456, 0.0 ], [ 87156.162499999627471, 105611.442500000819564, 0.0 ], [ 87156.323400000110269, 105611.170800000429153, 0.0 ], [ 87156.484400000423193, 105610.89919999986887, 0.0 ], [ 87156.645499999634922, 105610.627599999308586, 0.0 ], [ 87156.806800000369549, 105610.356100000441074, 0.0 ], [ 87156.96820000000298, 105610.084599999710917, 0.0 ], [ 87157.129700000397861, 105609.813300000503659, 0.0 ], [ 87157.291400000452995, 105609.541999999433756, 0.0 ], [ 87157.453200000338256, 105609.270899999886751, 0.0 ], [ 87157.615199999883771, 105608.999800000339746, 0.0 ], [ 87157.777400000020862, 105608.728800000622869, 0.0 ], [ 87157.939699999988079, 105608.457900000736117, 0.0 ], [ 87158.10219999961555, 105608.18720000050962, 0.0 ], [ 87158.26480000000447, 105607.916500000283122, 0.0 ], [ 87158.427600000053644, 105607.645899999886751, 0.0 ], [ 87158.590599999763072, 105607.375399999320507, 0.0 ], [ 87158.753800000064075, 105607.105100000277162, 0.0 ], [ 87158.917200000025332, 105606.834799999371171, 0.0 ], [ 87159.080799999646842, 105606.564699999988079, 0.0 ], [ 87159.244500000029802, 105606.294700000435114, 0.0 ], [ 87159.408499999903142, 105606.024800000712276, 0.0 ], [ 87159.572700000368059, 105605.755100000649691, 0.0 ], [ 87159.737099999561906, 105605.485400000587106, 0.0 ], [ 87159.901700000278652, 105605.215900000184774, 0.0 ], [ 87160.066499999724329, 105604.946599999442697, 0.0 ], [ 87160.231499999761581, 105604.677300000563264, 0.0 ], [ 87160.396800000220537, 105604.408299999311566, 0.0 ], [ 87160.562300000339746, 105604.139299999922514, 0.0 ], [ 87160.728000000119209, 105603.870500000193715, 0.0 ], [ 87160.894000000320375, 105603.60190000012517, 0.0 ], [ 87161.060200000181794, 105603.333399999886751, 0.0 ], [ 87161.226700000464916, 105603.064999999478459, 0.0 ], [ 87161.393500000238419, 105602.796800000593066, 0.0 ], [ 87161.560399999842048, 105602.528799999505281, 0.0 ], [ 87161.727699999697506, 105602.260999999940395, 0.0 ], [ 87161.895200000144541, 105601.993300000205636, 0.0 ], [ 87162.063000000081956, 105601.725700000301003, 0.0 ], [ 87162.231100000441074, 105601.458399999886751, 0.0 ], [ 87162.399400000460446, 105601.191199999302626, 0.0 ], [ 87162.568099999800324, 105600.924200000241399, 0.0 ], [ 87162.736999999731779, 105600.657400000840425, 0.0 ], [ 87162.906200000084937, 105600.390799999237061, 0.0 ], [ 87163.075699999928474, 105600.124399999156594, 0.0 ], [ 87163.245500000193715, 105599.8581000007689, 0.0 ], [ 87163.415599999949336, 105599.5921, 0.0 ], [ 87163.58600000012666, 105599.326199999079108, 0.0 ], [ 87163.756799999624491, 105599.060499999672174, 0.0 ], [ 87163.927799999713898, 105598.795099999755621, 0.0 ], [ 87164.099200000055134, 105598.529899999499321, 0.0 ], [ 87164.270899999886751, 105598.264799999073148, 0.0 ], [ 87164.442900000140071, 105598.0, 0.0 ], [ 87164.615299999713898, 105597.735400000587106, 0.0 ], [ 87164.787999999709427, 105597.471000000834465, 0.0 ], [ 87164.961099999956787, 105597.206900000572205, 0.0 ], [ 87165.134499999694526, 105596.942999999970198, 0.0 ], [ 87165.308199999853969, 105596.679300000891089, 0.0 ], [ 87165.482300000265241, 105596.41579999960959, 0.0 ], [ 87165.65679999999702, 105596.152599999681115, 0.0 ], [ 87165.831600000150502, 105595.889599999412894, 0.0 ], [ 87166.006799999624491, 105595.626900000497699, 0.0 ], [ 87166.182300000451505, 105595.364399999380112, 0.0 ], [ 87166.358300000429153, 105595.102099999785423, 0.0 ], [ 87166.534599999897182, 105594.840199999511242, 0.0 ], [ 87166.71129999961704, 105594.578400000929832, 0.0 ], [ 87166.888399999588728, 105594.316999999806285, 0.0 ], [ 87167.065899999812245, 105594.055800000205636, 0.0 ], [ 87167.243700000457466, 105593.794800000265241, 0.0 ], [ 87167.42200000025332, 105593.534199999645352, 0.0 ], [ 87167.600700000301003, 105593.273800000548363, 0.0 ], [ 87167.779799999669194, 105593.013699999079108, 0.0 ], [ 87175.105899999849498, 105583.063200000673532, 0.0 ], [ 87183.03249999973923, 105573.584100000560284, 0.0 ], [ 87191.529299999587238, 105564.612500000745058, 0.0 ], [ 87200.564000000245869, 105556.182800000533462, 0.0 ], [ 87210.10190000012517, 105548.327099999412894, 0.0 ], [ 87220.106800000183284, 105541.075400000438094, 0.0 ], [ 87230.540400000289083, 105534.455399999395013, 0.0 ], [ 87241.362800000235438, 105528.492300000041723, 0.0 ], [ 87252.532899999991059, 105523.209000000730157, 0.0 ], [ 87264.00789999961853, 105518.625499999150634, 0.0 ], [ 87275.744099999777973, 105514.75929999910295, 0.0 ], [ 87287.696600000374019, 105511.62529999949038, 0.0 ], [ 87288.004499999806285, 105511.55489999987185, 0.0 ], [ 87288.3125, 105511.484999999403954, 0.0 ], [ 87288.620500000193715, 105511.415599999949336, 0.0 ], [ 87288.928700000047684, 105511.346699999645352, 0.0 ], [ 87289.236999999731779, 105511.278200000524521, 0.0 ], [ 87289.545300000347197, 105511.210200000554323, 0.0 ], [ 87289.853799999691546, 105511.142599999904633, 0.0 ], [ 87290.162399999797344, 105511.075500000268221, 0.0 ], [ 87290.471099999733269, 105511.008799999952316, 0.0 ], [ 87290.779799999669194, 105510.942600000649691, 0.0 ], [ 87291.088700000196695, 105510.876800000667572, 0.0 ], [ 87291.397599999792874, 105510.8114, 0.0 ], [ 87291.706699999980628, 105510.746500000357628, 0.0 ], [ 87292.015800000168383, 105510.682000000029802, 0.0 ], [ 87292.325000000186265, 105510.617900000885129, 0.0 ], [ 87292.634300000034273, 105510.554199999198318, 0.0 ], [ 87292.943699999712408, 105510.490900000557303, 0.0 ], [ 87293.253200000151992, 105510.428099999204278, 0.0 ], [ 87293.562699999660254, 105510.365599999204278, 0.0 ], [ 87293.872299999929965, 105510.30350000038743, 0.0 ], [ 87294.182000000029802, 105510.241800000891089, 0.0 ], [ 87294.491799999959767, 105510.180500000715256, 0.0 ], [ 87294.801699999719858, 105510.119500000029802, 0.0 ], [ 87295.111600000411272, 105510.058900000527501, 0.0 ], [ 87295.42160000000149, 105509.998700000345707, 0.0 ], [ 87295.731700000353158, 105509.93889999948442, 0.0 ], [ 87296.041799999773502, 105509.879399999976158, 0.0 ], [ 87296.351999999955297, 105509.820299999788404, 0.0 ], [ 87296.662299999967217, 105509.761499999091029, 0.0 ], [ 87296.972599999979138, 105509.70299999974668, 0.0 ], [ 87297.282999999821186, 105509.644899999722838, 0.0 ], [ 87297.593399999663234, 105509.587099999189377, 0.0 ], [ 87297.904000000096858, 105509.5296, 0.0 ], [ 87298.214499999769032, 105509.472500000149012, 0.0 ], [ 87298.525200000032783, 105509.415599999949336, 0.0 ], [ 87298.835799999535084, 105509.359099999070168, 0.0 ], [ 87299.146599999628961, 105509.302899999544024, 0.0 ], [ 87299.457399999722838, 105509.246999999508262, 0.0 ], [ 87299.768199999816716, 105509.191400000825524, 0.0 ], [ 87300.07909999974072, 105509.135999999940395, 0.0 ], [ 87300.390100000426173, 105509.081000000238419, 0.0 ], [ 87300.701100000180304, 105509.026200000196695, 0.0 ], [ 87301.012199999764562, 105508.971699999645352, 0.0 ], [ 87301.323200000450015, 105508.917500000447035, 0.0 ], [ 87301.634399999864399, 105508.863500000908971, 0.0 ], [ 87301.945600000210106, 105508.809800000861287, 0.0 ], [ 87302.256799999624491, 105508.756400000303984, 0.0 ], [ 87302.568099999800324, 105508.703199999406934, 0.0 ], [ 87302.879399999976158, 105508.650200000032783, 0.0 ], [ 87303.190799999982119, 105508.597500000149012, 0.0 ], [ 87303.502199999988079, 105508.544999999925494, 0.0 ], [ 87303.81359999999404, 105508.49269999936223, 0.0 ], [ 87304.125099999830127, 105508.440700000151992, 0.0 ], [ 87304.436599999666214, 105508.388900000602007, 0.0 ], [ 87304.748100000433624, 105508.337200000882149, 0.0 ], [ 87305.059700000099838, 105508.285800000652671, 0.0 ], [ 87305.371299999766052, 105508.234600000083447, 0.0 ], [ 87305.682900000363588, 105508.183599999174476, 0.0 ], [ 87305.994599999859929, 105508.132799999788404, 0.0 ], [ 87306.306300000287592, 105508.082200000062585, 0.0 ], [ 87306.617999999783933, 105508.0318, 0.0 ], [ 87306.929800000041723, 105507.981499999761581, 0.0 ], [ 87307.241600000299513, 105507.931399999186397, 0.0 ], [ 87307.553399999625981, 105507.88150000013411, 0.0 ], [ 87307.865299999713898, 105507.831700000911951, 0.0 ], [ 87308.177099999971688, 105507.7820999994874, 0.0 ], [ 87308.489000000059605, 105507.732599999755621, 0.0 ], [ 87308.800900000147521, 105507.683299999684095, 0.0 ], [ 87309.112900000065565, 105507.634099999442697, 0.0 ], [ 87309.424800000153482, 105507.585100000724196, 0.0 ], [ 87309.736800000071526, 105507.536199999973178, 0.0 ], [ 87310.048799999989569, 105507.487400000914931, 0.0 ], [ 87310.360799999907613, 105507.438699999824166, 0.0 ], [ 87310.672799999825656, 105507.390100000426173, 0.0 ], [ 87310.984899999573827, 105507.341700000688434, 0.0 ], [ 87311.29700000025332, 105507.293299999088049, 0.0 ], [ 87311.609000000171363, 105507.245100000873208, 0.0 ], [ 87311.921099999919534, 105507.196900000795722, 0.0 ], [ 87312.233199999667704, 105507.148900000378489, 0.0 ], [ 87312.545400000177324, 105507.100899999961257, 0.0 ], [ 87312.857499999925494, 105507.052999999374151, 0.0 ], [ 87313.169599999673665, 105507.005200000479817, 0.0 ], [ 87313.481800000183284, 105506.957399999722838, 0.0 ], [ 87313.793999999761581, 105506.909700000658631, 0.0 ], [ 87314.106100000441074, 105506.861999999731779, 0.0 ], [ 87314.418300000019372, 105506.814500000327826, 0.0 ], [ 87314.730499999597669, 105506.7668999992311, 0.0 ], [ 87315.042700000107288, 105506.719399999827147, 0.0 ], [ 87315.354899999685585, 105506.671900000423193, 0.0 ], [ 87315.667100000195205, 105506.624500000849366, 0.0 ], [ 87315.979299999773502, 105506.577099999412894, 0.0 ], [ 87316.291500000283122, 105506.529699999839067, 0.0 ], [ 87316.603699999861419, 105506.482300000265241, 0.0 ], [ 87316.916000000201166, 105506.435000000521541, 0.0 ], [ 87317.228199999779463, 105506.387599999085069, 0.0 ], [ 87917.974899999797344, 105415.264299999922514, 0.0 ], [ 87918.391200000420213, 105415.201099999248981, 0.0 ], [ 87918.807500000111759, 105415.138000000268221, 0.0 ], [ 87919.223799999803305, 105415.074799999594688, 0.0 ], [ 87919.640100000426173, 105415.011700000613928, 0.0 ], [ 87920.056400000117719, 105414.948599999770522, 0.0 ], [ 87920.472699999809265, 105414.885600000619888, 0.0 ], [ 87920.889000000432134, 105414.822499999776483, 0.0 ], [ 87921.30530000012368, 105414.759500000625849, 0.0 ], [ 87921.721599999815226, 105414.69649999961257, 0.0 ], [ 87922.138000000268221, 105414.633600000292063, 0.0 ], [ 87922.554299999959767, 105414.570699999108911, 0.0 ], [ 87922.970599999651313, 105414.50789999961853, 0.0 ], [ 87923.387000000104308, 105414.44510000012815, 0.0 ], [ 87923.803299999795854, 105414.38230000063777, 0.0 ], [ 87924.219700000248849, 105414.319700000807643, 0.0 ], [ 87924.636099999770522, 105414.257099999114871, 0.0 ], [ 87925.052500000223517, 105414.194599999114871, 0.0 ], [ 87925.46889999974519, 105414.132099999114871, 0.0 ], [ 87925.885300000198185, 105414.06980000063777, 0.0 ], [ 87926.301699999719858, 105414.007500000298023, 0.0 ], [ 87926.718100000172853, 105413.945299999788404, 0.0 ], [ 87927.134600000455976, 105413.883300000801682, 0.0 ], [ 87927.550999999977648, 105413.821299999952316, 0.0 ], [ 87927.96750000026077, 105413.759400000795722, 0.0 ], [ 87928.38399999961257, 105413.697699999436736, 0.0 ], [ 87928.800499999895692, 105413.635999999940395, 0.0 ], [ 87929.217100000008941, 105413.574500000104308, 0.0 ], [ 87929.633600000292063, 105413.513100000098348, 0.0 ], [ 87930.050200000405312, 105413.451799999922514, 0.0 ], [ 87930.466799999587238, 105413.390699999406934, 0.0 ], [ 87930.883399999700487, 105413.329700000584126, 0.0 ], [ 87931.299999999813735, 105413.268799999728799, 0.0 ], [ 87931.716699999757111, 105413.208100000396371, 0.0 ], [ 87932.13329999987036, 105413.147600000724196, 0.0 ], [ 87932.549999999813735, 105413.087200000882149, 0.0 ], [ 87932.966799999587238, 105413.026900000870228, 0.0 ], [ 87933.383500000461936, 105412.966900000348687, 0.0 ], [ 87933.800300000235438, 105412.906999999657273, 0.0 ], [ 87934.217100000008941, 105412.847300000488758, 0.0 ], [ 87934.633899999782443, 105412.787699999287724, 0.0 ], [ 87935.050699999555945, 105412.72829999960959, 0.0 ], [ 87935.467600000090897, 105412.669199999421835, 0.0 ], [ 87935.884499999694526, 105412.610200000926852, 0.0 ], [ 87936.301400000229478, 105412.551400000229478, 0.0 ], [ 87936.718399999663234, 105412.492900000885129, 0.0 ], [ 87937.135400000028312, 105412.434499999508262, 0.0 ], [ 87937.552400000393391, 105412.376299999654293, 0.0 ], [ 87937.969399999827147, 105412.318399999290705, 0.0 ], [ 87938.386500000022352, 105412.260700000450015, 0.0 ], [ 87938.803600000217557, 105412.203199999406934, 0.0 ], [ 87939.220800000242889, 105412.145899999886751, 0.0 ], [ 87939.637900000438094, 105412.088899999856949, 0.0 ], [ 87940.055100000463426, 105412.0320999994874, 0.0 ], [ 87940.472400000318885, 105411.975600000470877, 0.0 ], [ 87940.889700000174344, 105411.919299999251962, 0.0 ], [ 87941.307000000029802, 105411.863299999386072, 0.0 ], [ 87941.724299999885261, 105411.807499999180436, 0.0 ], [ 87942.141699999570847, 105411.752000000327826, 0.0 ], [ 87942.559100000187755, 105411.69679999910295, 0.0 ], [ 87942.97649999987334, 105411.641799999400973, 0.0 ], [ 87943.394000000320375, 105411.587099999189377, 0.0 ], [ 87943.811499999836087, 105411.532700000330806, 0.0 ], [ 87944.229100000113249, 105411.47859999909997, 0.0 ], [ 87944.64670000039041, 105411.424799999222159, 0.0 ], [ 87945.064299999736249, 105411.371200000867248, 0.0 ], [ 87945.481999999843538, 105411.317999999970198, 0.0 ], [ 87945.899699999950826, 105411.265100000426173, 0.0 ], [ 87946.317499999888241, 105411.212400000542402, 0.0 ], [ 87946.735299999825656, 105411.160099999979138, 0.0 ], [ 87947.153099999763072, 105411.108200000599027, 0.0 ], [ 87947.571000000461936, 105411.056500000879169, 0.0 ], [ 87947.988900000229478, 105411.005200000479817, 0.0 ], [ 87948.40679999999702, 105410.954199999570847, 0.0 ], [ 87948.824799999594688, 105410.903500000014901, 0.0 ], [ 87949.242899999953806, 105410.853199999779463, 0.0 ], [ 87949.660899999551475, 105410.80320000089705, 0.0 ], [ 87950.078999999910593, 105410.753599999472499, 0.0 ], [ 87950.497200000099838, 105410.7043999992311, 0.0 ], [ 87950.915400000289083, 105410.655500000342727, 0.0 ], [ 87951.333700000308454, 105410.606899999082088, 0.0 ], [ 87951.751899999566376, 105410.558800000697374, 0.0 ], [ 87952.170300000347197, 105410.510999999940395, 0.0 ], [ 87952.588600000366569, 105410.463600000366569, 0.0 ], [ 87953.007100000046194, 105410.416600000113249, 0.0 ], [ 87953.425499999895692, 105410.369899999350309, 0.0 ], [ 87953.843999999575317, 105410.323699999600649, 0.0 ], [ 87954.262600000016391, 105410.277799999341369, 0.0 ], [ 87954.681200000457466, 105410.232400000095367, 0.0 ], [ 87955.099799999967217, 105410.187400000169873, 0.0 ], [ 87955.518500000238419, 105410.142799999564886, 0.0 ], [ 87955.937199999578297, 105410.098600000143051, 0.0 ], [ 87956.355999999679625, 105410.054800000041723, 0.0 ], [ 87956.774799999780953, 105410.011499999091029, 0.0 ], [ 87957.193699999712408, 105409.968499999493361, 0.0 ], [ 87957.612599999643862, 105409.926100000739098, 0.0 ], [ 87974.719600000418723, 105408.57039999961853, 0.0 ], [ 87991.869099999777973, 105407.949699999764562, 0.0 ], [ 88009.029400000348687, 105408.065099999308586, 0.0 ], [ 88026.168899999931455, 105408.916500000283122, 0.0 ], [ 88043.256199999712408, 105410.502199999988079, 0.0 ], [ 88060.259700000286102, 105412.819299999624491, 0.0 ], [ 88077.14809999987483, 105415.863700000569224, 0.0 ], [ 88093.89049999974668, 105419.629599999636412, 0.0 ], [ 88094.299200000241399, 105419.731000000610948, 0.0 ], [ 88094.707700000144541, 105419.832800000905991, 0.0 ], [ 88095.116200000047684, 105419.935100000351667, 0.0 ], [ 88095.524500000290573, 105420.037699999287724, 0.0 ], [ 88095.932799999602139, 105420.140799999237061, 0.0 ], [ 88096.340900000184774, 105420.244300000369549, 0.0 ], [ 88096.74890000000596, 105420.348200000822544, 0.0 ], [ 88097.156899999827147, 105420.452500000596046, 0.0 ], [ 88097.564699999988079, 105420.557099999859929, 0.0 ], [ 88097.972400000318885, 105420.662200000137091, 0.0 ], [ 88098.380099999718368, 105420.767699999734759, 0.0 ], [ 88098.78760000038892, 105420.873500000685453, 0.0 ], [ 88099.195000000298023, 105420.979699999094009, 0.0 ], [ 88099.602400000207126, 105421.086300000548363, 0.0 ], [ 88100.009600000455976, 105421.193199999630451, 0.0 ], [ 88100.416799999773502, 105421.300499999895692, 0.0 ], [ 88100.823800000362098, 105421.40819999948144, 0.0 ], [ 88101.230800000019372, 105421.516200000420213, 0.0 ], [ 88101.637699999846518, 105421.624600000679493, 0.0 ], [ 88102.044400000013411, 105421.733300000429153, 0.0 ], [ 88102.451100000180304, 105421.842299999669194, 0.0 ], [ 88102.857699999585748, 105421.951700000092387, 0.0 ], [ 88103.264200000092387, 105422.0614, 0.0 ], [ 88103.670599999837577, 105422.171399999409914, 0.0 ], [ 88104.076999999582767, 105422.281700000166893, 0.0 ], [ 88104.483199999667704, 105422.392400000244379, 0.0 ], [ 88104.889399999752641, 105422.503399999812245, 0.0 ], [ 88105.295500000007451, 105422.614700000733137, 0.0 ], [ 88105.701500000432134, 105422.726199999451637, 0.0 ], [ 88106.107400000095367, 105422.83809999935329, 0.0 ], [ 88106.513199999928474, 105422.950300000607967, 0.0 ], [ 88106.918999999761581, 105423.062699999660254, 0.0 ], [ 88107.324699999764562, 105423.175499999895692, 0.0 ], [ 88107.730299999937415, 105423.288499999791384, 0.0 ], [ 88108.135800000280142, 105423.401799999177456, 0.0 ], [ 88108.541199999861419, 105423.515300000086427, 0.0 ], [ 88108.946600000374019, 105423.629200000315905, 0.0 ], [ 88109.35190000012517, 105423.743200000375509, 0.0 ], [ 88109.757100000046194, 105423.857599999755621, 0.0 ], [ 88110.162299999967217, 105423.972200000658631, 0.0 ], [ 88110.567400000058115, 105424.08699999935925, 0.0 ], [ 88110.972400000318885, 105424.202099999412894, 0.0 ], [ 88111.377399999648333, 105424.317399999126792, 0.0 ], [ 88111.782200000248849, 105424.433000000193715, 0.0 ], [ 88112.18709999974817, 105424.548800000920892, 0.0 ], [ 88112.591799999587238, 105424.664799999445677, 0.0 ], [ 88112.996500000357628, 105424.780999999493361, 0.0 ], [ 88113.401100000366569, 105424.897399999201298, 0.0 ], [ 88113.805700000375509, 105425.01410000026226, 0.0 ], [ 88114.210199999623001, 105425.130999999120831, 0.0 ], [ 88114.614699999801815, 105425.247999999672174, 0.0 ], [ 88115.019100000150502, 105425.365299999713898, 0.0 ], [ 88115.42339999973774, 105425.482699999585748, 0.0 ], [ 88115.8277000002563, 105425.600400000810623, 0.0 ], [ 88116.231900000013411, 105425.7182, 0.0 ], [ 88116.636099999770522, 105425.836200000718236, 0.0 ], [ 88117.040199999697506, 105425.9543999992311, 0.0 ], [ 88117.444299999624491, 105426.072699999436736, 0.0 ], [ 88117.848299999721348, 105426.191199999302626, 0.0 ], [ 88118.252299999818206, 105426.309900000691414, 0.0 ], [ 88118.656200000084937, 105426.428700000047684, 0.0 ], [ 88119.060100000351667, 105426.547700000926852, 0.0 ], [ 88119.463999999687076, 105426.666799999773502, 0.0 ], [ 88119.86780000012368, 105426.786100000143051, 0.0 ], [ 88120.271599999628961, 105426.905500000342727, 0.0 ], [ 88120.675300000235438, 105427.025100000202656, 0.0 ], [ 88121.078999999910593, 105427.144700000062585, 0.0 ], [ 88121.482599999755621, 105427.264499999582767, 0.0 ], [ 88121.886199999600649, 105427.384500000625849, 0.0 ], [ 88122.289800000376999, 105427.504499999806285, 0.0 ], [ 88122.693300000391901, 105427.62470000050962, 0.0 ], [ 88123.096900000236928, 105427.744899999350309, 0.0 ], [ 88123.500300000421703, 105427.865299999713898, 0.0 ], [ 88123.903800000436604, 105427.985700000077486, 0.0 ], [ 88124.307199999690056, 105428.106300000101328, 0.0 ], [ 88124.71059999987483, 105428.22690000012517, 0.0 ], [ 88125.114000000059605, 105428.347599999979138, 0.0 ], [ 88125.517300000414252, 105428.468499999493361, 0.0 ], [ 88125.920699999667704, 105428.589299999177456, 0.0 ], [ 88126.324000000022352, 105428.71030000038445, 0.0 ], [ 88126.727300000376999, 105428.831299999728799, 0.0 ], [ 88127.130499999970198, 105428.95240000076592, 0.0 ], [ 88127.533800000324845, 105429.073499999940395, 0.0 ], [ 88127.936999999918044, 105429.194700000807643, 0.0 ], [ 88128.340200000442564, 105429.315999999642372, 0.0 ], [ 88128.743400000035763, 105429.437300000339746, 0.0 ], [ 88129.146599999628961, 105429.558599999174476, 0.0 ], [ 88129.549800000153482, 105429.679999999701977, 0.0 ], [ 88129.95299999974668, 105429.801400000229478, 0.0 ], [ 88130.356100000441074, 105429.922800000756979, 0.0 ], [ 88130.759300000034273, 105430.044199999421835, 0.0 ], [ 88131.162399999797344, 105430.165699999779463, 0.0 ], [ 88131.565600000321865, 105430.287200000137091, 0.0 ], [ 88131.968700000084937, 105430.408700000494719, 0.0 ], [ 88132.371899999678135, 105430.530200000852346, 0.0 ], [ 88300.093299999833107, 105481.074599999934435, 0.0 ], [ 88300.496500000357628, 105481.196100000292063, 0.0 ], [ 88300.899600000120699, 105481.317600000649691, 0.0 ], [ 88301.302799999713898, 105481.439099999144673, 0.0 ], [ 88301.705900000408292, 105481.560499999672174, 0.0 ], [ 88302.10910000000149, 105481.682000000029802, 0.0 ], [ 88302.512299999594688, 105481.803400000557303, 0.0 ], [ 88302.915400000289083, 105481.924699999392033, 0.0 ], [ 88303.318599999882281, 105482.046000000089407, 0.0 ], [ 88303.721800000406802, 105482.167300000786781, 0.0 ], [ 88304.125099999830127, 105482.288499999791384, 0.0 ], [ 88304.528300000354648, 105482.409700000658631, 0.0 ], [ 88304.931599999777973, 105482.530799999833107, 0.0 ], [ 88305.33490000013262, 105482.651799999177456, 0.0 ], [ 88305.738199999555945, 105482.77280000038445, 0.0 ], [ 88306.141499999910593, 105482.893600000068545, 0.0 ], [ 88306.544800000265241, 105483.014399999752641, 0.0 ], [ 88306.948200000450015, 105483.135099999606609, 0.0 ], [ 88307.351700000464916, 105483.255699999630451, 0.0 ], [ 88307.755099999718368, 105483.3761, 0.0 ], [ 88308.158599999733269, 105483.496500000357628, 0.0 ], [ 88308.56209999974817, 105483.616699999198318, 0.0 ], [ 88308.965699999593198, 105483.736899999901652, 0.0 ], [ 88309.369300000369549, 105483.856799999251962, 0.0 ], [ 88309.772900000214577, 105483.976700000464916, 0.0 ], [ 88310.176599999889731, 105484.096400000154972, 0.0 ], [ 88310.580299999564886, 105484.215900000184774, 0.0 ], [ 88310.98410000000149, 105484.33530000038445, 0.0 ], [ 88311.387900000438094, 105484.454600000753999, 0.0 ], [ 88311.791699999943376, 105484.573599999770522, 0.0 ], [ 88312.195700000040233, 105484.692500000819564, 0.0 ], [ 88312.599600000306964, 105484.811300000175834, 0.0 ], [ 88313.003600000403821, 105484.929800000041723, 0.0 ], [ 88313.407700000330806, 105485.048100000247359, 0.0 ], [ 88313.811900000087917, 105485.166300000622869, 0.0 ], [ 88314.216099999845028, 105485.284199999645352, 0.0 ], [ 88314.620299999602139, 105485.402000000700355, 0.0 ], [ 88315.024600000120699, 105485.519500000402331, 0.0 ], [ 88315.428999999538064, 105485.636800000444055, 0.0 ], [ 88315.833499999716878, 105485.753799999132752, 0.0 ], [ 88316.237999999895692, 105485.870699999853969, 0.0 ], [ 88316.642599999904633, 105485.987299999222159, 0.0 ], [ 88317.047199999913573, 105486.10359999909997, 0.0 ], [ 88317.451999999582767, 105486.219699999317527, 0.0 ], [ 88317.856800000183284, 105486.33559999987483, 0.0 ], [ 88318.261599999852479, 105486.451099999248981, 0.0 ], [ 88318.666600000113249, 105486.566500000655651, 0.0 ], [ 88319.071600000374019, 105486.681500000879169, 0.0 ], [ 88319.476700000464916, 105486.796299999579787, 0.0 ], [ 88319.88190000038594, 105486.910700000822544, 0.0 ], [ 88320.287200000137091, 105487.024900000542402, 0.0 ], [ 88320.692599999718368, 105487.13880000077188, 0.0 ], [ 88321.098000000230968, 105487.252299999818206, 0.0 ], [ 88321.503499999642372, 105487.365599999204278, 0.0 ], [ 88321.909199999645352, 105487.478499999269843, 0.0 ], [ 88322.314899999648333, 105487.591199999675155, 0.0 ], [ 88322.720700000412762, 105487.703400000929832, 0.0 ], [ 88323.126600000075996, 105487.815400000661612, 0.0 ], [ 88323.532599999569356, 105487.926999999210238, 0.0 ], [ 88323.93859999999404, 105488.03830000013113, 0.0 ], [ 88324.344800000078976, 105488.14919999986887, 0.0 ], [ 88324.75109999999404, 105488.259700000286102, 0.0 ], [ 88325.15749999973923, 105488.369899999350309, 0.0 ], [ 88325.564000000245869, 105488.479699999094009, 0.0 ], [ 88325.970499999821186, 105488.589099999517202, 0.0 ], [ 88326.377199999988079, 105488.698200000450015, 0.0 ], [ 88326.783999999985099, 105488.806800000369549, 0.0 ], [ 88327.190899999812245, 105488.915100000798702, 0.0 ], [ 88327.597900000400841, 105489.023000000044703, 0.0 ], [ 88328.004999999888241, 105489.130400000140071, 0.0 ], [ 88328.412299999967217, 105489.237400000914931, 0.0 ], [ 88328.819600000046194, 105489.344000000506639, 0.0 ], [ 88329.226999999955297, 105489.450200000777841, 0.0 ], [ 88329.634600000455976, 105489.55599999986589, 0.0 ], [ 88330.042299999855459, 105489.661299999803305, 0.0 ], [ 88330.450000000186265, 105489.766200000420213, 0.0 ], [ 88330.857900000177324, 105489.870600000023842, 0.0 ], [ 88331.265999999828637, 105489.974500000476837, 0.0 ], [ 88331.674100000411272, 105490.07799999974668, 0.0 ], [ 88332.082299999892712, 105490.18099999986589, 0.0 ], [ 88332.490699999965727, 105490.283600000664592, 0.0 ], [ 88332.89919999986887, 105490.385600000619888, 0.0 ], [ 88333.307799999602139, 105490.487199999392033, 0.0 ], [ 88333.716599999926984, 105490.588300000876188, 0.0 ], [ 88334.12540000025183, 105490.68889999948442, 0.0 ], [ 88334.534400000236928, 105490.788899999111891, 0.0 ], [ 88334.943500000052154, 105490.888499999418855, 0.0 ], [ 88335.352800000458956, 105490.987500000745058, 0.0 ], [ 88335.762099999934435, 105491.085999999195337, 0.0 ], [ 88336.17160000000149, 105491.184000000357628, 0.0 ], [ 88336.581199999898672, 105491.281400000676513, 0.0 ], [ 88336.99100000038743, 105491.378299999982119, 0.0 ], [ 88337.400899999774992, 105491.474700000137091, 0.0 ], [ 88337.810899999924004, 105491.570499999448657, 0.0 ], [ 88338.220999999903142, 105491.665699999779463, 0.0 ], [ 88338.631400000303984, 105491.76039999909699, 0.0 ], [ 88353.730299999937415, 105494.826700000092387, 0.0 ], [ 88368.966699999757111, 105497.113800000399351, 0.0 ], [ 88384.300499999895692, 105498.615599999204278, 0.0 ], [ 88399.691100000403821, 105499.328099999576807, 0.0 ], [ 88415.098100000061095, 105499.249600000679493, 0.0 ], [ 88430.480600000359118, 105498.380200000479817, 0.0 ], [ 88445.798299999907613, 105496.722200000658631, 0.0 ], [ 88461.010599999688566, 105494.279999999329448, 0.0 ], [ 88476.077499999664724, 105491.060000000521541, 0.0 ], [ 88490.95920000039041, 105487.070699999108911, 0.0 ], [ 88505.616499999538064, 105482.322699999436736, 0.0 ], [ 88520.010599999688566, 105476.828400000929832, 0.0 ], [ 88534.103699999861419, 105470.602299999445677, 0.0 ], [ 88547.858599999919534, 105463.660900000482798, 0.0 ], [ 88561.239000000059605, 105456.02250000089407, 0.0 ], [ 88574.209499999880791, 105447.707200000062585, 0.0 ], [ 88586.736100000329316, 105438.736999999731779, 0.0 ], [ 88598.785600000061095, 105429.135500000789762, 0.0 ], [ 88610.326200000010431, 105418.927999999374151, 0.0 ], [ 88621.327600000426173, 105408.141499999910593, 0.0 ], [ 88631.760700000450015, 105396.804400000721216, 0.0 ], [ 88641.598000000230968, 105384.946599999442697, 0.0 ], [ 88641.858300000429153, 105384.615599999204278, 0.0 ], [ 88642.117999999783933, 105384.284199999645352, 0.0 ], [ 88642.377299999818206, 105383.95240000076592, 0.0 ], [ 88642.636099999770522, 105383.620300000533462, 0.0 ], [ 88642.894500000402331, 105383.287900000810623, 0.0 ], [ 88643.152400000020862, 105382.955099999904633, 0.0 ], [ 88643.409900000318885, 105382.621999999508262, 0.0 ], [ 88643.667000000365078, 105382.288499999791384, 0.0 ], [ 88643.923700000159442, 105381.954700000584126, 0.0 ], [ 88644.17989999987185, 105381.620600000023842, 0.0 ], [ 88644.435700000263751, 105381.286100000143051, 0.0 ], [ 88644.690999999642372, 105380.951400000602007, 0.0 ], [ 88644.946000000461936, 105380.61629999987781, 0.0 ], [ 88645.200600000098348, 105380.280899999663234, 0.0 ], [ 88645.454699999652803, 105379.945199999958277, 0.0 ], [ 88645.708499999716878, 105379.609200000762939, 0.0 ], [ 88645.961900000460446, 105379.273000000044703, 0.0 ], [ 88646.214900000020862, 105378.9364, 0.0 ], [ 88646.46750000026077, 105378.599500000476837, 0.0 ], [ 88646.719700000248849, 105378.262399999424815, 0.0 ], [ 88646.971499999985099, 105377.924900000914931, 0.0 ], [ 88647.223000000230968, 105377.587200000882149, 0.0 ], [ 88647.474100000225008, 105377.249299999326468, 0.0 ], [ 88647.724899999797344, 105376.911000000312924, 0.0 ], [ 88647.975300000049174, 105376.572499999776483, 0.0 ], [ 88648.225399999879301, 105376.233799999579787, 0.0 ], [ 88648.47510000038892, 105375.894799999892712, 0.0 ], [ 88648.724399999715388, 105375.555500000715256, 0.0 ], [ 88648.973500000312924, 105375.216000000014901, 0.0 ], [ 88649.222199999727309, 105374.876199999824166, 0.0 ], [ 88649.470499999821186, 105374.536199999973178, 0.0 ], [ 88649.71860000025481, 105374.196000000461936, 0.0 ], [ 88649.966300000436604, 105373.855499999597669, 0.0 ], [ 88650.213700000196695, 105373.51490000076592, 0.0 ], [ 88650.460900000296533, 105373.174000000581145, 0.0 ], [ 88650.707700000144541, 105372.832800000905991, 0.0 ], [ 88650.954199999570847, 105372.491499999538064, 0.0 ], [ 88651.200400000438094, 105372.149900000542402, 0.0 ], [ 88651.446299999952316, 105371.808199999853969, 0.0 ], [ 88651.691999999806285, 105371.466199999675155, 0.0 ], [ 88651.937400000169873, 105371.123999999836087, 0.0 ], [ 88652.182500000111759, 105370.781700000166893, 0.0 ], [ 88652.427299999631941, 105370.439099999144673, 0.0 ], [ 88652.671900000423193, 105370.096400000154972, 0.0 ], [ 88652.916199999861419, 105369.753499999642372, 0.0 ], [ 88653.160199999809265, 105369.410399999469519, 0.0 ], [ 88653.404099999926984, 105369.067099999636412, 0.0 ], [ 88653.647599999792874, 105368.723600000143051, 0.0 ], [ 88653.89089999999851, 105368.380000000819564, 0.0 ], [ 88654.13399999961257, 105368.036199999973178, 0.0 ], [ 88654.376899999566376, 105367.692299999296665, 0.0 ], [ 88654.619500000029802, 105367.348200000822544, 0.0 ], [ 88654.861999999731779, 105367.003900000825524, 0.0 ], [ 88655.104199999943376, 105366.659499999135733, 0.0 ], [ 88655.346199999563396, 105366.314899999648333, 0.0 ], [ 88655.588000000454485, 105365.970200000330806, 0.0 ], [ 88655.829599999822676, 105365.625399999320507, 0.0 ], [ 88656.071000000461936, 105365.2804000005126, 0.0 ], [ 88656.312199999578297, 105364.935300000011921, 0.0 ], [ 88656.553199999965727, 105364.590099999681115, 0.0 ], [ 88656.794099999591708, 105364.244699999690056, 0.0 ], [ 88657.034799999557436, 105363.89919999986887, 0.0 ], [ 88657.275299999862909, 105363.553600000217557, 0.0 ], [ 88657.515599999576807, 105363.207900000736117, 0.0 ], [ 88657.755800000391901, 105362.862099999561906, 0.0 ], [ 88657.995900000445545, 105362.516200000420213, 0.0 ], [ 88658.235700000077486, 105362.170199999585748, 0.0 ], [ 88658.475499999709427, 105361.823999999091029, 0.0 ], [ 88658.715099999681115, 105361.477800000458956, 0.0 ], [ 88658.954599999822676, 105361.13150000013411, 0.0 ], [ 88659.193900000303984, 105360.785099999979138, 0.0 ], [ 88659.433100000023842, 105360.4386, 0.0 ], [ 88659.6722999997437, 105360.092000000178814, 0.0 ], [ 88659.911199999973178, 105359.745400000363588, 0.0 ], [ 88660.150100000202656, 105359.398600000888109, 0.0 ], [ 88660.388899999670684, 105359.051799999549985, 0.0 ], [ 88660.627600000239909, 105358.705000000074506, 0.0 ], [ 88660.866200000047684, 105358.357999999076128, 0.0 ], [ 88661.104700000025332, 105358.011099999770522, 0.0 ], [ 88661.343100000172853, 105357.664000000804663, 0.0 ], [ 88661.581500000320375, 105357.316899999976158, 0.0 ], [ 88661.819799999706447, 105356.969799999147654, 0.0 ], [ 88662.058000000193715, 105356.622600000351667, 0.0 ], [ 88662.296099999919534, 105356.275399999693036, 0.0 ], [ 88662.534199999645352, 105355.928099999204278, 0.0 ], [ 88662.772199999541044, 105355.580800000578165, 0.0 ], [ 88663.010200000368059, 105355.23340000025928, 0.0 ], [ 88663.248200000263751, 105354.886099999770522, 0.0 ], [ 88663.486100000329316, 105354.538699999451637, 0.0 ], [ 88663.724000000394881, 105354.191299999132752, 0.0 ], [ 88663.961900000460446, 105353.843900000676513, 0.0 ], [ 88664.199699999764562, 105353.496400000527501, 0.0 ], [ 88664.4375, 105353.149000000208616, 0.0 ], [ 88664.675300000235438, 105352.801500000059605, 0.0 ], [ 88664.913200000301003, 105352.453999999910593, 0.0 ], [ 88678.712199999950826, 105332.292099999263883, 0.0 ], [ 88684.792100000195205, 105323.047399999573827, 0.0 ], [ 88690.526999999769032, 105313.584699999541044, 0.0 ], [ 88695.909099999815226, 105303.916999999433756, 0.0 ], [ 89610.003200000151992, 103588.234099999070168, 0.0 ], [ 89610.201200000010431, 103587.862400000914931, 0.0 ], [ 89610.39919999986887, 103587.490800000727177, 0.0 ], [ 89610.597199999727309, 103587.119200000539422, 0.0 ], [ 89610.795199999585748, 103586.747700000181794, 0.0 ], [ 89610.993300000205636, 103586.3761, 0.0 ], [ 89611.191399999894202, 103586.004499999806285, 0.0 ], [ 89611.389499999582767, 103585.632999999448657, 0.0 ], [ 89611.587700000032783, 103585.261499999091029, 0.0 ], [ 89611.785899999551475, 103584.890100000426173, 0.0 ], [ 89611.984199999831617, 103584.518600000068545, 0.0 ], [ 89612.182599999941885, 103584.147299999371171, 0.0 ], [ 89612.381099999882281, 103583.775900000706315, 0.0 ], [ 89612.579599999822676, 103583.4046, 0.0 ], [ 89612.778199999593198, 103583.033399999141693, 0.0 ], [ 89612.976999999955297, 103582.662200000137091, 0.0 ], [ 89613.175800000317395, 103582.290999999269843, 0.0 ], [ 89613.374800000339746, 103581.919900000095367, 0.0 ], [ 89613.573900000192225, 103581.548900000751019, 0.0 ], [ 89613.77309999987483, 103581.177999999374151, 0.0 ], [ 89613.972400000318885, 103580.807099999859929, 0.0 ], [ 89614.171900000423193, 103580.436300000175834, 0.0 ], [ 89614.371500000357628, 103580.065600000321865, 0.0 ], [ 89614.571299999952316, 103579.695000000298023, 0.0 ], [ 89614.771300000138581, 103579.324400000274181, 0.0 ], [ 89614.971400000154972, 103578.953999999910593, 0.0 ], [ 89615.171699999831617, 103578.583599999547005, 0.0 ], [ 89615.372200000099838, 103578.213400000706315, 0.0 ], [ 89615.572900000028312, 103577.8432, 0.0 ], [ 89615.77379999961704, 103577.473200000822544, 0.0 ], [ 89615.974899999797344, 103577.10329999960959, 0.0 ], [ 89616.176199999637902, 103576.73340000025928, 0.0 ], [ 89616.377700000070035, 103576.363800000399351, 0.0 ], [ 89616.579499999992549, 103575.994200000539422, 0.0 ], [ 89616.781499999575317, 103575.624800000339746, 0.0 ], [ 89616.98369999974966, 103575.255400000140071, 0.0 ], [ 89617.186200000345707, 103574.886299999430776, 0.0 ], [ 89617.388899999670684, 103574.517200000584126, 0.0 ], [ 89617.591900000348687, 103574.148399999365211, 0.0 ], [ 89617.795199999585748, 103573.7796, 0.0 ], [ 89617.998700000345707, 103573.411000000312924, 0.0 ], [ 89618.202600000426173, 103573.042600000277162, 0.0 ], [ 89618.406700000166893, 103572.674399999901652, 0.0 ], [ 89618.611100000329316, 103572.30629999935627, 0.0 ], [ 89618.815799999982119, 103571.938300000503659, 0.0 ], [ 89619.020899999886751, 103571.570599999278784, 0.0 ], [ 89619.22620000038296, 103571.20299999974668, 0.0 ], [ 89619.431900000199676, 103570.83559999987483, 0.0 ], [ 89619.637900000438094, 103570.468399999663234, 0.0 ], [ 89619.84429999999702, 103570.101399999111891, 0.0 ], [ 89620.050999999977648, 103569.734600000083447, 0.0 ], [ 89620.25800000037998, 103569.367900000885129, 0.0 ], [ 89620.465499999932945, 103569.001499999314547, 0.0 ], [ 89620.673200000077486, 103568.635299999266863, 0.0 ], [ 89620.881400000303984, 103568.269300000742078, 0.0 ], [ 89621.089900000020862, 103567.903500000014901, 0.0 ], [ 89621.298899999819696, 103567.53800000064075, 0.0 ], [ 89621.508200000040233, 103567.17259999923408, 0.0 ], [ 89621.717899999581277, 103566.807499999180436, 0.0 ], [ 89621.928000000305474, 103566.442600000649691, 0.0 ], [ 89622.138600000180304, 103566.07799999974668, 0.0 ], [ 89622.349499999545515, 103565.713600000366569, 0.0 ], [ 89622.560899999924004, 103565.349500000476837, 0.0 ], [ 89622.772699999623001, 103564.985600000247359, 0.0 ], [ 89622.985000000335276, 103564.621999999508262, 0.0 ], [ 89623.197700000368059, 103564.258600000292063, 0.0 ], [ 89623.410899999551475, 103563.895500000566244, 0.0 ], [ 89623.624499999918044, 103563.532700000330806, 0.0 ], [ 89623.838600000366569, 103563.170099999755621, 0.0 ], [ 89624.053199999965727, 103562.807800000533462, 0.0 ], [ 89624.268299999646842, 103562.445900000631809, 0.0 ], [ 89624.483799999579787, 103562.08420000039041, 0.0 ], [ 89624.699900000356138, 103561.722799999639392, 0.0 ], [ 89624.916400000452995, 103561.361700000241399, 0.0 ], [ 89625.133399999700487, 103561.000900000333786, 0.0 ], [ 89625.350999999791384, 103560.640399999916553, 0.0 ], [ 89625.569099999964237, 103560.280200000852346, 0.0 ], [ 89625.787700000219047, 103559.920399999246001, 0.0 ], [ 89626.00690000038594, 103559.560799999162555, 0.0 ], [ 89626.22649999987334, 103559.20160000026226, 0.0 ], [ 89626.446800000034273, 103558.842800000682473, 0.0 ], [ 89626.667600000277162, 103558.484200000762939, 0.0 ], [ 89626.888899999670684, 103558.1261, 0.0 ], [ 89627.110799999907613, 103557.768200000748038, 0.0 ], [ 89627.333300000056624, 103557.410800000652671, 0.0 ], [ 89627.556400000117719, 103557.053700000047684, 0.0 ], [ 89627.78000000026077, 103556.696900000795722, 0.0 ], [ 89628.004200000315905, 103556.340500000864267, 0.0 ], [ 89628.229100000113249, 103555.98450000025332, 0.0 ], [ 89628.454499999992549, 103555.628900000825524, 0.0 ], [ 89628.680499999783933, 103555.273700000718236, 0.0 ], [ 89628.907200000248849, 103554.918899999931455, 0.0 ], [ 89629.134499999694526, 103554.564400000497699, 0.0 ], [ 89629.362399999983609, 103554.210400000214577, 0.0 ], [ 89629.591000000014901, 103553.856799999251962, 0.0 ], [ 89629.820199999958277, 103553.503499999642372, 0.0 ], [ 89635.490000000223517, 103545.187000000849366, 0.0 ], [ 89641.518099999986589, 103537.126599999144673, 0.0 ], [ 89647.893199999816716, 103529.337600000202656, 0.0 ], [ 89648.167200000025332, 103529.017899999395013, 0.0 ], [ 89648.441899999976158, 103528.698699999600649, 0.0 ], [ 89648.717000000178814, 103528.380000000819564, 0.0 ], [ 89648.99280000012368, 103528.061799999326468, 0.0 ], [ 89649.269100000150502, 103527.744100000709295, 0.0 ], [ 89649.546000000089407, 103527.426899999380112, 0.0 ], [ 89649.823400000110269, 103527.11009999923408, 0.0 ], [ 89650.101300000213087, 103526.793899999931455, 0.0 ], [ 89650.379800000227988, 103526.478099999949336, 0.0 ], [ 89650.658800000324845, 103526.162699999287724, 0.0 ], [ 89650.938299999572337, 103525.847799999639392, 0.0 ], [ 89651.218299999833107, 103525.533399999141693, 0.0 ], [ 89651.49890000000596, 103525.219399999827147, 0.0 ], [ 89651.779900000430644, 103524.905799999833107, 0.0 ], [ 89652.06140000000596, 103524.592700000852346, 0.0 ], [ 89652.343399999663234, 103524.279999999329448, 0.0 ], [ 89652.625799999572337, 103523.967800000682473, 0.0 ], [ 89652.908800000324845, 103523.655999999493361, 0.0 ], [ 89653.192200000397861, 103523.3445999994874, 0.0 ], [ 89653.475999999791384, 103523.033600000664592, 0.0 ], [ 89653.760300000198185, 103522.722999999299645, 0.0 ], [ 89654.045099999755621, 103522.412900000810623, 0.0 ], [ 89654.330299999564886, 103522.103099999949336, 0.0 ], [ 89654.615899999625981, 103521.793700000271201, 0.0 ], [ 89654.901899999938905, 103521.484699999913573, 0.0 ], [ 89655.188299999572337, 103521.176100000739098, 0.0 ], [ 89655.475200000219047, 103520.867900000885129, 0.0 ], [ 89655.762500000186265, 103520.560100000351667, 0.0 ], [ 89656.050099999643862, 103520.252599999308586, 0.0 ], [ 89656.338200000114739, 103519.945499999448657, 0.0 ], [ 89656.626600000075996, 103519.63880000077188, 0.0 ], [ 89656.915400000289083, 103519.332399999722838, 0.0 ], [ 89657.204599999822676, 103519.026399999856949, 0.0 ], [ 89657.494199999608099, 103518.72069999948144, 0.0 ], [ 89657.784099999815226, 103518.415300000458956, 0.0 ], [ 89658.074400000274181, 103518.110300000756979, 0.0 ], [ 89658.365000000223517, 103517.805600000545382, 0.0 ], [ 89658.655899999663234, 103517.501299999654293, 0.0 ], [ 89658.947200000286102, 103517.197300000116229, 0.0 ], [ 89659.238800000399351, 103516.893500000238419, 0.0 ], [ 89659.53070000000298, 103516.590099999681115, 0.0 ], [ 89659.822999999858439, 103516.287000000476837, 0.0 ], [ 89660.115600000135601, 103515.984200000762939, 0.0 ], [ 89660.408400000073016, 103515.681700000539422, 0.0 ], [ 89660.70160000026226, 103515.379499999806285, 0.0 ], [ 89660.995000000111759, 103515.077500000596046, 0.0 ], [ 89661.288800000213087, 103514.775800000876188, 0.0 ], [ 89661.582799999974668, 103514.474500000476837, 0.0 ], [ 89661.877100000157952, 103514.173299999907613, 0.0 ], [ 89662.17160000000149, 103513.872500000521541, 0.0 ], [ 89662.466400000266731, 103513.57179999910295, 0.0 ], [ 89662.761500000022352, 103513.271500000730157, 0.0 ], [ 89663.056800000369549, 103512.971400000154972, 0.0 ], [ 89663.352400000207126, 103512.671499999240041, 0.0 ], [ 89663.648199999704957, 103512.371799999848008, 0.0 ], [ 89663.944199999794364, 103512.072399999946356, 0.0 ], [ 89664.240500000305474, 103511.773199999704957, 0.0 ], [ 89664.536899999715388, 103511.474199999123812, 0.0 ], [ 89664.833599999547005, 103511.175499999895692, 0.0 ], [ 89665.130499999970198, 103510.876900000497699, 0.0 ], [ 89665.427600000053644, 103510.578600000590086, 0.0 ], [ 89665.724899999797344, 103510.2804000005126, 0.0 ], [ 89666.02240000013262, 103509.982400000095367, 0.0 ], [ 89666.32010000012815, 103509.684599999338388, 0.0 ], [ 89666.617899999953806, 103509.387000000104308, 0.0 ], [ 89666.915900000371039, 103509.089600000530481, 0.0 ], [ 89667.214100000448525, 103508.792300000786781, 0.0 ], [ 89667.512400000356138, 103508.495200000703335, 0.0 ], [ 89667.810899999924004, 103508.198200000450015, 0.0 ], [ 89668.109600000083447, 103507.901399999856949, 0.0 ], [ 89668.408400000073016, 103507.604699999094009, 0.0 ], [ 89668.707299999892712, 103507.308199999853969, 0.0 ], [ 89669.006299999542534, 103507.011800000444055, 0.0 ], [ 89669.305499999783933, 103506.715500000864267, 0.0 ], [ 89669.604799999855459, 103506.419399999082088, 0.0 ], [ 89669.904199999757111, 103506.123400000855327, 0.0 ], [ 89670.20380000025034, 103505.82740000076592, 0.0 ], [ 89670.503399999812245, 103505.531600000336766, 0.0 ], [ 89670.803100000135601, 103505.23589999973774, 0.0 ], [ 89671.102900000289083, 103504.940300000831485, 0.0 ], [ 89671.402800000272691, 103504.644700000062585, 0.0 ], [ 89671.702800000086427, 103504.349300000816584, 0.0 ], [ 89672.002799999900162, 103504.053899999707937, 0.0 ], [ 89672.303000000305474, 103503.758600000292063, 0.0 ], [ 89672.603099999949336, 103503.463300000876188, 0.0 ], [ 89672.903400000184774, 103503.168099999427795, 0.0 ], [ 89673.203700000420213, 103502.872999999672174, 0.0 ], [ 89673.503999999724329, 103502.577899999916553, 0.0 ], [ 89673.804399999789894, 103502.282800000160933, 0.0 ], [ 89674.104799999855459, 103501.987800000235438, 0.0 ], [ 89674.405199999921024, 103501.692800000309944, 0.0 ], [ 89674.705699999816716, 103501.39780000038445, 0.0 ], [ 89675.006199999712408, 103501.102900000289083, 0.0 ], [ 89675.306699999608099, 103500.807900000363588, 0.0 ], [ 89675.607200000435114, 103500.513000000268221, 0.0 ], [ 89698.44510000012815, 103478.097999999299645, 0.0 ], [ 89698.745600000023842, 103477.802999999374151, 0.0 ], [ 89699.046099999919534, 103477.508099999278784, 0.0 ], [ 89699.346599999815226, 103477.21309999935329, 0.0 ], [ 89699.646999999880791, 103476.918099999427795, 0.0 ], [ 89699.947499999776483, 103476.623199999332428, 0.0 ], [ 89700.247899999842048, 103476.328099999576807, 0.0 ], [ 89700.548299999907613, 103476.033099999651313, 0.0 ], [ 89700.848600000143051, 103475.737999999895692, 0.0 ], [ 89701.148900000378489, 103475.442900000140071, 0.0 ], [ 89701.449199999682605, 103475.147700000554323, 0.0 ], [ 89701.749400000087917, 103474.85249999910593, 0.0 ], [ 89702.049599999561906, 103474.557199999690056, 0.0 ], [ 89702.349600000306964, 103474.261800000444055, 0.0 ], [ 89702.649699999950826, 103473.966399999335408, 0.0 ], [ 89702.949599999934435, 103473.67090000025928, 0.0 ], [ 89703.249499999918044, 103473.375399999320507, 0.0 ], [ 89703.549300000071526, 103473.079700000584126, 0.0 ], [ 89703.849000000394881, 103472.783999999985099, 0.0 ], [ 89704.148599999956787, 103472.488099999725819, 0.0 ], [ 89704.448099999688566, 103472.192199999466538, 0.0 ], [ 89704.747499999590218, 103471.896099999547005, 0.0 ], [ 89705.046699999831617, 103471.599999999627471, 0.0 ], [ 89705.345900000073016, 103471.303700000047684, 0.0 ], [ 89705.644999999552965, 103471.00730000063777, 0.0 ], [ 89705.943900000303984, 103470.710699999704957, 0.0 ], [ 89706.242700000293553, 103470.414100000634789, 0.0 ], [ 89706.541299999691546, 103470.117300000041723, 0.0 ], [ 89706.839900000020862, 103469.820299999788404, 0.0 ], [ 89707.138199999928474, 103469.523299999535084, 0.0 ], [ 89707.43640000000596, 103469.225999999791384, 0.0 ], [ 89707.73450000025332, 103468.928600000217557, 0.0 ], [ 89708.032399999909103, 103468.630999999120831, 0.0 ], [ 89708.330099999904633, 103468.333300000056624, 0.0 ], [ 89708.627600000239909, 103468.035399999469519, 0.0 ], [ 89708.924999999813735, 103467.737299999222159, 0.0 ], [ 89709.222199999727309, 103467.438999999314547, 0.0 ], [ 89709.519199999980628, 103467.140599999576807, 0.0 ], [ 89709.815999999642372, 103466.841900000348687, 0.0 ], [ 89710.112599999643862, 103466.543099999427795, 0.0 ], [ 89710.408999999985099, 103466.244000000879169, 0.0 ], [ 89710.705199999734759, 103465.944700000807643, 0.0 ], [ 89711.00109999999404, 103465.645199999213219, 0.0 ], [ 89711.296900000423193, 103465.345499999821186, 0.0 ], [ 89711.592400000430644, 103465.0456000007689, 0.0 ], [ 89711.887600000016391, 103464.745400000363588, 0.0 ], [ 89712.182699999772012, 103464.445000000298023, 0.0 ], [ 89712.477500000037253, 103464.144400000572205, 0.0 ], [ 89712.771999999880791, 103463.843499999493361, 0.0 ], [ 89713.066300000064075, 103463.542400000616908, 0.0 ], [ 89713.360299999825656, 103463.24100000038743, 0.0 ], [ 89713.654099999926984, 103462.939300000667572, 0.0 ], [ 89713.947499999776483, 103462.637399999424815, 0.0 ], [ 89714.240699999965727, 103462.335200000554323, 0.0 ], [ 89714.533699999563396, 103462.032800000160933, 0.0 ], [ 89714.826299999840558, 103461.730000000447035, 0.0 ], [ 89715.118599999696016, 103461.426999999210238, 0.0 ], [ 89715.410600000061095, 103461.123700000345707, 0.0 ], [ 89715.702399999834597, 103460.82010000012815, 0.0 ], [ 89715.993800000287592, 103460.516200000420213, 0.0 ], [ 89716.284900000318885, 103460.211899999529123, 0.0 ], [ 89716.575699999928474, 103459.907400000840425, 0.0 ], [ 89716.866100000217557, 103459.602600000798702, 0.0 ], [ 89717.156200000084937, 103459.297399999573827, 0.0 ], [ 89717.446000000461936, 103458.991900000721216, 0.0 ], [ 89717.735399999655783, 103458.68610000051558, 0.0 ], [ 89718.024500000290573, 103458.380000000819564, 0.0 ], [ 89718.31319999974221, 103458.073499999940395, 0.0 ], [ 89718.60149999987334, 103457.766699999570847, 0.0 ], [ 89718.889499999582767, 103457.459499999880791, 0.0 ], [ 89719.177099999971688, 103457.152000000700355, 0.0 ], [ 89719.464300000108778, 103456.844100000336766, 0.0 ], [ 89719.75109999999404, 103456.535800000652671, 0.0 ], [ 89720.03760000038892, 103456.22719999961555, 0.0 ], [ 89720.323599999770522, 103455.918299999088049, 0.0 ], [ 89720.609199999831617, 103455.608899999409914, 0.0 ], [ 89720.894399999640882, 103455.299200000241399, 0.0 ], [ 89721.17920000012964, 103454.989000000059605, 0.0 ], [ 89721.463600000366569, 103454.67850000038743, 0.0 ], [ 89721.747600000351667, 103454.367599999532104, 0.0 ], [ 89722.03110000025481, 103454.05629999935627, 0.0 ], [ 89722.314100000075996, 103453.744599999859929, 0.0 ], [ 89722.596800000406802, 103453.432499999180436, 0.0 ], [ 89722.878899999894202, 103453.119999999180436, 0.0 ], [ 89723.160600000061095, 103452.807099999859929, 0.0 ], [ 89723.441899999976158, 103452.493699999526143, 0.0 ], [ 89723.722599999979138, 103452.179999999701977, 0.0 ], [ 89724.002899999730289, 103451.865800000727177, 0.0 ], [ 89724.282700000330806, 103451.551100000739098, 0.0 ], [ 89724.561999999918044, 103451.236099999397993, 0.0 ], [ 89724.840900000184774, 103450.9206000007689, 0.0 ], [ 89725.119199999608099, 103450.604599999263883, 0.0 ], [ 89725.396999999880791, 103450.288200000301003, 0.0 ], [ 89725.674300000071526, 103449.971300000324845, 0.0 ], [ 89725.951000000350177, 103449.653999999165535, 0.0 ], [ 89726.227300000376999, 103449.336200000718236, 0.0 ], [ 89734.835099999792874, 103438.855900000780821, 0.0 ], [ 89742.861899999901652, 103427.924300000071526, 0.0 ], [ 89750.284099999815226, 103416.573400000110269, 0.0 ], [ 89757.079800000414252, 103404.836799999698997, 0.0 ], [ 89763.229100000113249, 103392.7489, 0.0 ], [ 89763.409500000067055, 103392.368400000035763, 0.0 ], [ 89763.589200000278652, 103391.987600000575185, 0.0 ], [ 89763.768299999646842, 103391.606499999761581, 0.0 ], [ 89763.946700000204146, 103391.225199999287724, 0.0 ], [ 89764.12459999974817, 103390.843499999493361, 0.0 ], [ 89764.301799999549985, 103390.461600000038743, 0.0 ], [ 89764.478400000371039, 103390.0793999992311, 0.0 ], [ 89764.654500000178814, 103389.696900000795722, 0.0 ], [ 89764.829900000244379, 103389.314099999144673, 0.0 ], [ 89765.004800000227988, 103388.931099999696016, 0.0 ], [ 89765.179100000299513, 103388.547800000756979, 0.0 ], [ 89765.352800000458956, 103388.164300000295043, 0.0 ], [ 89765.525899999774992, 103387.780500000342727, 0.0 ], [ 89765.698499999940395, 103387.39640000090003, 0.0 ], [ 89765.870600000023842, 103387.012099999934435, 0.0 ], [ 89766.042100000195205, 103386.627599999308586, 0.0 ], [ 89766.213000000454485, 103386.242799999192357, 0.0 ], [ 89766.383399999700487, 103385.857699999585748, 0.0 ], [ 89766.553299999795854, 103385.472500000149012, 0.0 ], [ 89766.722699999809265, 103385.08699999935925, 0.0 ], [ 89766.89159999974072, 103384.70130000077188, 0.0 ], [ 89767.059899999760091, 103384.315400000661612, 0.0 ], [ 89767.227800000458956, 103383.929199999198318, 0.0 ], [ 89767.395100000314415, 103383.542899999767542, 0.0 ], [ 89767.561999999918044, 103383.156300000846386, 0.0 ], [ 89767.728400000371039, 103382.769500000402331, 0.0 ], [ 89767.894299999810755, 103382.38260000012815, 0.0 ], [ 89768.059799999929965, 103381.995400000363588, 0.0 ], [ 89768.224799999967217, 103381.607999999076128, 0.0 ], [ 89768.389399999752641, 103381.2204, 0.0 ], [ 89768.553399999625981, 103380.832699999213219, 0.0 ], [ 89768.717100000008941, 103380.444700000807643, 0.0 ], [ 89768.880300000309944, 103380.056600000709295, 0.0 ], [ 89769.043100000359118, 103379.668299999088049, 0.0 ], [ 89769.205500000156462, 103379.279799999669194, 0.0 ], [ 89769.367499999701977, 103378.891200000420213, 0.0 ], [ 89769.529000000096858, 103378.502299999818206, 0.0 ], [ 89769.690200000070035, 103378.113299999386072, 0.0 ], [ 89769.850999999791384, 103377.724199999123812, 0.0 ], [ 89770.011300000362098, 103377.334899999201298, 0.0 ], [ 89770.171299999579787, 103376.94539999961853, 0.0 ], [ 89770.331000000238419, 103376.555800000205636, 0.0 ], [ 89770.490199999883771, 103376.165999999269843, 0.0 ], [ 89770.649100000038743, 103375.776100000366569, 0.0 ], [ 89770.807699999772012, 103375.386099999770522, 0.0 ], [ 89770.965900000184774, 103374.995899999514222, 0.0 ], [ 89771.123700000345707, 103374.605499999597669, 0.0 ], [ 89771.281299999915063, 103374.214999999850988, 0.0 ], [ 89771.438500000163913, 103373.824400000274181, 0.0 ], [ 89771.595399999991059, 103373.433700000867248, 0.0 ], [ 89771.751899999566376, 103373.042899999767542, 0.0 ], [ 89771.908200000412762, 103372.651900000870228, 0.0 ], [ 89772.064199999906123, 103372.260800000280142, 0.0 ], [ 89772.219899999909103, 103371.869599999859929, 0.0 ], [ 89772.375300000421703, 103371.478199999779463, 0.0 ], [ 89772.530399999581277, 103371.086799999698997, 0.0 ], [ 89772.685200000181794, 103370.695299999788404, 0.0 ], [ 89772.839800000190735, 103370.303600000217557, 0.0 ], [ 89772.994099999777973, 103369.91190000064671, 0.0 ], [ 89773.148199999704957, 103369.519999999552965, 0.0 ], [ 89773.302099999971688, 103369.128100000321865, 0.0 ], [ 89773.455699999816716, 103368.735999999567866, 0.0 ], [ 89773.609000000171363, 103368.343900000676513, 0.0 ], [ 89773.762199999764562, 103367.951700000092387, 0.0 ], [ 89773.91509999986738, 103367.559399999678135, 0.0 ], [ 89774.067800000309944, 103367.166999999433756, 0.0 ], [ 89774.220300000160933, 103366.774599999189377, 0.0 ], [ 89774.372700000181794, 103366.381999999284744, 0.0 ], [ 89774.524799999780953, 103365.989399999380112, 0.0 ], [ 89774.676799999549985, 103365.596799999475479, 0.0 ], [ 89774.828499999828637, 103365.203999999910593, 0.0 ], [ 89774.980200000107288, 103364.811200000345707, 0.0 ], [ 89775.131599999964237, 103364.418299999088049, 0.0 ], [ 89775.282899999991059, 103364.025399999693036, 0.0 ], [ 89775.434100000187755, 103363.632400000467896, 0.0 ], [ 89775.585099999792874, 103363.239399999380112, 0.0 ], [ 89775.735999999567866, 103362.846300000324845, 0.0 ], [ 89775.886699999682605, 103362.453199999406934, 0.0 ], [ 89776.037399999797344, 103362.060000000521541, 0.0 ], [ 89776.18790000025183, 103361.666799999773502, 0.0 ], [ 89776.338299999944866, 103361.273499999195337, 0.0 ], [ 89776.488699999637902, 103360.880200000479817, 0.0 ], [ 89776.638899999670684, 103360.486899999901652, 0.0 ], [ 89776.78899999987334, 103360.093499999493361, 0.0 ], [ 89776.939100000075996, 103359.700099999085069, 0.0 ], [ 89777.089100000448525, 103359.306700000539422, 0.0 ], [ 89777.239099999889731, 103358.913200000301003, 0.0 ], [ 89777.389000000432134, 103358.519700000062585, 0.0 ], [ 89777.538800000213087, 103358.126299999654293, 0.0 ], [ 89777.68859999999404, 103357.732799999415874, 0.0 ], [ 89777.838399999774992, 103357.339199999347329, 0.0 ], [ 89777.988099999725819, 103356.945699999108911, 0.0 ], [ 89778.137799999676645, 103356.552200000733137, 0.0 ], [ 89778.287499999627471, 103356.158600000664592, 0.0 ], [ 89778.437199999578297, 103355.765000000596046, 0.0 ], [ 89814.629700000397861, 103260.613199999555945, 0.0 ], [ 89814.816899999976158, 103260.121200000867248, 0.0 ], [ 89815.003999999724329, 103259.629300000146031, 0.0 ], [ 89815.191100000403821, 103259.137299999594688, 0.0 ], [ 89815.378299999982119, 103258.645400000736117, 0.0 ], [ 89815.565600000321865, 103258.153599999845028, 0.0 ], [ 89815.752899999730289, 103257.661699999123812, 0.0 ], [ 89815.940299999900162, 103257.169900000095367, 0.0 ], [ 89816.127799999900162, 103256.678099999204278, 0.0 ], [ 89816.315299999900162, 103256.186300000175834, 0.0 ], [ 89816.502999999560416, 103255.694599999114871, 0.0 ], [ 89816.690899999812245, 103255.20299999974668, 0.0 ], [ 89816.878800000064075, 103254.711400000378489, 0.0 ], [ 89817.066999999806285, 103254.219799999147654, 0.0 ], [ 89817.255300000309944, 103253.72829999960959, 0.0 ], [ 89817.443699999712408, 103253.236899999901652, 0.0 ], [ 89817.632399999536574, 103252.745600000023842, 0.0 ], [ 89817.821299999952316, 103252.254300000146031, 0.0 ], [ 89818.010400000028312, 103251.763199999928474, 0.0 ], [ 89818.199699999764562, 103251.272099999710917, 0.0 ], [ 89818.389299999922514, 103250.781099999323487, 0.0 ], [ 89818.57909999974072, 103250.290200000628829, 0.0 ], [ 89818.769199999980628, 103249.799399999901652, 0.0 ], [ 89818.959599999710917, 103249.308800000697374, 0.0 ], [ 89819.150299999862909, 103248.818199999630451, 0.0 ], [ 89819.341300000436604, 103248.327800000086427, 0.0 ], [ 89819.532700000330806, 103247.837500000372529, 0.0 ], [ 89819.724299999885261, 103247.347300000488758, 0.0 ], [ 89819.916299999691546, 103246.857300000265241, 0.0 ], [ 89820.10869999974966, 103246.36739999987185, 0.0 ], [ 89820.301500000059605, 103245.877599999308586, 0.0 ], [ 89820.494599999859929, 103245.388000000268221, 0.0 ], [ 89820.688099999912083, 103244.898600000888109, 0.0 ], [ 89820.882100000046194, 103244.409299999475479, 0.0 ], [ 89821.076500000432134, 103243.920199999585748, 0.0 ], [ 89821.271300000138581, 103243.43129999935627, 0.0 ], [ 89821.466500000096858, 103242.942500000819564, 0.0 ], [ 89821.662299999967217, 103242.453900000080466, 0.0 ], [ 89821.858500000089407, 103241.965600000694394, 0.0 ], [ 89822.055200000293553, 103241.477399999275804, 0.0 ], [ 89822.252399999648333, 103240.989399999380112, 0.0 ], [ 89822.450100000016391, 103240.501599999144673, 0.0 ], [ 89822.648299999535084, 103240.01410000026226, 0.0 ], [ 89822.847099999897182, 103239.526799999177456, 0.0 ], [ 89823.046400000341237, 103239.03969999961555, 0.0 ], [ 89823.246299999766052, 103238.552799999713898, 0.0 ], [ 89823.446800000034273, 103238.066099999472499, 0.0 ], [ 89823.647900000214577, 103237.579700000584126, 0.0 ], [ 89823.849600000306964, 103237.093599999323487, 0.0 ], [ 89824.051799999549985, 103236.607699999585748, 0.0 ], [ 89824.254700000397861, 103236.122099999338388, 0.0 ], [ 89824.458300000056624, 103235.636700000613928, 0.0 ], [ 89824.662499999627471, 103235.151599999517202, 0.0 ], [ 89824.86739999987185, 103234.666799999773502, 0.0 ], [ 89825.072900000028312, 103234.182299999520183, 0.0 ], [ 89825.279199999757111, 103233.698100000619888, 0.0 ], [ 89825.486100000329316, 103233.214199999347329, 0.0 ], [ 89825.693799999542534, 103232.730599999427795, 0.0 ], [ 89825.902200000360608, 103232.247300000861287, 0.0 ], [ 89826.111299999989569, 103231.764299999922514, 0.0 ], [ 89826.321100000292063, 103231.281600000336766, 0.0 ], [ 89826.53179999999702, 103230.799300000071526, 0.0 ], [ 89826.743200000375509, 103230.317299999296665, 0.0 ], [ 89826.955400000326335, 103229.835699999704957, 0.0 ], [ 89827.168399999849498, 103229.354399999603629, 0.0 ], [ 89827.38219999987632, 103228.873400000855327, 0.0 ], [ 89827.596900000236928, 103228.392899999395013, 0.0 ], [ 89827.812300000339746, 103227.912699999287724, 0.0 ], [ 89828.028699999675155, 103227.432900000363588, 0.0 ], [ 89828.245799999684095, 103226.953500000759959, 0.0 ], [ 89828.463899999856949, 103226.474500000476837, 0.0 ], [ 89828.682799999602139, 103225.995799999684095, 0.0 ], [ 89828.902700000442564, 103225.517599999904633, 0.0 ], [ 89829.123399999924004, 103225.039899999275804, 0.0 ], [ 89829.345099999569356, 103224.5625, 0.0 ], [ 89829.567699999548495, 103224.08559999987483, 0.0 ], [ 89829.791199999861419, 103223.609099999070168, 0.0 ], [ 89830.015700000338256, 103223.133099999278784, 0.0 ], [ 89830.241200000047684, 103222.657500000670552, 0.0 ], [ 89830.467600000090897, 103222.182399999350309, 0.0 ], [ 89830.695000000298023, 103221.707699999213219, 0.0 ], [ 89830.923499999567866, 103221.233599999919534, 0.0 ], [ 89831.152900000102818, 103220.759899999946356, 0.0 ], [ 89831.383399999700487, 103220.286699999123812, 0.0 ], [ 89831.614900000393391, 103219.814099999144673, 0.0 ], [ 89831.847400000318885, 103219.341900000348687, 0.0 ], [ 89832.081000000238419, 103218.870300000533462, 0.0 ], [ 89832.315700000151992, 103218.39919999986887, 0.0 ], [ 89832.551500000059605, 103217.928600000217557, 0.0 ], [ 89832.78830000013113, 103217.458599999547005, 0.0 ], [ 89833.026300000026822, 103216.989099999889731, 0.0 ], [ 89833.265300000086427, 103216.520300000905991, 0.0 ], [ 89833.505499999970198, 103216.051999999210238, 0.0 ], [ 89833.746899999678135, 103215.58420000039041, 0.0 ], [ 89833.989299999549985, 103215.11710000038147, 0.0 ], [ 89834.233000000007451, 103214.650499999523163, 0.0 ], [ 89840.52379999961704, 103203.483599999919534, 0.0 ], [ 89847.484199999831617, 103192.721400000154972, 0.0 ], [ 89855.088200000114739, 103182.403699999675155, 0.0 ], [ 89863.307400000281632, 103172.569199999794364, 0.0 ], [ 89872.111200000159442, 103163.254399999976158, 0.0 ], [ 89872.484699999913573, 103162.883600000292063, 0.0 ], [ 89872.85910000000149, 103162.513699999079108, 0.0 ], [ 89873.234400000423193, 103162.144700000062585, 0.0 ], [ 89873.610600000247359, 103161.776599999517202, 0.0 ], [ 89873.987700000405312, 103161.409499999135733, 0.0 ], [ 89874.365699999965727, 103161.043199999257922, 0.0 ], [ 89874.744500000029802, 103160.677799999713898, 0.0 ], [ 89875.124200000427663, 103160.313300000503659, 0.0 ], [ 89875.504700000397861, 103159.949699999764562, 0.0 ], [ 89875.885999999940395, 103159.586899999529123, 0.0 ], [ 89876.268199999816716, 103159.224999999627471, 0.0 ], [ 89876.651100000366569, 103158.864000000059605, 0.0 ], [ 89877.034799999557436, 103158.503699999302626, 0.0 ], [ 89877.419300000183284, 103158.144400000572205, 0.0 ], [ 89877.80460000038147, 103157.785800000652671, 0.0 ], [ 89878.190600000321865, 103157.427999999374151, 0.0 ], [ 89878.577399999834597, 103157.071100000292063, 0.0 ], [ 89878.964900000020862, 103156.714900000020862, 0.0 ], [ 89879.353199999779463, 103156.359600000083447, 0.0 ], [ 89879.74210000038147, 103156.005000000819564, 0.0 ], [ 89880.131799999624491, 103155.651200000196695, 0.0 ], [ 89880.522099999710917, 103155.298100000247359, 0.0 ], [ 89880.913099999539554, 103154.945800000801682, 0.0 ], [ 89881.304800000041723, 103154.5943, 0.0 ], [ 89881.697100000455976, 103154.24349999986589, 0.0 ], [ 89882.090099999681115, 103153.893400000408292, 0.0 ], [ 89882.48369999974966, 103153.543999999761581, 0.0 ], [ 89882.877999999560416, 103153.195299999788404, 0.0 ], [ 89883.272900000214577, 103152.847300000488758, 0.0 ], [ 89883.668300000019372, 103152.500099999830127, 0.0 ], [ 89884.064399999566376, 103152.153400000184774, 0.0 ], [ 89884.461099999956787, 103151.807499999180436, 0.0 ], [ 89884.858300000429153, 103151.462200000882149, 0.0 ], [ 89885.256099999882281, 103151.117599999532104, 0.0 ], [ 89885.654400000348687, 103150.773600000888109, 0.0 ], [ 89886.053299999795854, 103150.430299999192357, 0.0 ], [ 89886.4527000002563, 103150.087500000372529, 0.0 ], [ 89886.852699999697506, 103149.745400000363588, 0.0 ], [ 89887.253100000321865, 103149.403899999335408, 0.0 ], [ 89887.654099999926984, 103149.062899999320507, 0.0 ], [ 89888.05559999961406, 103148.722599999979138, 0.0 ], [ 89888.457499999552965, 103148.382799999788404, 0.0 ], [ 89888.859899999573827, 103148.043600000441074, 0.0 ], [ 89889.262799999676645, 103147.704900000244379, 0.0 ], [ 89889.666199999861419, 103147.366800000891089, 0.0 ], [ 89890.069899999536574, 103147.029200000688434, 0.0 ], [ 89890.474200000055134, 103146.692199999466538, 0.0 ], [ 89890.878800000064075, 103146.355599999427795, 0.0 ], [ 89891.283900000154972, 103146.019600000232458, 0.0 ], [ 89891.689299999736249, 103145.684000000357628, 0.0 ], [ 89892.095200000330806, 103145.348899999633431, 0.0 ], [ 89892.501500000245869, 103145.014299999922514, 0.0 ], [ 89892.908099999651313, 103144.68019999936223, 0.0 ], [ 89893.315100000239909, 103144.346499999985099, 0.0 ], [ 89893.722500000149012, 103144.013199999928474, 0.0 ], [ 89894.130199999548495, 103143.680400000885129, 0.0 ], [ 89894.53830000013113, 103143.347999999299645, 0.0 ], [ 89894.946700000204146, 103143.016000000759959, 0.0 ], [ 89895.355399999767542, 103142.684399999678135, 0.0 ], [ 89895.764399999752641, 103142.353199999779463, 0.0 ], [ 89896.173700000159442, 103142.022399999201298, 0.0 ], [ 89896.583399999886751, 103141.691899999976158, 0.0 ], [ 89896.993300000205636, 103141.361800000071526, 0.0 ], [ 89897.403500000014901, 103141.031999999657273, 0.0 ], [ 89897.814000000245869, 103140.702600000426173, 0.0 ], [ 89898.224700000137091, 103140.373500000685453, 0.0 ], [ 89898.635700000450015, 103140.044700000435114, 0.0 ], [ 89899.046900000423193, 103139.716199999675155, 0.0 ], [ 89899.458399999886751, 103139.388100000098348, 0.0 ], [ 89899.870099999941885, 103139.060100000351667, 0.0 ], [ 89900.281999999657273, 103138.732499999925494, 0.0 ], [ 89900.694099999964237, 103138.405099999159575, 0.0 ], [ 89901.106399999931455, 103138.07799999974668, 0.0 ], [ 89901.518899999558926, 103137.7511, 0.0 ], [ 89901.931599999777973, 103137.424499999731779, 0.0 ], [ 89902.344399999827147, 103137.097999999299645, 0.0 ], [ 89902.757399999536574, 103136.771800000220537, 0.0 ], [ 89903.170599999837577, 103136.445800000801682, 0.0 ], [ 89903.583899999968708, 103136.119899999350309, 0.0 ], [ 89903.997399999760091, 103135.794299999251962, 0.0 ], [ 89904.410899999551475, 103135.468699999153614, 0.0 ], [ 89904.824599999934435, 103135.143400000408292, 0.0 ], [ 89905.238499999977648, 103134.818199999630451, 0.0 ], [ 89905.652400000020862, 103134.493100000545382, 0.0 ], [ 89906.066399999894202, 103134.168099999427795, 0.0 ], [ 89906.480499999597669, 103133.843299999833107, 0.0 ], [ 89906.894700000062585, 103133.518500000238419, 0.0 ], [ 89907.308899999596179, 103133.193800000473857, 0.0 ], [ 89907.723199999891222, 103132.869200000539422, 0.0 ], [ 89908.137600000016391, 103132.544700000435114, 0.0 ], [ 89908.552000000141561, 103132.220200000330806, 0.0 ], [ 89908.966400000266731, 103131.895800000056624, 0.0 ], [ 89909.380800000391901, 103131.571399999782443, 0.0 ], [ 89909.795300000347197, 103131.246999999508262, 0.0 ], [ 89910.209800000302494, 103130.92259999923408, 0.0 ], [ 89934.25829999987036, 103112.103000000119209, 0.0 ], [ 89934.672799999825656, 103111.778599999845028, 0.0 ], [ 89935.087299999780953, 103111.454199999570847, 0.0 ], [ 89935.501799999736249, 103111.129799999296665, 0.0 ], [ 89935.916199999861419, 103110.805400000885129, 0.0 ], [ 89936.330599999986589, 103110.480900000780821, 0.0 ], [ 89936.745000000111759, 103110.156400000676513, 0.0 ], [ 89937.159300000406802, 103109.831900000572205, 0.0 ], [ 89937.573599999770522, 103109.507200000807643, 0.0 ], [ 89937.987800000235438, 103109.182499999180436, 0.0 ], [ 89938.401899999938905, 103108.857699999585748, 0.0 ], [ 89938.815899999812245, 103108.532800000160933, 0.0 ], [ 89939.229899999685585, 103108.207699999213219, 0.0 ], [ 89939.643799999728799, 103107.88260000012815, 0.0 ], [ 89940.057500000111759, 103107.557299999520183, 0.0 ], [ 89940.471199999563396, 103107.231899999082088, 0.0 ], [ 89940.884700000286102, 103106.906400000676513, 0.0 ], [ 89941.298200000077486, 103106.580600000917912, 0.0 ], [ 89941.711400000378489, 103106.254799999296665, 0.0 ], [ 89942.12459999974817, 103105.928700000047684, 0.0 ], [ 89942.53760000038892, 103105.602399999275804, 0.0 ], [ 89942.950400000438094, 103105.276000000536442, 0.0 ], [ 89943.363099999725819, 103104.949300000444055, 0.0 ], [ 89943.775600000284612, 103104.622400000691414, 0.0 ], [ 89944.18790000025183, 103104.295299999415874, 0.0 ], [ 89944.599999999627471, 103103.968000000342727, 0.0 ], [ 89945.012000000104308, 103103.640399999916553, 0.0 ], [ 89945.423700000159442, 103103.3125, 0.0 ], [ 89945.835199999623001, 103102.984400000423193, 0.0 ], [ 89946.246500000357628, 103102.655999999493361, 0.0 ], [ 89946.65749999973923, 103102.327299999073148, 0.0 ], [ 89947.068400000222027, 103101.998299999162555, 0.0 ], [ 89947.478900000452995, 103101.668999999761581, 0.0 ], [ 89947.889299999922514, 103101.339400000870228, 0.0 ], [ 89948.299300000071526, 103101.009500000625849, 0.0 ], [ 89948.709099999628961, 103100.679199999198318, 0.0 ], [ 89949.118599999696016, 103100.348600000143051, 0.0 ], [ 89949.527900000102818, 103100.017599999904633, 0.0 ], [ 89949.93680000025779, 103099.686300000175834, 0.0 ], [ 89950.345399999991059, 103099.354599999263883, 0.0 ], [ 89950.753700000233948, 103099.02250000089407, 0.0 ], [ 89951.161700000055134, 103098.689999999478459, 0.0 ], [ 89951.56940000038594, 103098.357100000604987, 0.0 ], [ 89951.976700000464916, 103098.023800000548363, 0.0 ], [ 89952.38370000012219, 103097.690099999308586, 0.0 ], [ 89952.790300000458956, 103097.355900000780821, 0.0 ], [ 89953.196600000374019, 103097.021299999207258, 0.0 ], [ 89953.602500000037253, 103096.686300000175834, 0.0 ], [ 89954.00800000037998, 103096.35080000013113, 0.0 ], [ 89954.413099999539554, 103096.014799999073148, 0.0 ], [ 89954.817900000140071, 103095.678300000727177, 0.0 ], [ 89955.222199999727309, 103095.341399999335408, 0.0 ], [ 89955.62609999999404, 103095.004000000655651, 0.0 ], [ 89956.029600000008941, 103094.665999999269843, 0.0 ], [ 89956.432699999772012, 103094.327600000426173, 0.0 ], [ 89956.83530000038445, 103093.988600000739098, 0.0 ], [ 89957.237399999983609, 103093.649100000038743, 0.0 ], [ 89957.63910000026226, 103093.309000000357628, 0.0 ], [ 89958.040400000289083, 103092.968399999663234, 0.0 ], [ 89958.441200000233948, 103092.627199999988079, 0.0 ], [ 89958.841400000266731, 103092.285499999299645, 0.0 ], [ 89959.241200000047684, 103091.943199999630451, 0.0 ], [ 89959.64049999974668, 103091.600299999117851, 0.0 ], [ 89960.039300000295043, 103091.256799999624491, 0.0 ], [ 89960.4375, 103090.912699999287724, 0.0 ], [ 89960.835199999623001, 103090.567999999970198, 0.0 ], [ 89961.232400000095367, 103090.222599999979138, 0.0 ], [ 89961.628999999724329, 103089.876700000837445, 0.0 ], [ 89962.025100000202656, 103089.530099999159575, 0.0 ], [ 89962.420599999837577, 103089.182800000533462, 0.0 ], [ 89962.815499999560416, 103088.834899999201298, 0.0 ], [ 89963.20990000013262, 103088.486300000920892, 0.0 ], [ 89963.603600000031292, 103088.137099999934435, 0.0 ], [ 89963.996700000017881, 103087.787100000306964, 0.0 ], [ 89964.389299999922514, 103087.436499999836087, 0.0 ], [ 89964.78110000025481, 103087.085200000554323, 0.0 ], [ 89965.172399999573827, 103086.733200000599027, 0.0 ], [ 89965.563000000081956, 103086.380400000140071, 0.0 ], [ 89965.95299999974668, 103086.026900000870228, 0.0 ], [ 89966.342299999669194, 103085.672700000926852, 0.0 ], [ 89966.730899999849498, 103085.317800000309944, 0.0 ], [ 89967.118800000287592, 103084.962099999189377, 0.0 ], [ 89967.506000000052154, 103084.605699999257922, 0.0 ], [ 89967.892599999904633, 103084.248400000855327, 0.0 ], [ 89968.278400000184774, 103083.89049999974668, 0.0 ], [ 89968.663499999791384, 103083.531700000166893, 0.0 ], [ 89969.047799999825656, 103083.172100000083447, 0.0 ], [ 89969.431400000117719, 103082.811799999326468, 0.0 ], [ 89969.814299999736249, 103082.450600000098348, 0.0 ], [ 89970.196399999782443, 103082.088700000196695, 0.0 ], [ 89970.5777000002563, 103081.725899999961257, 0.0 ], [ 89970.958200000226498, 103081.362299999222159, 0.0 ], [ 89971.338000000454485, 103080.997899999842048, 0.0 ], [ 89971.716900000348687, 103080.63260000012815, 0.0 ], [ 89972.09499999973923, 103080.266499999910593, 0.0 ], [ 89972.472299999557436, 103079.899399999529123, 0.0 ], [ 89980.778500000014901, 103071.370899999514222, 0.0 ], [ 89988.632299999706447, 103062.424100000411272, 0.0 ], [ 89996.012600000016391, 103053.082800000905991, 0.0 ], [ 89996.3277000002563, 103052.661100000143051, 0.0 ], [ 89996.641699999570847, 103052.238700000569224, 0.0 ], [ 89996.954800000414252, 103051.815700000151992, 0.0 ], [ 89997.266999999992549, 103051.3918999992311, 0.0 ], [ 89997.578200000338256, 103050.967499999329448, 0.0 ], [ 89997.888500000350177, 103050.542400000616908, 0.0 ], [ 89998.197900000028312, 103050.116599999368191, 0.0 ], [ 89998.506400000303984, 103049.690199999138713, 0.0 ], [ 89998.814000000245869, 103049.263100000098348, 0.0 ], [ 89999.120699999853969, 103048.835400000214577, 0.0 ], [ 89999.426599999889731, 103048.4070999994874, 0.0 ], [ 89999.731599999591708, 103047.978199999779463, 0.0 ], [ 90000.035699999891222, 103047.548599999397993, 0.0 ], [ 90000.338899999856949, 103047.118400000035763, 0.0 ], [ 90000.641400000080466, 103046.687699999660254, 0.0 ], [ 90000.942999999970198, 103046.256400000303984, 0.0 ], [ 90001.243700000457466, 103045.824500000104308, 0.0 ], [ 90001.543700000271201, 103045.392000000923872, 0.0 ], [ 90001.842899999581277, 103044.959000000730157, 0.0 ], [ 90002.141200000420213, 103044.525399999693036, 0.0 ], [ 90002.438799999654293, 103044.091299999505281, 0.0 ], [ 90002.735600000247359, 103043.656600000336766, 0.0 ], [ 90003.031700000166893, 103043.221499999985099, 0.0 ], [ 90003.326999999582767, 103042.785800000652671, 0.0 ], [ 90003.621500000357628, 103042.349600000306964, 0.0 ], [ 90003.915300000458956, 103041.91300000064075, 0.0 ], [ 90004.208399999886751, 103041.47580000013113, 0.0 ], [ 90004.500799999572337, 103041.038200000301003, 0.0 ], [ 90004.792399999685585, 103040.599999999627471, 0.0 ], [ 90005.083399999886751, 103040.161499999463558, 0.0 ], [ 90005.373700000345707, 103039.722400000318885, 0.0 ], [ 90005.663200000301003, 103039.282999999821186, 0.0 ], [ 90005.952200000174344, 103038.843000000342727, 0.0 ], [ 90006.240500000305474, 103038.402699999511242, 0.0 ], [ 90006.528099999763072, 103037.961899999529123, 0.0 ], [ 90006.815100000239909, 103037.520700000226498, 0.0 ], [ 90007.101400000043213, 103037.07909999974072, 0.0 ], [ 90007.387199999764562, 103036.637199999764562, 0.0 ], [ 90007.6722999997437, 103036.19480000063777, 0.0 ], [ 90007.956799999810755, 103035.752000000327826, 0.0 ], [ 90008.240799999795854, 103035.308900000527501, 0.0 ], [ 90008.52419999986887, 103034.865299999713898, 0.0 ], [ 90008.807000000029802, 103034.421499999240041, 0.0 ], [ 90009.089200000278652, 103033.97719999961555, 0.0 ], [ 90009.370900000445545, 103033.532700000330806, 0.0 ], [ 90009.652099999599159, 103033.087700000032783, 0.0 ], [ 90009.932799999602139, 103032.642500000074506, 0.0 ], [ 90010.212899999693036, 103032.196900000795722, 0.0 ], [ 90010.492499999701977, 103031.751000000163913, 0.0 ], [ 90010.77170000039041, 103031.304800000041723, 0.0 ], [ 90011.050300000235438, 103030.858300000429153, 0.0 ], [ 90011.328499999828637, 103030.411499999463558, 0.0 ], [ 90011.606200000271201, 103029.964500000700355, 0.0 ], [ 90011.883500000461936, 103029.517100000753999, 0.0 ], [ 90012.160299999639392, 103029.069499999284744, 0.0 ], [ 90012.436700000427663, 103028.621600000187755, 0.0 ], [ 90012.712600000202656, 103028.17339999973774, 0.0 ], [ 90012.988199999555945, 103027.724999999627471, 0.0 ], [ 90013.263299999758601, 103027.276300000026822, 0.0 ], [ 90013.538099999539554, 103026.82740000076592, 0.0 ], [ 90013.8125, 103026.378299999982119, 0.0 ], [ 90014.086500000208616, 103025.928899999707937, 0.0 ], [ 90014.36019999999553, 103025.479399999603629, 0.0 ], [ 90014.633500000461936, 103025.0296, 0.0 ], [ 90014.906499999575317, 103024.579600000753999, 0.0 ], [ 90015.179100000299513, 103024.129399999976158, 0.0 ], [ 90015.451500000432134, 103023.678999999538064, 0.0 ], [ 90015.723500000312924, 103023.228499999269843, 0.0 ], [ 90015.995199999772012, 103022.777699999511242, 0.0 ], [ 90016.266699999570847, 103022.326799999922514, 0.0 ], [ 90016.537899999879301, 103021.875800000503659, 0.0 ], [ 90016.808799999766052, 103021.424499999731779, 0.0 ], [ 90017.079499999992549, 103020.973200000822544, 0.0 ], [ 90017.349899999797344, 103020.521600000560284, 0.0 ], [ 90017.620199999772012, 103020.070000000298023, 0.0 ], [ 90017.890100000426173, 103019.618200000375509, 0.0 ], [ 90018.159900000318885, 103019.166300000622869, 0.0 ], [ 90018.42949999962002, 103018.714299999177456, 0.0 ], [ 90018.698900000192225, 103018.262099999934435, 0.0 ], [ 90018.96820000000298, 103017.809900000691414, 0.0 ], [ 90019.237200000323355, 103017.357499999925494, 0.0 ], [ 90019.506099999882281, 103016.905099999159575, 0.0 ], [ 90019.77489999961108, 103016.452600000426173, 0.0 ], [ 90020.043600000441074, 103016.0, 0.0 ], [ 90020.31209999974817, 103015.547399999573827, 0.0 ], [ 90020.580500000156462, 103015.0945999994874, 0.0 ], [ 90020.848799999803305, 103014.641799999400973, 0.0 ], [ 90021.11699999962002, 103014.188999999314547, 0.0 ], [ 90021.385200000368059, 103013.736099999397993, 0.0 ], [ 90021.653300000354648, 103013.28319999948144, 0.0 ], [ 90021.921299999579787, 103012.830299999564886, 0.0 ], [ 90022.189299999736249, 103012.377299999818206, 0.0 ], [ 90022.457299999892712, 103011.924300000071526, 0.0 ], [ 90022.725200000219047, 103011.471300000324845, 0.0 ], [ 90022.99309999961406, 103011.018200000748038, 0.0 ], [ 90161.28899999987334, 102777.178999999538064, 0.0 ], [ 90161.854600000195205, 102776.222599999979138, 0.0 ], [ 90162.420199999585748, 102775.26630000025034, 0.0 ], [ 90162.985799999907613, 102774.309900000691414, 0.0 ], [ 90163.551400000229478, 102773.353499999269843, 0.0 ], [ 90164.11699999962002, 102772.397099999710917, 0.0 ], [ 90164.682599999941885, 102771.440700000151992, 0.0 ], [ 90165.248100000433624, 102770.484300000593066, 0.0 ], [ 90165.81359999999404, 102769.527899999171495, 0.0 ], [ 90166.379200000315905, 102768.57149999961257, 0.0 ], [ 90166.94469999987632, 102767.615000000223517, 0.0 ], [ 90167.510099999606609, 102766.658600000664592, 0.0 ], [ 90168.075600000098348, 102765.702099999412894, 0.0 ], [ 90168.640999999828637, 102764.745600000023842, 0.0 ], [ 90169.206299999728799, 102763.789100000634789, 0.0 ], [ 90169.77170000039041, 102762.832599999383092, 0.0 ], [ 90170.337000000290573, 102761.876000000163913, 0.0 ], [ 90170.902200000360608, 102760.919399999082088, 0.0 ], [ 90171.467400000430644, 102759.962799999862909, 0.0 ], [ 90172.032599999569356, 102759.00620000064373, 0.0 ], [ 90172.597699999809265, 102758.049499999731779, 0.0 ], [ 90173.162800000049174, 102757.092800000682473, 0.0 ], [ 90173.727800000458956, 102756.136099999770522, 0.0 ], [ 90174.292700000107288, 102755.179300000891089, 0.0 ], [ 90174.857599999755621, 102754.222500000149012, 0.0 ], [ 90175.422399999573827, 102753.265699999406934, 0.0 ], [ 90175.987200000323355, 102752.308800000697374, 0.0 ], [ 90176.551900000311434, 102751.35190000012517, 0.0 ], [ 90196.493300000205636, 102717.455199999734759, 0.0 ], [ 90197.055399999953806, 102716.496700000017881, 0.0 ], [ 90197.617499999701977, 102715.538200000301003, 0.0 ], [ 90198.179399999789894, 102714.579700000584126, 0.0 ], [ 90198.741399999707937, 102713.621200000867248, 0.0 ], [ 90199.303199999965727, 102712.662599999457598, 0.0 ], [ 90199.865000000223517, 102711.703999999910593, 0.0 ], [ 90200.426699999719858, 102710.745300000533462, 0.0 ], [ 90200.988400000147521, 102709.786599999293685, 0.0 ], [ 90201.550099999643862, 102708.827899999916553, 0.0 ], [ 90202.111600000411272, 102707.869200000539422, 0.0 ], [ 90202.673200000077486, 102706.910399999469519, 0.0 ], [ 90203.234699999913573, 102705.95160000026226, 0.0 ], [ 90203.796099999919534, 102704.992799999192357, 0.0 ], [ 90204.357599999755621, 102704.033999999985099, 0.0 ], [ 90204.918999999761581, 102703.075099999085069, 0.0 ], [ 90205.480299999937415, 102702.11629999987781, 0.0 ], [ 90206.041699999943376, 102701.157400000840425, 0.0 ], [ 90206.603000000119209, 102700.198499999940395, 0.0 ], [ 90207.164200000464916, 102699.23960000090301, 0.0 ], [ 90207.725499999709427, 102698.280600000172853, 0.0 ], [ 90208.286700000055134, 102697.321699999272823, 0.0 ], [ 90208.848000000230968, 102696.362700000405312, 0.0 ], [ 90209.409199999645352, 102695.403799999505281, 0.0 ], [ 90209.970399999991059, 102694.44480000063777, 0.0 ], [ 90210.531600000336766, 102693.485799999907613, 0.0 ], [ 90211.092799999751151, 102692.526900000870228, 0.0 ], [ 90211.654000000096858, 102691.567800000309944, 0.0 ], [ 90468.444799999706447, 102252.753699999302626, 0.0 ], [ 90468.65749999973923, 102252.390300000086427, 0.0 ], [ 90468.870199999772012, 102252.026900000870228, 0.0 ], [ 90469.082899999804795, 102251.663499999791384, 0.0 ], [ 90469.295599999837577, 102251.300100000575185, 0.0 ], [ 90469.50829999987036, 102250.936799999326468, 0.0 ], [ 90469.721099999733269, 102250.573499999940395, 0.0 ], [ 90469.933899999596179, 102250.210100000724196, 0.0 ], [ 90470.146800000220537, 102249.846899999305606, 0.0 ], [ 90470.3597999997437, 102249.483599999919534, 0.0 ], [ 90470.572800000198185, 102249.120500000193715, 0.0 ], [ 90470.785899999551475, 102248.75730000063777, 0.0 ], [ 90470.999099999666214, 102248.394200000911951, 0.0 ], [ 90471.212299999780953, 102248.031199999153614, 0.0 ], [ 90471.425699999555945, 102247.668199999257922, 0.0 ], [ 90471.639200000092387, 102247.305299999192357, 0.0 ], [ 90471.852900000289083, 102246.942500000819564, 0.0 ], [ 90472.066599999554455, 102246.579700000584126, 0.0 ], [ 90472.280500000342727, 102246.217000000178814, 0.0 ], [ 90472.494500000029802, 102245.854399999603629, 0.0 ], [ 90472.708700000308454, 102245.491900000721216, 0.0 ], [ 90472.923000000417233, 102245.129499999806285, 0.0 ], [ 90473.137500000186265, 102244.767200000584126, 0.0 ], [ 90473.35219999961555, 102244.404999999329448, 0.0 ], [ 90473.566999999806285, 102244.042899999767542, 0.0 ], [ 90473.782100000418723, 102243.680900000035763, 0.0 ], [ 90473.997299999929965, 102243.31900000013411, 0.0 ], [ 90474.212799999862909, 102242.957200000062585, 0.0 ], [ 90474.42850000038743, 102242.595599999651313, 0.0 ], [ 90474.644399999640882, 102242.234099999070168, 0.0 ], [ 90474.860500000417233, 102241.872800000011921, 0.0 ], [ 90475.076799999922514, 102241.511600000783801, 0.0 ], [ 90475.293399999849498, 102241.150499999523163, 0.0 ], [ 90475.510300000198185, 102240.789599999785423, 0.0 ], [ 90475.727400000207126, 102240.42879999987781, 0.0 ], [ 90475.944799999706447, 102240.068199999630451, 0.0 ], [ 90476.162499999627471, 102239.707800000905991, 0.0 ], [ 90476.380400000140071, 102239.347599999979138, 0.0 ], [ 90476.598699999973178, 102238.987500000745058, 0.0 ], [ 90476.817200000397861, 102238.627599999308586, 0.0 ], [ 90477.036000000312924, 102238.267899999395013, 0.0 ], [ 90477.255199999548495, 102237.908399999141693, 0.0 ], [ 90477.474700000137091, 102237.549000000581145, 0.0 ], [ 90477.694500000216067, 102237.189899999648333, 0.0 ], [ 90477.91469999961555, 102236.831000000238419, 0.0 ], [ 90478.135200000368059, 102236.472300000488758, 0.0 ], [ 90478.355999999679625, 102236.113900000229478, 0.0 ], [ 90478.57730000000447, 102235.755599999800324, 0.0 ], [ 90478.798899999819696, 102235.397600000724196, 0.0 ], [ 90479.020800000056624, 102235.039799999445677, 0.0 ], [ 90479.243200000375509, 102234.682199999690056, 0.0 ], [ 90479.465900000184774, 102234.324899999424815, 0.0 ], [ 90479.689100000075996, 102233.9679000005126, 0.0 ], [ 90479.91260000038892, 102233.611099999397993, 0.0 ], [ 90480.136599999852479, 102233.254499999806285, 0.0 ], [ 90480.360999999567866, 102232.898199999704957, 0.0 ], [ 90480.585799999535084, 102232.542199999094009, 0.0 ], [ 90480.811099999584258, 102232.186499999836087, 0.0 ], [ 90481.036799999885261, 102231.831100000068545, 0.0 ], [ 90481.262900000438094, 102231.475899999961257, 0.0 ], [ 90481.489500000141561, 102231.120999999344349, 0.0 ], [ 90481.716599999926984, 102230.766499999910593, 0.0 ], [ 90481.944199999794364, 102230.412200000137091, 0.0 ], [ 90482.172199999913573, 102230.058199999853969, 0.0 ], [ 90482.400700000114739, 102229.704600000753999, 0.0 ], [ 90482.629700000397861, 102229.351299999281764, 0.0 ], [ 90482.859299999661744, 102228.998299999162555, 0.0 ], [ 90483.089300000108778, 102228.645600000396371, 0.0 ], [ 90483.319899999536574, 102228.293299999088049, 0.0 ], [ 90483.550900000147521, 102227.941299999132752, 0.0 ], [ 90483.782599999569356, 102227.589700000360608, 0.0 ], [ 90484.014700000174344, 102227.238500000908971, 0.0 ], [ 90484.247399999760091, 102226.887599999085069, 0.0 ], [ 90484.480700000189245, 102226.537000000476837, 0.0 ], [ 90484.714499999769032, 102226.186799999326468, 0.0 ], [ 90484.948900000192225, 102225.837099999189377, 0.0 ], [ 90485.183799999766052, 102225.487700000405312, 0.0 ], [ 90485.419400000013411, 102225.138699999079108, 0.0 ], [ 90485.655500000342727, 102224.790100000798702, 0.0 ], [ 90485.892199999652803, 102224.441899999976158, 0.0 ], [ 90486.129599999636412, 102224.094100000336766, 0.0 ], [ 90486.367499999701977, 102223.746700000017881, 0.0 ], [ 90486.606100000441074, 102223.399700000882149, 0.0 ], [ 90486.845300000160933, 102223.05320000089705, 0.0 ], [ 90487.085099999792874, 102222.707100000232458, 0.0 ], [ 90487.325500000268221, 102222.361500000581145, 0.0 ], [ 90487.566599999554455, 102222.01630000025034, 0.0 ], [ 90487.808400000445545, 102221.671599999070168, 0.0 ], [ 90488.050800000317395, 102221.327299999073148, 0.0 ], [ 90488.293800000101328, 102220.983500000089407, 0.0 ], [ 90488.53760000038892, 102220.6402000002563, 0.0 ], [ 90488.781999999657273, 102220.2972999997437, 0.0 ], [ 90489.027099999599159, 102219.955000000074506, 0.0 ], [ 90489.272900000214577, 102219.613099999725819, 0.0 ], [ 90489.519399999640882, 102219.27170000039041, 0.0 ], [ 90489.76659999974072, 102218.930800000205636, 0.0 ], [ 90497.162899999879301, 102209.369799999520183, 0.0 ], [ 90505.117999999783933, 102200.268400000408292, 0.0 ], [ 90513.60329999960959, 102191.659299999475479, 0.0 ], [ 90522.588600000366569, 102183.573200000450015, 0.0 ], [ 90532.041500000283122, 102176.039300000295043, 0.0 ], [ 90541.928199999965727, 102169.084400000050664, 0.0 ], [ 90552.213399999774992, 102162.73340000025928, 0.0 ], [ 90562.860100000165403, 102157.009199999272823, 0.0 ], [ 90573.830099999904633, 102151.932299999520183, 0.0 ], [ 90585.084300000220537, 102147.520700000226498, 0.0 ], [ 90596.582299999892712, 102143.790400000289083, 0.0 ], [ 90608.282800000160933, 102140.754699999466538, 0.0 ], [ 90620.144100000150502, 102138.424499999731779, 0.0 ], [ 90632.123399999924004, 102136.808100000023842, 0.0 ], [ 90644.178100000135601, 102135.911299999803305, 0.0 ], [ 90656.26480000000447, 102135.737299999222159, 0.0 ], [ 90668.340200000442564, 102136.286800000816584, 0.0 ], [ 90668.760099999606609, 102136.318900000303984, 0.0 ], [ 90669.179800000041723, 102136.351999999955297, 0.0 ], [ 90669.599499999545515, 102136.385800000280142, 0.0 ], [ 90670.019100000150502, 102136.4206000007689, 0.0 ], [ 90670.438699999824166, 102136.456100000068545, 0.0 ], [ 90670.858099999837577, 102136.492499999701977, 0.0 ], [ 90671.277599999681115, 102136.529699999839067, 0.0 ], [ 90671.696899999864399, 102136.567800000309944, 0.0 ], [ 90672.116100000217557, 102136.606599999591708, 0.0 ], [ 90672.535299999639392, 102136.646199999377131, 0.0 ], [ 90672.954400000162423, 102136.686599999666214, 0.0 ], [ 90673.373499999754131, 102136.727800000458956, 0.0 ], [ 90673.792399999685585, 102136.769700000062585, 0.0 ], [ 90674.21129999961704, 102136.812400000169873, 0.0 ], [ 90674.630099999718368, 102136.855799999088049, 0.0 ], [ 90675.048799999989569, 102136.900000000372529, 0.0 ], [ 90675.46750000026077, 102136.944900000467896, 0.0 ], [ 90675.886099999770522, 102136.990499999374151, 0.0 ], [ 90676.30460000038147, 102137.036800000816584, 0.0 ], [ 90676.723000000230968, 102137.083799999207258, 0.0 ], [ 90677.14130000025034, 102137.13150000013411, 0.0 ], [ 90677.559600000269711, 102137.17989999987185, 0.0 ], [ 90677.977800000458956, 102137.228900000452995, 0.0 ], [ 90678.395899999886751, 102137.278599999845028, 0.0 ], [ 90678.813900000415742, 102137.328999999910593, 0.0 ], [ 90679.231900000013411, 102137.380000000819564, 0.0 ], [ 90679.649699999950826, 102137.431600000709295, 0.0 ], [ 90680.067499999888241, 102137.483899999409914, 0.0 ], [ 90680.48519999999553, 102137.536800000816584, 0.0 ], [ 90680.902900000102818, 102137.590299999341369, 0.0 ], [ 90681.32050000037998, 102137.644300000742078, 0.0 ], [ 90681.737900000065565, 102137.698999999091029, 0.0 ], [ 90682.155399999581277, 102137.754200000315905, 0.0 ], [ 90682.572700000368059, 102137.810000000521541, 0.0 ], [ 90682.990000000223517, 102137.866399999707937, 0.0 ], [ 90683.407100000418723, 102137.923299999907613, 0.0 ], [ 90683.824300000444055, 102137.980799999088049, 0.0 ], [ 90684.24129999987781, 102138.038799999281764, 0.0 ], [ 90684.658300000242889, 102138.097300000488758, 0.0 ], [ 90685.075199999846518, 102138.156300000846386, 0.0 ], [ 90685.49199999962002, 102138.215800000354648, 0.0 ], [ 90685.908699999563396, 102138.275800000876188, 0.0 ], [ 90686.325400000438094, 102138.336300000548363, 0.0 ], [ 90686.74199999962002, 102138.397299999371171, 0.0 ], [ 90687.158599999733269, 102138.458799999207258, 0.0 ], [ 90687.575000000186265, 102138.520700000226498, 0.0 ], [ 90687.991499999538064, 102138.583000000566244, 0.0 ], [ 90688.407800000160933, 102138.645800000056624, 0.0 ], [ 90688.824099999852479, 102138.709000000730157, 0.0 ], [ 90689.240299999713898, 102138.772700000554323, 0.0 ], [ 90689.65639999974519, 102138.83669999986887, 0.0 ], [ 90690.072499999776483, 102138.901200000196695, 0.0 ], [ 90690.488599999807775, 102138.966000000014901, 0.0 ], [ 90690.904500000178814, 102139.031199999153614, 0.0 ], [ 90691.32039999961853, 102139.096799999475479, 0.0 ], [ 90691.736299999989569, 102139.162799999117851, 0.0 ], [ 90692.152099999599159, 102139.229100000113249, 0.0 ], [ 90692.567800000309944, 102139.295800000429153, 0.0 ], [ 90692.983500000089407, 102139.362800000235438, 0.0 ], [ 90693.399100000038743, 102139.430099999532104, 0.0 ], [ 90693.814699999988079, 102139.497800000011921, 0.0 ], [ 90694.230299999937415, 102139.565700000151992, 0.0 ], [ 90694.645700000226498, 102139.63399999961257, 0.0 ], [ 90695.061200000345707, 102139.702600000426173, 0.0 ], [ 90695.476599999703467, 102139.77140000090003, 0.0 ], [ 90695.891900000162423, 102139.840500000864267, 0.0 ], [ 90696.307199999690056, 102139.909900000318885, 0.0 ], [ 90696.722400000318885, 102139.979499999433756, 0.0 ], [ 90697.137699999846518, 102140.049399999901652, 0.0 ], [ 90697.552799999713898, 102140.119500000029802, 0.0 ], [ 90697.968000000342727, 102140.189899999648333, 0.0 ], [ 90698.383100000210106, 102140.26039999909699, 0.0 ], [ 90698.798100000247359, 102140.331199999898672, 0.0 ], [ 90699.213200000114739, 102140.402200000360608, 0.0 ], [ 90699.628100000321865, 102140.473300000652671, 0.0 ], [ 90700.043100000359118, 102140.544700000435114, 0.0 ], [ 90700.457999999634922, 102140.616200000047684, 0.0 ], [ 90700.872899999842048, 102140.687899999320507, 0.0 ], [ 90701.287800000049174, 102140.759700000286102, 0.0 ], [ 90701.7027000002563, 102140.831700000911951, 0.0 ], [ 90702.117499999701977, 102140.903799999505281, 0.0 ], [ 90702.532300000078976, 102140.975999999791384, 0.0 ], [ 90702.947100000455976, 102141.04839999973774, 0.0 ], [ 90703.361899999901652, 102141.120899999514222, 0.0 ], [ 90703.776600000448525, 102141.193499999120831, 0.0 ], [ 90704.191399999894202, 102141.266100000590086, 0.0 ], [ 90704.606100000441074, 102141.338899999856949, 0.0 ], [ 90705.020800000056624, 102141.411699999123812, 0.0 ], [ 90705.435499999672174, 102141.484600000083447, 0.0 ], [ 90705.850200000219047, 102141.557499999180436, 0.0 ], [ 90706.26480000000447, 102141.630499999970198, 0.0 ], [ 90706.67949999962002, 102141.703500000759959, 0.0 ], [ 90707.094200000166893, 102141.776599999517202, 0.0 ], [ 90707.508799999952316, 102141.849600000306964, 0.0 ], [ 90707.923600000329316, 102141.922700000926852, 0.0 ], [ 92012.514700000174344, 102371.831299999728799, 0.0 ], [ 92013.033099999651313, 102371.922700000926852, 0.0 ], [ 92013.551500000059605, 102372.014000000432134, 0.0 ], [ 92014.069799999706447, 102372.105399999767542, 0.0 ], [ 92014.588100000284612, 102372.196699999272823, 0.0 ], [ 92015.106399999931455, 102372.288100000470877, 0.0 ], [ 92015.624699999578297, 102372.379499999806285, 0.0 ], [ 92016.143099999986589, 102372.470899999141693, 0.0 ], [ 92016.661399999633431, 102372.562300000339746, 0.0 ], [ 92017.179700000211596, 102372.653799999505281, 0.0 ], [ 92017.697999999858439, 102372.745200000703335, 0.0 ], [ 92018.216300000436604, 102372.836799999698997, 0.0 ], [ 92018.734600000083447, 102372.928300000727177, 0.0 ], [ 92019.252899999730289, 102373.019899999722838, 0.0 ], [ 92019.771099999547005, 102373.111500000581145, 0.0 ], [ 92020.28940000012517, 102373.203099999576807, 0.0 ], [ 92020.807699999772012, 102373.294800000265241, 0.0 ], [ 92021.325899999588728, 102373.386499999091029, 0.0 ], [ 92021.844200000166893, 102373.47829999960959, 0.0 ], [ 92022.362399999983609, 102373.570199999958277, 0.0 ], [ 92022.880699999630451, 102373.662000000476837, 0.0 ], [ 92023.398900000378489, 102373.754000000655651, 0.0 ], [ 92023.917100000195205, 102373.846000000834465, 0.0 ], [ 92024.435300000011921, 102373.938100000843406, 0.0 ], [ 92024.953499999828637, 102374.030200000852346, 0.0 ], [ 92025.471699999645352, 102374.122400000691414, 0.0 ], [ 92025.989799999631941, 102374.214700000360608, 0.0 ], [ 92026.50800000037998, 102374.307099999859929, 0.0 ], [ 92027.026100000366569, 102374.39949999935925, 0.0 ], [ 92027.544200000353158, 102374.492000000551343, 0.0 ], [ 92028.062300000339746, 102374.584599999710917, 0.0 ], [ 92028.580400000326335, 102374.677300000563264, 0.0 ], [ 92029.098500000312924, 102374.769999999552965, 0.0 ], [ 92029.616600000299513, 102374.862900000065565, 0.0 ], [ 92030.134600000455976, 102374.955900000408292, 0.0 ], [ 92030.652599999681115, 102375.048900000751019, 0.0 ], [ 92031.170599999837577, 102375.142100000753999, 0.0 ], [ 92031.68859999999404, 102375.235300000756979, 0.0 ], [ 92032.206600000150502, 102375.328700000420213, 0.0 ], [ 92032.724499999545515, 102375.422199999913573, 0.0 ], [ 92033.242499999701977, 102375.515699999406934, 0.0 ], [ 92033.760400000028312, 102375.609400000423193, 0.0 ], [ 92034.278199999593198, 102375.703299999237061, 0.0 ], [ 92034.796099999919534, 102375.797199999913573, 0.0 ], [ 92035.314000000245869, 102375.89130000025034, 0.0 ], [ 92035.831799999810755, 102375.985400000587106, 0.0 ], [ 92036.349600000306964, 102376.079800000414252, 0.0 ], [ 92036.867300000041723, 102376.174200000241399, 0.0 ], [ 92037.385099999606609, 102376.268799999728799, 0.0 ], [ 92037.902800000272691, 102376.363500000908971, 0.0 ], [ 92038.420500000007451, 102376.458399999886751, 0.0 ], [ 92038.93819999974221, 102376.553400000557303, 0.0 ], [ 92039.455799999646842, 102376.648499999195337, 0.0 ], [ 92039.973399999551475, 102376.74379999935627, 0.0 ], [ 92040.49100000038743, 102376.839299999177456, 0.0 ], [ 92041.008600000292063, 102376.934900000691414, 0.0 ], [ 92041.526100000366569, 102377.0307, 0.0 ], [ 92042.043600000441074, 102377.126599999144673, 0.0 ], [ 92042.561099999584258, 102377.222699999809265, 0.0 ], [ 92043.078499999828637, 102377.318900000303984, 0.0 ], [ 92043.595900000073016, 102377.415300000458956, 0.0 ], [ 92044.113300000317395, 102377.511900000274181, 0.0 ], [ 92044.630599999800324, 102377.60869999974966, 0.0 ], [ 92045.147900000214577, 102377.705700000748038, 0.0 ], [ 92045.665199999697506, 102377.802799999713898, 0.0 ], [ 92046.182500000111759, 102377.900100000202656, 0.0 ], [ 92046.699699999764562, 102377.997600000351667, 0.0 ], [ 92047.216799999587238, 102378.095300000160933, 0.0 ], [ 92047.734000000171363, 102378.193199999630451, 0.0 ], [ 92048.25109999999404, 102378.291200000792742, 0.0 ], [ 92048.768099999986589, 102378.389499999582767, 0.0 ], [ 92049.285099999979138, 102378.487999999895692, 0.0 ], [ 92049.802099999971688, 102378.58669999986887, 0.0 ], [ 92050.319099999964237, 102378.685499999672174, 0.0 ], [ 92050.83600000012666, 102378.784600000828505, 0.0 ], [ 92051.352800000458956, 102378.883899999782443, 0.0 ], [ 92051.869599999859929, 102378.983500000089407, 0.0 ], [ 92052.386400000192225, 102379.083200000226498, 0.0 ], [ 92052.903199999593198, 102379.183100000023842, 0.0 ], [ 92053.419900000095367, 102379.283299999311566, 0.0 ], [ 92053.936499999836087, 102379.38370000012219, 0.0 ], [ 92054.453099999576807, 102379.484400000423193, 0.0 ], [ 92054.969700000248849, 102379.585200000554323, 0.0 ], [ 92055.486200000159442, 102379.686300000175834, 0.0 ], [ 92056.002600000239909, 102379.787699999287724, 0.0 ], [ 92056.519100000150502, 102379.889200000092387, 0.0 ], [ 92057.035400000400841, 102379.991100000217557, 0.0 ], [ 92057.551799999549985, 102380.093100000172853, 0.0 ], [ 92058.067999999970198, 102380.195499999448657, 0.0 ], [ 92058.584300000220537, 102380.298000000417233, 0.0 ], [ 92059.100399999879301, 102380.400800000876188, 0.0 ], [ 92059.616600000299513, 102380.503900000825524, 0.0 ], [ 92060.13260000012815, 102380.607300000265241, 0.0 ], [ 92060.648599999956787, 102380.710899999365211, 0.0 ], [ 92061.164599999785423, 102380.814699999988079, 0.0 ], [ 92061.68059999961406, 102380.918899999931455, 0.0 ], [ 92082.444199999794364, 102385.34569999948144, 0.0 ], [ 92103.109199999831617, 102390.212300000712276, 0.0 ], [ 92103.620199999772012, 102390.338500000536442, 0.0 ], [ 92104.131099999882281, 102390.464999999850988, 0.0 ], [ 92104.641900000162423, 102390.591700000688434, 0.0 ], [ 92105.152700000442564, 102390.718699999153614, 0.0 ], [ 92105.663399999961257, 102390.846000000834465, 0.0 ], [ 92106.173999999649823, 102390.973500000312924, 0.0 ], [ 92106.684600000269711, 102391.101299999281764, 0.0 ], [ 92107.19510000012815, 102391.229299999773502, 0.0 ], [ 92107.705500000156462, 102391.357499999925494, 0.0 ], [ 92108.215900000184774, 102391.485999999567866, 0.0 ], [ 92108.72620000038296, 102391.614800000563264, 0.0 ], [ 92109.236499999649823, 102391.74379999935627, 0.0 ], [ 92109.746700000017881, 102391.872999999672174, 0.0 ], [ 92110.25690000038594, 102392.002399999648333, 0.0 ], [ 92110.766999999992549, 102392.132099999114871, 0.0 ], [ 92111.276999999769032, 102392.262000000104308, 0.0 ], [ 92111.786999999545515, 102392.392100000753999, 0.0 ], [ 92112.296900000423193, 102392.52250000089407, 0.0 ], [ 92112.806699999608099, 102392.653000000864267, 0.0 ], [ 92113.316499999724329, 102392.783800000324845, 0.0 ], [ 92113.826299999840558, 102392.914799999445677, 0.0 ], [ 92114.33600000012666, 102393.046000000089407, 0.0 ], [ 92114.845599999651313, 102393.177400000393391, 0.0 ], [ 92115.355200000107288, 102393.309000000357628, 0.0 ], [ 92115.864799999631941, 102393.440799999982119, 0.0 ], [ 92116.37430000025779, 102393.572799999266863, 0.0 ], [ 92116.88370000012219, 102393.705000000074506, 0.0 ], [ 92117.393099999986589, 102393.837400000542402, 0.0 ], [ 92117.902499999850988, 102393.970000000670552, 0.0 ], [ 92118.411700000055134, 102394.102800000458956, 0.0 ], [ 92118.921000000089407, 102394.235700000077486, 0.0 ], [ 92119.430200000293553, 102394.368899999186397, 0.0 ], [ 92119.939299999736249, 102394.502199999988079, 0.0 ], [ 92120.448400000110269, 102394.635700000450015, 0.0 ], [ 92120.957499999552965, 102394.769300000742078, 0.0 ], [ 92121.466500000096858, 102394.903200000524521, 0.0 ], [ 92121.975499999709427, 102395.037100000306964, 0.0 ], [ 92122.484400000423193, 102395.171299999579787, 0.0 ], [ 92122.993300000205636, 102395.305600000545382, 0.0 ], [ 92123.502199999988079, 102395.440099999308586, 0.0 ], [ 92124.010999999940395, 102395.574699999764562, 0.0 ], [ 92124.519700000062585, 102395.709499999880791, 0.0 ], [ 92125.028500000014901, 102395.844399999827147, 0.0 ], [ 92125.537100000306964, 102395.979499999433756, 0.0 ], [ 92126.045800000429153, 102396.114700000733137, 0.0 ], [ 92126.554399999789894, 102396.250099999830127, 0.0 ], [ 92127.063000000081956, 102396.385600000619888, 0.0 ], [ 92127.57149999961257, 102396.521199999377131, 0.0 ], [ 92128.080000000074506, 102396.656999999657273, 0.0 ], [ 92128.588499999605119, 102396.792899999767542, 0.0 ], [ 92129.096900000236928, 102396.928899999707937, 0.0 ], [ 92129.605299999937415, 102397.065099999308586, 0.0 ], [ 92130.113699999637902, 102397.20130000077188, 0.0 ], [ 92130.622000000439584, 102397.337700000032783, 0.0 ], [ 92131.130300000309944, 102397.474199999123812, 0.0 ], [ 92131.638600000180304, 102397.61089999973774, 0.0 ], [ 92132.146800000220537, 102397.747600000351667, 0.0 ], [ 92132.655100000090897, 102397.884400000795722, 0.0 ], [ 92133.163200000301003, 102398.021299999207258, 0.0 ], [ 92133.671400000341237, 102398.158399999141693, 0.0 ], [ 92134.17949999962002, 102398.295499999076128, 0.0 ], [ 92134.687599999830127, 102398.432800000533462, 0.0 ], [ 92135.195700000040233, 102398.57010000012815, 0.0 ], [ 92135.70380000025034, 102398.707499999552965, 0.0 ], [ 92136.211799999698997, 102398.845000000670552, 0.0 ], [ 92136.719800000078976, 102398.982599999755621, 0.0 ], [ 92137.227800000458956, 102399.120300000533462, 0.0 ], [ 92137.735799999907613, 102399.257999999448657, 0.0 ], [ 92138.243700000457466, 102399.395800000056624, 0.0 ], [ 92138.751699999906123, 102399.533700000494719, 0.0 ], [ 92139.259600000455976, 102399.671700000762939, 0.0 ], [ 92139.767500000074506, 102399.809699999168515, 0.0 ], [ 92140.275299999862909, 102399.947799999266863, 0.0 ], [ 92140.783200000412762, 102400.085999999195337, 0.0 ], [ 92141.291000000201166, 102400.224199999123812, 0.0 ], [ 92141.798899999819696, 102400.362500000745058, 0.0 ], [ 92142.306699999608099, 102400.500800000503659, 0.0 ], [ 92142.814500000327826, 102400.639200000092387, 0.0 ], [ 92143.322300000116229, 102400.777599999681115, 0.0 ], [ 92143.830000000074506, 102400.91609999909997, 0.0 ], [ 92144.337799999862909, 102401.05460000038147, 0.0 ], [ 92144.845499999821186, 102401.193199999630451, 0.0 ], [ 92145.35329999960959, 102401.331800000742078, 0.0 ], [ 92145.860999999567866, 102401.4704, 0.0 ], [ 92146.368700000457466, 102401.608999999240041, 0.0 ], [ 92146.876500000245869, 102401.747700000181794, 0.0 ], [ 92147.384200000204146, 102401.886399999260902, 0.0 ], [ 92147.891900000162423, 102402.025200000032783, 0.0 ], [ 92148.399600000120699, 102402.163899999111891, 0.0 ], [ 92148.907200000248849, 102402.302699999883771, 0.0 ], [ 92149.414900000207126, 102402.441500000655651, 0.0 ], [ 92149.922600000165403, 102402.580299999564886, 0.0 ], [ 92150.43030000012368, 102402.719100000336766, 0.0 ], [ 92150.938000000081956, 102402.857899999246001, 0.0 ], [ 92151.445700000040233, 102402.996700000017881, 0.0 ], [ 92616.781700000166893, 102530.230799999088049, 0.0 ], [ 92617.39089999999851, 102530.397399999201298, 0.0 ], [ 92618.000099999830127, 102530.563999999314547, 0.0 ], [ 92618.609400000423193, 102530.730499999597669, 0.0 ], [ 92619.21860000025481, 102530.896999999880791, 0.0 ], [ 92619.827899999916553, 102531.063400000333786, 0.0 ], [ 92620.43709999974817, 102531.229800000786781, 0.0 ], [ 92621.046400000341237, 102531.396099999547005, 0.0 ], [ 92621.65570000000298, 102531.562300000339746, 0.0 ], [ 92622.265100000426173, 102531.728399999439716, 0.0 ], [ 92622.874499999918044, 102531.894300000742078, 0.0 ], [ 92623.483900000341237, 102532.060200000181794, 0.0 ], [ 92624.093299999833107, 102532.22580000013113, 0.0 ], [ 92624.702899999916553, 102532.391400000080466, 0.0 ], [ 92625.312400000169873, 102532.556700000539422, 0.0 ], [ 92625.92200000025332, 102532.721899999305606, 0.0 ], [ 92626.531700000166893, 102532.886800000444055, 0.0 ], [ 92627.141400000080466, 102533.051500000059605, 0.0 ], [ 92627.751199999824166, 102533.216000000014901, 0.0 ], [ 92628.360999999567866, 102533.380300000309944, 0.0 ], [ 92628.970900000073016, 102533.544299999251962, 0.0 ], [ 92629.580900000408292, 102533.708000000566244, 0.0 ], [ 92630.190999999642372, 102533.871500000357628, 0.0 ], [ 92630.801099999807775, 102534.034700000658631, 0.0 ], [ 92631.411299999803305, 102534.197499999776483, 0.0 ], [ 92632.021599999628961, 102534.359999999403954, 0.0 ], [ 92632.632000000216067, 102534.522199999541044, 0.0 ], [ 92633.242499999701977, 102534.684000000357628, 0.0 ], [ 92633.853099999949336, 102534.845499999821186, 0.0 ], [ 92634.463800000026822, 102535.006599999964237, 0.0 ], [ 92635.074599999934435, 102535.167300000786781, 0.0 ], [ 92635.685499999672174, 102535.327500000596046, 0.0 ], [ 92636.296500000171363, 102535.487400000914931, 0.0 ], [ 92636.907599999569356, 102535.646800000220537, 0.0 ], [ 92637.518899999558926, 102535.805800000205636, 0.0 ], [ 92638.130199999548495, 102535.964400000870228, 0.0 ], [ 92638.74170000012964, 102536.122400000691414, 0.0 ], [ 92639.35329999960959, 102536.279999999329448, 0.0 ], [ 92639.965099999681115, 102536.437000000849366, 0.0 ], [ 92640.576899999752641, 102536.593599999323487, 0.0 ], [ 92641.188900000415742, 102536.749600000679493, 0.0 ], [ 92641.801099999807775, 102536.905099999159575, 0.0 ], [ 92642.413399999961257, 102537.060000000521541, 0.0 ], [ 92643.025799999944866, 102537.214299999177456, 0.0 ], [ 92643.638399999588728, 102537.368100000545382, 0.0 ], [ 92644.25109999999404, 102537.521299999207258, 0.0 ], [ 92644.864000000059605, 102537.673800000920892, 0.0 ], [ 92645.476999999955297, 102537.825799999758601, 0.0 ], [ 92646.090200000442564, 102537.976999999955297, 0.0 ], [ 92646.703499999828637, 102538.127699999138713, 0.0 ], [ 92647.316999999806285, 102538.277699999511242, 0.0 ], [ 92647.930700000375509, 102538.426999999210238, 0.0 ], [ 92648.544599999673665, 102538.575600000098348, 0.0 ], [ 92649.158599999733269, 102538.723500000312924, 0.0 ], [ 92649.77280000038445, 102538.870600000023842, 0.0 ], [ 92650.387099999934435, 102539.017100000753999, 0.0 ], [ 92651.001699999906123, 102539.162699999287724, 0.0 ], [ 92651.616399999707937, 102539.307700000703335, 0.0 ], [ 92652.231300000101328, 102539.451799999922514, 0.0 ], [ 92652.846400000154972, 102539.595200000330806, 0.0 ], [ 92653.46169999986887, 102539.737700000405312, 0.0 ], [ 92654.077200000174344, 102539.879499999806285, 0.0 ], [ 92654.692800000309944, 102540.020400000736117, 0.0 ], [ 92655.308699999935925, 102540.160399999469519, 0.0 ], [ 92655.924700000323355, 102540.299599999561906, 0.0 ], [ 92656.541000000201166, 102540.437999999150634, 0.0 ], [ 92657.157399999909103, 102540.575400000438094, 0.0 ], [ 92657.774100000038743, 102540.711899999529123, 0.0 ], [ 92658.39089999999851, 102540.847500000149012, 0.0 ], [ 92659.00789999961853, 102540.982200000435114, 0.0 ], [ 92659.625199999660254, 102541.11600000038743, 0.0 ], [ 92660.242700000293553, 102541.248800000175834, 0.0 ], [ 92660.860299999825656, 102541.380599999800324, 0.0 ], [ 92661.478199999779463, 102541.511399999260902, 0.0 ], [ 92662.096300000324845, 102541.641200000420213, 0.0 ], [ 92662.714599999599159, 102541.770099999383092, 0.0 ], [ 92663.333100000396371, 102541.89780000038445, 0.0 ], [ 92663.951799999922514, 102542.024599999189377, 0.0 ], [ 92664.57079999987036, 102542.150299999862909, 0.0 ], [ 92665.190000000409782, 102542.274900000542402, 0.0 ], [ 92665.809299999848008, 102542.398399999365211, 0.0 ], [ 92666.428899999707937, 102542.520899999886751, 0.0 ], [ 92667.048700000159442, 102542.642200000584126, 0.0 ], [ 92667.668800000101328, 102542.762399999424815, 0.0 ], [ 92668.28899999987334, 102542.88150000013411, 0.0 ], [ 92668.909500000067055, 102542.999399999156594, 0.0 ], [ 92669.530199999921024, 102543.116100000217557, 0.0 ], [ 92670.151100000366569, 102543.231699999421835, 0.0 ], [ 92670.772300000302494, 102543.346000000834465, 0.0 ], [ 92671.393600000068545, 102543.45920000039041, 0.0 ], [ 92672.0152000002563, 102543.571100000292063, 0.0 ], [ 92672.637000000104308, 102543.681700000539422, 0.0 ], [ 92673.25899999961257, 102543.791200000792742, 0.0 ], [ 92673.881299999542534, 102543.899299999698997, 0.0 ], [ 92674.503700000233948, 102544.00620000064373, 0.0 ], [ 92675.126500000245869, 102544.111800000071526, 0.0 ], [ 92690.146900000050664, 102546.253200000151992, 0.0 ], [ 92705.256299999542534, 102547.632400000467896, 0.0 ], [ 92720.416199999861419, 102548.245999999344349, 0.0 ], [ 92735.587700000032783, 102548.092299999669194, 0.0 ], [ 92750.731999999843538, 102547.171800000593066, 0.0 ], [ 92765.810399999842048, 102545.486800000071526, 0.0 ], [ 92780.784400000236928, 102543.041699999943376, 0.0 ], [ 92795.615500000305474, 102539.842499999329448, 0.0 ], [ 92810.265999999828637, 102535.897700000554323, 0.0 ], [ 92810.871299999766052, 102535.717499999329448, 0.0 ], [ 92811.476300000213087, 102535.536000000312924, 0.0 ], [ 92812.080799999646842, 102535.35329999960959, 0.0 ], [ 92812.684999999590218, 102535.169299999251962, 0.0 ], [ 92813.288900000043213, 102534.984099999070168, 0.0 ], [ 92813.892300000414252, 102534.797700000926852, 0.0 ], [ 92814.495400000363588, 102534.610200000926852, 0.0 ], [ 92815.098100000061095, 102534.421399999409914, 0.0 ], [ 92815.700500000268221, 102534.231499999761581, 0.0 ], [ 92816.302400000393391, 102534.040500000119209, 0.0 ], [ 92816.904099999926984, 102533.848300000652671, 0.0 ], [ 92817.505300000309944, 102533.654999999329448, 0.0 ], [ 92818.106300000101328, 102533.46059999987483, 0.0 ], [ 92818.706799999810755, 102533.265100000426173, 0.0 ], [ 92819.307000000029802, 102533.068499999120831, 0.0 ], [ 92819.906899999827147, 102532.870799999684095, 0.0 ], [ 92820.506400000303984, 102532.672199999913573, 0.0 ], [ 92821.105499999597669, 102532.472400000318885, 0.0 ], [ 92821.704400000162423, 102532.27170000039041, 0.0 ], [ 92822.302899999544024, 102532.069900000467896, 0.0 ], [ 92822.900999999605119, 102531.867200000211596, 0.0 ], [ 92823.498800000175834, 102531.663399999961257, 0.0 ], [ 92824.096300000324845, 102531.458699999377131, 0.0 ], [ 92824.693500000052154, 102531.253100000321865, 0.0 ], [ 92825.290300000458956, 102531.046499999240041, 0.0 ], [ 92825.886800000444055, 102530.838899999856949, 0.0 ], [ 92826.483000000007451, 102530.630499999970198, 0.0 ], [ 92827.078900000080466, 102530.42119999974966, 0.0 ], [ 92827.674399999901652, 102530.210999999195337, 0.0 ], [ 92828.269700000062585, 102529.999900000169873, 0.0 ], [ 92828.864699999801815, 102529.787900000810623, 0.0 ], [ 92829.459300000220537, 102529.575200000777841, 0.0 ], [ 92830.053700000047684, 102529.361500000581145, 0.0 ], [ 92830.647699999623001, 102529.147099999710917, 0.0 ], [ 92831.241499999538064, 102528.931900000199676, 0.0 ], [ 92831.834999999962747, 102528.715800000354648, 0.0 ], [ 92832.428199999965727, 102528.498999999836087, 0.0 ], [ 92833.021099999547005, 102528.281500000506639, 0.0 ], [ 92833.613699999637902, 102528.063200000673532, 0.0 ], [ 92834.206100000068545, 102527.844100000336766, 0.0 ], [ 92834.798200000077486, 102527.624299999326468, 0.0 ], [ 92835.390100000426173, 102527.403899999335408, 0.0 ], [ 92835.981700000353158, 102527.182700000703335, 0.0 ], [ 92836.572999999858439, 102526.960799999535084, 0.0 ], [ 92837.164099999703467, 102526.738299999386072, 0.0 ], [ 92837.754900000058115, 102526.515100000426173, 0.0 ], [ 92838.345499999821186, 102526.291300000622869, 0.0 ], [ 92838.935800000093877, 102526.066899999976158, 0.0 ], [ 92839.525999999605119, 102525.84180000051856, 0.0 ], [ 92840.115799999795854, 102525.616200000047684, 0.0 ], [ 92840.705500000156462, 102525.38990000076592, 0.0 ], [ 92841.294900000095367, 102525.163100000470877, 0.0 ], [ 92841.884200000204146, 102524.935699999332428, 0.0 ], [ 92842.473199999891222, 102524.707699999213219, 0.0 ], [ 92843.061999999918044, 102524.479299999773502, 0.0 ], [ 92843.650600000284612, 102524.25029999949038, 0.0 ], [ 92844.239000000059605, 102524.020800000056624, 0.0 ], [ 92844.827200000174344, 102523.79079999960959, 0.0 ], [ 92845.415199999697506, 102523.560300000011921, 0.0 ], [ 92846.003100000321865, 102523.3293999992311, 0.0 ], [ 92846.590699999593198, 102523.097999999299645, 0.0 ], [ 92847.178199999965727, 102522.866100000217557, 0.0 ], [ 92847.76549999974668, 102522.633799999952316, 0.0 ], [ 92848.352699999697506, 102522.401100000366569, 0.0 ], [ 92848.939699999988079, 102522.167999999597669, 0.0 ], [ 92849.526499999687076, 102521.934599999338388, 0.0 ], [ 92850.113199999555945, 102521.700699999928474, 0.0 ], [ 92850.699699999764562, 102521.466499999165535, 0.0 ], [ 92851.286100000143051, 102521.231899999082088, 0.0 ], [ 92851.872399999760091, 102520.996999999508262, 0.0 ], [ 92852.458499999716878, 102520.761700000613928, 0.0 ], [ 92853.044499999843538, 102520.526200000196695, 0.0 ], [ 92853.630400000140071, 102520.290300000458956, 0.0 ], [ 92854.216199999675155, 102520.054199999198318, 0.0 ], [ 92854.801900000311434, 102519.817800000309944, 0.0 ], [ 92855.387400000356138, 102519.581100000068545, 0.0 ], [ 92855.972900000400841, 102519.344200000166893, 0.0 ], [ 92856.558199999853969, 102519.10700000077486, 0.0 ], [ 92857.143500000238419, 102518.869699999690056, 0.0 ], [ 92857.728699999861419, 102518.632099999114871, 0.0 ], [ 92858.313799999654293, 102518.394300000742078, 0.0 ], [ 92858.89879999961704, 102518.156400000676513, 0.0 ], [ 92859.483799999579787, 102517.918299999088049, 0.0 ], [ 92860.068699999712408, 102517.679999999701977, 0.0 ], [ 92860.653599999845028, 102517.441600000485778, 0.0 ], [ 92861.238400000147521, 102517.20299999974668, 0.0 ], [ 92861.823099999688566, 102516.964299999177456, 0.0 ], [ 92862.407800000160933, 102516.725600000470877, 0.0 ], [ 92862.992499999701977, 102516.486700000241399, 0.0 ], [ 92863.577100000344217, 102516.247800000011921, 0.0 ], [ 92864.161700000055134, 102516.008799999952316, 0.0 ], [ 92864.746299999766052, 102515.769700000062585, 0.0 ], [ 92865.330900000408292, 102515.530600000172853, 0.0 ], [ 92865.915500000119209, 102515.291500000283122, 0.0 ], [ 92866.500099999830127, 102515.052400000393391, 0.0 ], [ 93148.262600000016391, 102399.786800000816584, 0.0 ], [ 93148.847199999727309, 102399.54759999923408, 0.0 ], [ 93149.431800000369549, 102399.308499999344349, 0.0 ], [ 93150.01630000025034, 102399.069299999624491, 0.0 ], [ 93150.60080000013113, 102398.830099999904633, 0.0 ], [ 93151.185300000011921, 102398.590800000354648, 0.0 ], [ 93151.769799999892712, 102398.351500000804663, 0.0 ], [ 93152.354199999943376, 102398.112099999561906, 0.0 ], [ 93152.938699999824166, 102397.872600000351667, 0.0 ], [ 93153.523000000044703, 102397.632999999448657, 0.0 ], [ 93154.107300000265241, 102397.393200000748038, 0.0 ], [ 93154.691599999554455, 102397.153400000184774, 0.0 ], [ 93155.275799999944866, 102396.913399999961257, 0.0 ], [ 93155.859899999573827, 102396.673299999907613, 0.0 ], [ 93156.44400000013411, 102396.432900000363588, 0.0 ], [ 93157.027999999932945, 102396.192399999126792, 0.0 ], [ 93157.611899999901652, 102395.951799999922514, 0.0 ], [ 93158.19579999987036, 102395.710899999365211, 0.0 ], [ 93158.779500000178814, 102395.469699999317527, 0.0 ], [ 93159.363099999725819, 102395.228399999439716, 0.0 ], [ 93159.946700000204146, 102394.986800000071526, 0.0 ], [ 93160.530100000090897, 102394.744899999350309, 0.0 ], [ 93161.113400000147521, 102394.502800000831485, 0.0 ], [ 93161.696700000204146, 102394.26039999909699, 0.0 ], [ 93162.279699999839067, 102394.017699999734759, 0.0 ], [ 93162.862700000405312, 102393.774700000882149, 0.0 ], [ 93163.44550000037998, 102393.531300000846386, 0.0 ], [ 93164.028199999593198, 102393.287699999287724, 0.0 ], [ 93164.610700000077486, 102393.043600000441074, 0.0 ], [ 93165.193099999800324, 102392.799200000241399, 0.0 ], [ 93165.775299999862909, 102392.554500000551343, 0.0 ], [ 93166.357400000095367, 102392.309299999848008, 0.0 ], [ 93166.939299999736249, 102392.063799999654293, 0.0 ], [ 93167.520999999716878, 102391.817800000309944, 0.0 ], [ 93168.102500000037253, 102391.571399999782443, 0.0 ], [ 93168.683899999596179, 102391.324599999934435, 0.0 ], [ 93169.264999999664724, 102391.077299999073148, 0.0 ], [ 93169.845999999903142, 102390.829600000753999, 0.0 ], [ 93170.426699999719858, 102390.581399999558926, 0.0 ], [ 93171.007299999706447, 102390.332699999213219, 0.0 ], [ 93171.587600000202656, 102390.083499999716878, 0.0 ], [ 93172.167700000107288, 102389.833799999207258, 0.0 ], [ 93172.747600000351667, 102389.583499999716878, 0.0 ], [ 93173.32730000000447, 102389.332699999213219, 0.0 ], [ 93173.906700000166893, 102389.081399999558926, 0.0 ], [ 93174.48589999973774, 102388.829500000923872, 0.0 ], [ 93175.064799999818206, 102388.576999999582767, 0.0 ], [ 93175.643400000408292, 102388.323899999260902, 0.0 ], [ 93176.221800000406802, 102388.070299999788404, 0.0 ], [ 93176.799999999813735, 102387.815999999642372, 0.0 ], [ 93177.377799999900162, 102387.56110000051558, 0.0 ], [ 93177.955400000326335, 102387.305500000715256, 0.0 ], [ 93178.532599999569356, 102387.049300000071526, 0.0 ], [ 93179.109600000083447, 102386.792400000616908, 0.0 ], [ 93179.686300000175834, 102386.534900000318885, 0.0 ], [ 93180.262699999846518, 102386.276599999517202, 0.0 ], [ 93180.838700000196695, 102386.017699999734759, 0.0 ], [ 93181.414499999955297, 102385.757999999448657, 0.0 ], [ 93181.989900000393391, 102385.497700000181794, 0.0 ], [ 93182.564899999648333, 102385.236500000581145, 0.0 ], [ 93183.139700000174344, 102384.974700000137091, 0.0 ], [ 93183.713999999687076, 102384.71199999935925, 0.0 ], [ 93184.288099999539554, 102384.448599999770522, 0.0 ], [ 93184.861700000241399, 102384.184399999678135, 0.0 ], [ 93185.434999999590218, 102383.919399999082088, 0.0 ], [ 93186.00789999961853, 102383.653599999845028, 0.0 ], [ 93186.580500000156462, 102383.386900000274181, 0.0 ], [ 93187.152599999681115, 102383.119500000029802, 0.0 ], [ 93187.724399999715388, 102382.851099999621511, 0.0 ], [ 93188.295699999667704, 102382.581900000572205, 0.0 ], [ 93188.866600000299513, 102382.311899999156594, 0.0 ], [ 93189.43709999974817, 102382.040899999439716, 0.0 ], [ 93190.00719999987632, 102381.769099999219179, 0.0 ], [ 93190.576799999922514, 102381.496300000697374, 0.0 ], [ 93191.145999999716878, 102381.222599999979138, 0.0 ], [ 93191.714800000190735, 102380.948000000789762, 0.0 ], [ 93192.283099999651313, 102380.672499999403954, 0.0 ], [ 93192.850899999961257, 102380.395999999716878, 0.0 ], [ 93193.418300000019372, 102380.11849999986589, 0.0 ], [ 93193.98519999999553, 102379.839999999850988, 0.0 ], [ 93194.551599999889731, 102379.560599999502301, 0.0 ], [ 93195.11739999987185, 102379.280099999159575, 0.0 ], [ 93195.682799999602139, 102378.998700000345707, 0.0 ], [ 93196.247700000181794, 102378.716199999675155, 0.0 ], [ 93196.81209999974817, 102378.432600000873208, 0.0 ], [ 93197.375900000333786, 102378.148000000044703, 0.0 ], [ 93197.939199999906123, 102377.862400000914931, 0.0 ], [ 93198.501899999566376, 102377.575699999928474, 0.0 ], [ 93199.064100000075996, 102377.287900000810623, 0.0 ], [ 93199.62569999974221, 102376.998999999836087, 0.0 ], [ 93200.18680000025779, 102376.70890000090003, 0.0 ], [ 93200.747299999929965, 102376.417799999937415, 0.0 ], [ 93201.307199999690056, 102376.125600000843406, 0.0 ], [ 93201.866499999538064, 102375.832200000062585, 0.0 ], [ 93202.425200000405312, 102375.537599999457598, 0.0 ], [ 93202.983300000429153, 102375.241900000721216, 0.0 ], [ 93215.343100000172853, 102368.296700000762939, 0.0 ], [ 93227.36089999973774, 102360.775399999693036, 0.0 ], [ 93239.009999999776483, 102352.694599999114871, 0.0 ], [ 93250.264299999922514, 102344.072599999606609, 0.0 ], [ 93261.098600000143051, 102334.928400000557303, 0.0 ], [ 93271.488900000229478, 102325.282600000500679, 0.0 ], [ 93271.940999999642372, 102324.841600000858307, 0.0 ], [ 93272.392300000414252, 102324.399599999189377, 0.0 ], [ 93272.84250000026077, 102323.956800000742078, 0.0 ], [ 93273.291899999603629, 102323.513000000268221, 0.0 ], [ 93273.740399999544024, 102323.068299999460578, 0.0 ], [ 93274.188000000081956, 102322.622700000181794, 0.0 ], [ 93274.634700000286102, 102322.176200000569224, 0.0 ], [ 93275.080599999986589, 102321.728900000452995, 0.0 ], [ 93275.525600000284612, 102321.2807, 0.0 ], [ 93275.969700000248849, 102320.831700000911951, 0.0 ], [ 93276.412999999709427, 102320.381799999624491, 0.0 ], [ 93276.855499999597669, 102319.931099999696016, 0.0 ], [ 93277.297100000083447, 102319.479599999263883, 0.0 ], [ 93277.737900000065565, 102319.027300000190735, 0.0 ], [ 93278.177899999544024, 102318.574200000613928, 0.0 ], [ 93278.61699999962002, 102318.120300000533462, 0.0 ], [ 93279.055399999953806, 102317.665599999949336, 0.0 ], [ 93279.492999999783933, 102317.210200000554323, 0.0 ], [ 93279.929800000041723, 102316.754100000485778, 0.0 ], [ 93280.365899999625981, 102316.297199999913573, 0.0 ], [ 93280.801199999637902, 102315.839600000530481, 0.0 ], [ 93281.235700000077486, 102315.38120000064373, 0.0 ], [ 93281.669499999843538, 102314.922199999913573, 0.0 ], [ 93282.10259999986738, 102314.462500000372529, 0.0 ], [ 93282.534900000318885, 102314.002100000157952, 0.0 ], [ 93282.966599999926984, 102313.540999999269843, 0.0 ], [ 93283.397499999962747, 102313.079299999400973, 0.0 ], [ 93283.8277000002563, 102312.616900000721216, 0.0 ], [ 93284.257299999706447, 102312.153899999335408, 0.0 ], [ 93284.686099999584258, 102311.690199999138713, 0.0 ], [ 93285.114299999549985, 102311.225999999791384, 0.0 ], [ 93285.541899999603629, 102310.761099999770522, 0.0 ], [ 93285.968700000084937, 102310.2956000007689, 0.0 ], [ 93286.394999999552965, 102309.829600000753999, 0.0 ], [ 93286.820600000210106, 102309.362999999895692, 0.0 ], [ 93287.245600000023842, 102308.895800000056624, 0.0 ], [ 93287.669999999925494, 102308.427999999374151, 0.0 ], [ 93288.093799999915063, 102307.959699999541044, 0.0 ], [ 93288.516900000162423, 102307.490900000557303, 0.0 ], [ 93288.939600000157952, 102307.021500000730157, 0.0 ], [ 93289.361600000411272, 102306.551699999719858, 0.0 ], [ 93289.783099999651313, 102306.081299999728799, 0.0 ], [ 93290.203999999910593, 102305.610400000587106, 0.0 ], [ 93290.624400000087917, 102305.13910000026226, 0.0 ], [ 93291.044200000353158, 102304.667199999094009, 0.0 ], [ 93291.463499999605119, 102304.195000000298023, 0.0 ], [ 93291.882299999706447, 102303.722200000658631, 0.0 ], [ 93292.300599999725819, 102303.248999999836087, 0.0 ], [ 93292.718399999663234, 102302.775399999693036, 0.0 ], [ 93293.135800000280142, 102302.301300000399351, 0.0 ], [ 93293.552600000053644, 102301.826899999752641, 0.0 ], [ 93293.968999999575317, 102301.351999999955297, 0.0 ], [ 93294.384999999776483, 102300.876700000837445, 0.0 ], [ 93294.800499999895692, 102300.401000000536442, 0.0 ], [ 93295.215499999932945, 102299.925000000745058, 0.0 ], [ 93295.630199999548495, 102299.448599999770522, 0.0 ], [ 93296.044400000013411, 102298.971799999475479, 0.0 ], [ 93296.458200000226498, 102298.494699999690056, 0.0 ], [ 93296.871700000017881, 102298.017300000414252, 0.0 ], [ 93297.284699999727309, 102297.539499999955297, 0.0 ], [ 93297.697399999946356, 102297.0614, 0.0 ], [ 93298.109699999913573, 102296.583000000566244, 0.0 ], [ 93298.52170000039041, 102296.104299999773502, 0.0 ], [ 93298.933299999684095, 102295.62529999949038, 0.0 ], [ 93299.344700000248849, 102295.145999999716878, 0.0 ], [ 93299.755599999800324, 102294.666400000452995, 0.0 ], [ 93300.166299999691546, 102294.186599999666214, 0.0 ], [ 93300.576700000092387, 102293.706499999389052, 0.0 ], [ 93300.986800000071526, 102293.226199999451637, 0.0 ], [ 93301.396599999628961, 102292.745600000023842, 0.0 ], [ 93301.806200000457466, 102292.264799999073148, 0.0 ], [ 93302.215499999932945, 102291.783800000324845, 0.0 ], [ 93302.624499999918044, 102291.302600000053644, 0.0 ], [ 93303.033300000242889, 102290.82120000012219, 0.0 ], [ 93303.441899999976158, 102290.339600000530481, 0.0 ], [ 93303.850300000049174, 102289.857799999415874, 0.0 ], [ 93304.258500000461936, 102289.375800000503659, 0.0 ], [ 93304.666500000283122, 102288.893699999898672, 0.0 ], [ 93305.074300000444055, 102288.411499999463558, 0.0 ], [ 93305.481900000013411, 102287.928999999538064, 0.0 ], [ 93305.889399999752641, 102287.44649999961257, 0.0 ], [ 93306.296699999831617, 102286.963800000026822, 0.0 ], [ 93306.703900000080466, 102286.481000000610948, 0.0 ], [ 93307.11089999973774, 102285.998099999502301, 0.0 ], [ 93307.517900000326335, 102285.515100000426173, 0.0 ], [ 93307.924700000323355, 102285.031999999657273, 0.0 ], [ 93308.331399999558926, 102284.548800000920892, 0.0 ], [ 93308.738099999725819, 102284.065600000321865, 0.0 ], [ 93309.144600000232458, 102283.582299999892712, 0.0 ], [ 93309.551099999807775, 102283.098899999633431, 0.0 ], [ 93309.957600000314415, 102282.615499999374151, 0.0 ], [ 93310.364000000059605, 102282.131999999284744, 0.0 ], [ 93310.770399999804795, 102281.648600000888109, 0.0 ], [ 93311.176699999719858, 102281.165100000798702, 0.0 ], [ 93311.583100000396371, 102280.681500000879169, 0.0 ], [ 93655.530199999921024, 101871.425000000745058, 0.0 ], [ 93655.970399999991059, 101870.901200000196695, 0.0 ], [ 93656.410600000061095, 101870.377399999648333, 0.0 ], [ 93656.850899999961257, 101869.85359999909997, 0.0 ], [ 93657.291100000031292, 101869.329900000244379, 0.0 ], [ 93657.731399999931455, 101868.806099999696016, 0.0 ], [ 93658.171699999831617, 101868.282400000840425, 0.0 ], [ 93658.612099999561906, 101867.758799999952316, 0.0 ], [ 93659.052500000223517, 101867.23509999923408, 0.0 ], [ 93659.492999999783933, 101866.711600000038743, 0.0 ], [ 93659.933500000275671, 101866.188100000843406, 0.0 ], [ 93660.374200000427663, 101865.664599999785423, 0.0 ], [ 93660.814899999648333, 101865.14130000025034, 0.0 ], [ 93661.255699999630451, 101864.618000000715256, 0.0 ], [ 93661.696600000374019, 101864.094699999317527, 0.0 ], [ 93662.137600000016391, 101863.571599999442697, 0.0 ], [ 93662.578700000420213, 101863.048599999397993, 0.0 ], [ 93663.019899999722838, 101862.525699999183416, 0.0 ], [ 93663.46129999961704, 101862.002800000831485, 0.0 ], [ 93663.902800000272691, 101861.480100000277162, 0.0 ], [ 93664.344399999827147, 101860.957499999552965, 0.0 ], [ 93664.786199999973178, 101860.435100000351667, 0.0 ], [ 93665.228099999949336, 101859.912799999117851, 0.0 ], [ 93665.670300000347197, 101859.390599999576807, 0.0 ], [ 93666.112499999813735, 101858.86849999986589, 0.0 ], [ 93666.554999999701977, 101858.346599999815226, 0.0 ], [ 93666.997700000181794, 101857.824899999424815, 0.0 ], [ 93667.440499999560416, 101857.303400000557303, 0.0 ], [ 93667.883600000292063, 101856.781999999657273, 0.0 ], [ 93668.326799999922514, 101856.260800000280142, 0.0 ], [ 93668.770299999974668, 101855.739700000733137, 0.0 ], [ 93669.213999999687076, 101855.218900000676513, 0.0 ], [ 93669.657999999821186, 101854.698300000280142, 0.0 ], [ 93670.102099999785423, 101854.177799999713898, 0.0 ], [ 93670.54660000000149, 101853.657600000500679, 0.0 ], [ 93670.991200000047684, 101853.137599999085069, 0.0 ], [ 93671.436200000345707, 101852.617799999192357, 0.0 ], [ 93671.881400000303984, 101852.098300000652671, 0.0 ], [ 93672.326899999752641, 101851.578999999910593, 0.0 ], [ 93672.772699999623001, 101851.059900000691414, 0.0 ], [ 93673.218700000084937, 101850.54109999909997, 0.0 ], [ 93673.66509999986738, 101850.02250000089407, 0.0 ], [ 93674.111800000071526, 101849.504300000146031, 0.0 ], [ 93674.558799999766052, 101848.98619999922812, 0.0 ], [ 93675.006099999882281, 101848.468499999493361, 0.0 ], [ 93675.453700000420213, 101847.950999999418855, 0.0 ], [ 93675.901700000278652, 101847.433800000697374, 0.0 ], [ 93676.349999999627471, 101846.916999999433756, 0.0 ], [ 93676.798600000329316, 101846.400399999693036, 0.0 ], [ 93677.247600000351667, 101845.884099999442697, 0.0 ], [ 93677.696999999694526, 101845.368200000375509, 0.0 ], [ 93678.146800000220537, 101844.852600000798702, 0.0 ], [ 93678.596900000236928, 101844.337300000712276, 0.0 ], [ 93679.047399999573827, 101843.822300000116229, 0.0 ], [ 93679.498300000093877, 101843.307700000703335, 0.0 ], [ 93679.949599999934435, 101842.793500000610948, 0.0 ], [ 93680.401399999856949, 101842.2796, 0.0 ], [ 93680.853500000201166, 101841.766000000759959, 0.0 ], [ 93681.306099999696016, 101841.252900000661612, 0.0 ], [ 93681.75899999961257, 101840.740100000053644, 0.0 ], [ 93682.212500000372529, 101840.227700000628829, 0.0 ], [ 93682.666299999691546, 101839.715700000524521, 0.0 ], [ 93683.120600000023842, 101839.20409999974072, 0.0 ], [ 93683.575400000438094, 101838.692900000140071, 0.0 ], [ 93684.030600000172853, 101838.182099999859929, 0.0 ], [ 93684.486299999989569, 101837.671700000762939, 0.0 ], [ 93684.942499999888241, 101837.161699999123812, 0.0 ], [ 93685.39919999986887, 101836.652200000360608, 0.0 ], [ 93685.856300000101328, 101836.143200000748038, 0.0 ], [ 93686.314000000245869, 101835.634500000625849, 0.0 ], [ 93686.772099999710917, 101835.12639999948442, 0.0 ], [ 93687.230800000019372, 101834.618699999526143, 0.0 ], [ 93687.690000000409782, 101834.111400000751019, 0.0 ], [ 93688.149699999950826, 101833.604699999094009, 0.0 ], [ 93688.610000000335276, 101833.098400000482798, 0.0 ], [ 93689.07079999987036, 101832.592599999159575, 0.0 ], [ 93689.532100000418723, 101832.087300000712276, 0.0 ], [ 93689.993999999947846, 101831.582599999383092, 0.0 ], [ 93690.456399999558926, 101831.078299999237061, 0.0 ], [ 93690.919400000013411, 101830.574500000104308, 0.0 ], [ 93691.38300000037998, 101830.071299999952316, 0.0 ], [ 93691.847199999727309, 101829.568600000813603, 0.0 ], [ 93692.311900000087917, 101829.066500000655651, 0.0 ], [ 93692.777300000190735, 101828.564899999648333, 0.0 ], [ 93693.243200000375509, 101828.06389999948442, 0.0 ], [ 93693.709800000302494, 101827.563400000333786, 0.0 ], [ 93694.176900000311434, 101827.063500000163913, 0.0 ], [ 93694.644700000062585, 101826.564200000837445, 0.0 ], [ 93695.113099999725819, 101826.065400000661612, 0.0 ], [ 93695.582200000062585, 101825.567299999296665, 0.0 ], [ 93696.051799999549985, 101825.069700000807643, 0.0 ], [ 93696.522199999541044, 101824.572799999266863, 0.0 ], [ 93696.99309999961406, 101824.076500000432134, 0.0 ], [ 93697.464800000190735, 101823.580800000578165, 0.0 ], [ 93697.93709999974817, 101823.085799999535084, 0.0 ], [ 93698.410099999979138, 101822.591299999505281, 0.0 ], [ 93710.784799999557436, 101810.119100000709295, 0.0 ], [ 93723.590099999681115, 101798.089400000870228, 0.0 ], [ 93736.810200000181794, 101786.517000000923872, 0.0 ], [ 93750.428600000217557, 101775.416200000792742, 0.0 ], [ 93764.428700000047684, 101764.800699999555945, 0.0 ], [ 93778.793100000359118, 101754.683700000867248, 0.0 ], [ 93779.359600000083447, 101754.299900000914931, 0.0 ], [ 93779.926599999889731, 101753.916999999433756, 0.0 ], [ 93780.494099999777973, 101753.534800000488758, 0.0 ], [ 93781.062199999578297, 101753.153400000184774, 0.0 ], [ 93781.630699999630451, 101752.772700000554323, 0.0 ], [ 93782.199699999764562, 101752.392699999734759, 0.0 ], [ 93782.769199999980628, 101752.013499999418855, 0.0 ], [ 93783.339200000278652, 101751.634999999776483, 0.0 ], [ 93783.909599999897182, 101751.257200000807643, 0.0 ], [ 93784.480600000359118, 101750.880200000479817, 0.0 ], [ 93785.052000000141561, 101750.503799999132752, 0.0 ], [ 93785.623800000175834, 101750.128100000321865, 0.0 ], [ 93786.196100000292063, 101749.753100000321865, 0.0 ], [ 93786.768799999728799, 101749.378799999132752, 0.0 ], [ 93787.342000000178814, 101749.005100000649691, 0.0 ], [ 93787.915599999949336, 101748.632099999114871, 0.0 ], [ 93788.489599999971688, 101748.259800000116229, 0.0 ], [ 93789.064100000075996, 101747.888100000098348, 0.0 ], [ 93789.638899999670684, 101747.517000000923872, 0.0 ], [ 93790.214200000278652, 101747.146600000560284, 0.0 ], [ 93790.789800000376999, 101746.776799999177456, 0.0 ], [ 93791.365899999625981, 101746.407600000500679, 0.0 ], [ 93791.942300000227988, 101746.039000000804663, 0.0 ], [ 93792.519199999980628, 101745.671000000089407, 0.0 ], [ 93793.096400000154972, 101745.303600000217557, 0.0 ], [ 93793.673899999819696, 101744.936799999326468, 0.0 ], [ 93794.251899999566376, 101744.570499999448657, 0.0 ], [ 93794.830199999734759, 101744.204900000244379, 0.0 ], [ 93795.408800000324845, 101743.839700000360608, 0.0 ], [ 93795.987800000235438, 101743.475199999287724, 0.0 ], [ 93796.567099999636412, 101743.11119999922812, 0.0 ], [ 93797.146800000220537, 101742.747700000181794, 0.0 ], [ 93797.726800000295043, 101742.384700000286102, 0.0 ], [ 93798.307099999859929, 101742.022199999541044, 0.0 ], [ 93798.887799999676645, 101741.660299999639392, 0.0 ], [ 93799.468700000084937, 101741.298900000751019, 0.0 ], [ 93800.049999999813735, 101740.937899999320507, 0.0 ], [ 93800.63150000013411, 101740.577500000596046, 0.0 ], [ 93801.213399999774992, 101740.217499999329448, 0.0 ], [ 93801.795500000007451, 101739.857999999076128, 0.0 ], [ 93802.377999999560416, 101739.4989, 0.0 ], [ 93802.960699999704957, 101739.140300000086427, 0.0 ], [ 93803.543700000271201, 101738.782199999317527, 0.0 ], [ 93804.126899999566376, 101738.424499999731779, 0.0 ], [ 93804.710400000214577, 101738.067199999466538, 0.0 ], [ 93805.294200000353158, 101737.71030000038445, 0.0 ], [ 93805.878200000151992, 101737.353900000452995, 0.0 ], [ 93806.462500000372529, 101736.997800000011921, 0.0 ], [ 93807.04700000025332, 101736.642200000584126, 0.0 ], [ 93807.631699999794364, 101736.28690000064671, 0.0 ], [ 93808.216699999757111, 101735.932000000029802, 0.0 ], [ 93808.801900000311434, 101735.577500000596046, 0.0 ], [ 93809.387299999594688, 101735.223300000652671, 0.0 ], [ 93809.973000000230968, 101734.869500000029802, 0.0 ], [ 93810.558799999766052, 101734.516100000590086, 0.0 ], [ 93811.144899999722838, 101734.16300000064075, 0.0 ], [ 93811.731100000441074, 101733.810200000181794, 0.0 ], [ 93812.317599999718368, 101733.457699999213219, 0.0 ], [ 93812.904199999757111, 101733.105599999427795, 0.0 ], [ 93813.49100000038743, 101732.753699999302626, 0.0 ], [ 93814.07799999974668, 101732.402200000360608, 0.0 ], [ 93814.66509999986738, 101732.050899999216199, 0.0 ], [ 93815.252500000409782, 101731.699899999424815, 0.0 ], [ 93815.839999999850988, 101731.349199999123812, 0.0 ], [ 93816.427600000053644, 101730.998800000175834, 0.0 ], [ 93817.015399999916553, 101730.648600000888109, 0.0 ], [ 93817.60329999960959, 101730.298599999397993, 0.0 ], [ 93818.191399999894202, 101729.948899999260902, 0.0 ], [ 93818.779600000008941, 101729.59940000064671, 0.0 ], [ 93819.367999999783933, 101729.250099999830127, 0.0 ], [ 93819.956500000320375, 101728.901100000366569, 0.0 ], [ 93820.545099999755621, 101728.552200000733137, 0.0 ], [ 93821.133799999952316, 101728.203600000590086, 0.0 ], [ 93821.722599999979138, 101727.855100000277162, 0.0 ], [ 93822.311499999836087, 101727.506799999624491, 0.0 ], [ 93822.900500000454485, 101727.158700000494719, 0.0 ], [ 93823.489699999801815, 101726.810699999332428, 0.0 ], [ 93824.078900000080466, 101726.462899999693036, 0.0 ], [ 93824.668200000189245, 101726.115299999713898, 0.0 ], [ 93825.25760000012815, 101725.767699999734759, 0.0 ], [ 93825.847000000067055, 101725.420299999415874, 0.0 ], [ 93826.436499999836087, 101725.073000000789762, 0.0 ], [ 93827.026100000366569, 101724.725899999961257, 0.0 ], [ 93827.615799999795854, 101724.378799999132752, 0.0 ], [ 93828.205500000156462, 101724.0318, 0.0 ], [ 93828.795199999585748, 101723.684900000691414, 0.0 ], [ 93829.384999999776483, 101723.33809999935329, 0.0 ], [ 93829.974899999797344, 101722.991399999707937, 0.0 ], [ 93830.564699999988079, 101722.644700000062585, 0.0 ], [ 93831.154600000008941, 101722.298100000247359, 0.0 ], [ 93831.744599999859929, 101721.951500000432134, 0.0 ], [ 93832.334499999880791, 101721.604900000616908, 0.0 ], [ 93832.924499999731779, 101721.258400000631809, 0.0 ], [ 93833.514499999582767, 101720.911800000816584, 0.0 ], [ 93834.104500000365078, 101720.565300000831485, 0.0 ], [ 94026.731300000101328, 101607.431399999186397, 0.0 ], [ 94027.003700000233948, 101607.271500000730157, 0.0 ], [ 94027.275999999605119, 101607.111500000581145, 0.0 ], [ 94027.548299999907613, 101606.95160000026226, 0.0 ], [ 94027.820600000210106, 101606.791699999943376, 0.0 ], [ 94028.092899999581277, 101606.631799999624491, 0.0 ], [ 94028.365199999883771, 101606.471899999305606, 0.0 ], [ 94028.637500000186265, 101606.312000000849366, 0.0 ], [ 94028.909799999557436, 101606.152100000530481, 0.0 ], [ 94029.182099999859929, 101605.992200000211596, 0.0 ], [ 94029.454400000162423, 101605.832299999892712, 0.0 ], [ 94029.726800000295043, 101605.672399999573827, 0.0 ], [ 94029.999099999666214, 101605.512499999254942, 0.0 ], [ 94030.271399999968708, 101605.352700000628829, 0.0 ], [ 94030.543800000101328, 101605.192800000309944, 0.0 ], [ 94030.816100000403821, 101605.032999999821186, 0.0 ], [ 94031.088499999605119, 101604.873099999502301, 0.0 ], [ 94031.360799999907613, 101604.713300000876188, 0.0 ], [ 94031.633200000040233, 101604.55350000038743, 0.0 ], [ 94031.905600000172853, 101604.393699999898672, 0.0 ], [ 94032.178000000305474, 101604.233999999240041, 0.0 ], [ 94032.450400000438094, 101604.074200000613928, 0.0 ], [ 94032.722799999639392, 101603.914499999955297, 0.0 ], [ 94032.995199999772012, 101603.754799999296665, 0.0 ], [ 94033.267599999904633, 101603.595100000500679, 0.0 ], [ 94033.54009999986738, 101603.435399999842048, 0.0 ], [ 94033.8125, 101603.275699999183416, 0.0 ], [ 94034.084999999962747, 101603.116100000217557, 0.0 ], [ 94034.357499999925494, 101602.956499999389052, 0.0 ], [ 94034.629999999888241, 101602.796900000423193, 0.0 ], [ 94034.902499999850988, 101602.637299999594688, 0.0 ], [ 94035.174999999813735, 101602.477800000458956, 0.0 ], [ 94035.447499999776483, 101602.318199999630451, 0.0 ], [ 94035.720099999569356, 101602.158800000324845, 0.0 ], [ 94035.992700000293553, 101601.999299999326468, 0.0 ], [ 94036.2652000002563, 101601.839900000020862, 0.0 ], [ 94036.537800000049174, 101601.680400000885129, 0.0 ], [ 94036.810499999672174, 101601.521099999547005, 0.0 ], [ 94037.083100000396371, 101601.361700000241399, 0.0 ], [ 94037.355800000019372, 101601.20240000076592, 0.0 ], [ 94037.628399999812245, 101601.043099999427795, 0.0 ], [ 94037.901100000366569, 101600.883899999782443, 0.0 ], [ 94038.173799999989569, 101600.724700000137091, 0.0 ], [ 94038.446600000374019, 101600.565500000491738, 0.0 ], [ 94038.71929999999702, 101600.406300000846386, 0.0 ], [ 94038.99210000038147, 101600.247199999168515, 0.0 ], [ 94039.264899999834597, 101600.08809999935329, 0.0 ], [ 94039.537700000219047, 101599.929099999368191, 0.0 ], [ 94039.810600000433624, 101599.770099999383092, 0.0 ], [ 94040.083399999886751, 101599.61119999922812, 0.0 ], [ 94040.356300000101328, 101599.452199999243021, 0.0 ], [ 94040.629200000315905, 101599.293400000780821, 0.0 ], [ 94040.902200000360608, 101599.134500000625849, 0.0 ], [ 94041.175099999643862, 101598.975700000301003, 0.0 ], [ 94041.448099999688566, 101598.816999999806285, 0.0 ], [ 94041.721099999733269, 101598.658299999311566, 0.0 ], [ 94041.994199999608099, 101598.499600000679493, 0.0 ], [ 94042.267199999652803, 101598.341000000014901, 0.0 ], [ 94042.540300000458956, 101598.182499999180436, 0.0 ], [ 94042.813400000333786, 101598.023900000378489, 0.0 ], [ 94043.086600000038743, 101597.865499999374151, 0.0 ], [ 94043.3597999997437, 101597.707100000232458, 0.0 ], [ 94043.63300000037998, 101597.54869999922812, 0.0 ], [ 94043.906200000084937, 101597.390399999916553, 0.0 ], [ 94044.17949999962002, 101597.232100000604987, 0.0 ], [ 94044.452800000086427, 101597.073899999260902, 0.0 ], [ 94044.726099999621511, 101596.915699999779463, 0.0 ], [ 94044.999499999918044, 101596.75760000012815, 0.0 ], [ 94045.27280000038445, 101596.599600000306964, 0.0 ], [ 94045.546299999579787, 101596.441600000485778, 0.0 ], [ 94045.81969999987632, 101596.283700000494719, 0.0 ], [ 94046.09320000000298, 101596.125800000503659, 0.0 ], [ 94046.36670000012964, 101595.968000000342727, 0.0 ], [ 94046.640300000086427, 101595.810200000181794, 0.0 ], [ 94046.913900000043213, 101595.652499999850988, 0.0 ], [ 94047.1875, 101595.494899999350309, 0.0 ], [ 94047.461199999786913, 101595.337300000712276, 0.0 ], [ 94047.734899999573827, 101595.179800000041723, 0.0 ], [ 94048.008600000292063, 101595.022299999371171, 0.0 ], [ 94048.282399999909103, 101594.864900000393391, 0.0 ], [ 94048.556200000457466, 101594.707599999383092, 0.0 ], [ 94048.830099999904633, 101594.550400000065565, 0.0 ], [ 94049.104000000283122, 101594.393200000748038, 0.0 ], [ 94049.377899999730289, 101594.236099999397993, 0.0 ], [ 94049.651899999938905, 101594.078999999910593, 0.0 ], [ 94049.925900000147521, 101593.92200000025332, 0.0 ], [ 94050.199900000356138, 101593.765100000426173, 0.0 ], [ 94050.474000000394881, 101593.608300000429153, 0.0 ], [ 94050.748100000433624, 101593.451500000432134, 0.0 ], [ 94051.022300000302494, 101593.294800000265241, 0.0 ], [ 94051.296500000171363, 101593.138199999928474, 0.0 ], [ 94051.57079999987036, 101592.981699999421835, 0.0 ], [ 94051.845099999569356, 101592.825200000777841, 0.0 ], [ 94052.119400000199676, 101592.668800000101328, 0.0 ], [ 94052.393799999728799, 101592.512499999254942, 0.0 ], [ 94052.668300000019372, 101592.356200000271201, 0.0 ], [ 94067.883799999952316, 101583.855599999427795, 0.0 ], [ 94083.231999999843538, 101575.597100000828505, 0.0 ], [ 94083.511300000362098, 101575.449699999764562, 0.0 ], [ 94083.790599999949336, 101575.302400000393391, 0.0 ], [ 94084.070000000298023, 101575.155200000852346, 0.0 ], [ 94084.349399999715388, 101575.007999999448657, 0.0 ], [ 94084.628899999894202, 101574.86089999973774, 0.0 ], [ 94084.908400000073016, 101574.713899999856949, 0.0 ], [ 94085.18790000025183, 101574.566999999806285, 0.0 ], [ 94085.467400000430644, 101574.420199999585748, 0.0 ], [ 94085.747100000269711, 101574.273399999365211, 0.0 ], [ 94086.026700000278652, 101574.126700000837445, 0.0 ], [ 94086.306400000117719, 101573.980100000277162, 0.0 ], [ 94086.586099999956787, 101573.833499999716878, 0.0 ], [ 94086.865899999625981, 101573.687000000849366, 0.0 ], [ 94087.145700000226498, 101573.540599999949336, 0.0 ], [ 94087.425499999895692, 101573.394300000742078, 0.0 ], [ 94087.705299999564886, 101573.247999999672174, 0.0 ], [ 94087.98519999999553, 101573.101800000295043, 0.0 ], [ 94088.2652000002563, 101572.955600000917912, 0.0 ], [ 94088.545099999755621, 101572.809499999508262, 0.0 ], [ 94088.825100000016391, 101572.663499999791384, 0.0 ], [ 94089.105200000107288, 101572.517599999904633, 0.0 ], [ 94089.385300000198185, 101572.371700000017881, 0.0 ], [ 94089.665300000458956, 101572.22580000013113, 0.0 ], [ 94089.94550000037998, 101572.080099999904633, 0.0 ], [ 94090.225599999539554, 101571.934399999678135, 0.0 ], [ 94090.505800000391901, 101571.788699999451637, 0.0 ], [ 94090.786100000143051, 101571.643100000917912, 0.0 ], [ 94091.066300000064075, 101571.497600000351667, 0.0 ], [ 94091.346599999815226, 101571.352099999785423, 0.0 ], [ 94091.626899999566376, 101571.206700000911951, 0.0 ], [ 94091.907200000248849, 101571.061300000175834, 0.0 ], [ 94092.187599999830127, 101570.915999999269843, 0.0 ], [ 94092.468000000342727, 101570.770700000226498, 0.0 ], [ 94092.748399999924004, 101570.625499999150634, 0.0 ], [ 94093.028900000266731, 101570.480399999767542, 0.0 ], [ 94093.309399999678135, 101570.33530000038445, 0.0 ], [ 94093.589900000020862, 101570.190199999138713, 0.0 ], [ 94093.870400000363588, 101570.045199999585748, 0.0 ], [ 94094.150899999774992, 101569.900200000032783, 0.0 ], [ 94094.431499999947846, 101569.755300000309944, 0.0 ], [ 94094.712100000120699, 101569.610500000417233, 0.0 ], [ 94094.992700000293553, 101569.465700000524521, 0.0 ], [ 94095.273400000296533, 101569.320900000631809, 0.0 ], [ 94095.554100000299513, 101569.176200000569224, 0.0 ], [ 94095.834800000302494, 101569.031500000506639, 0.0 ], [ 94096.115500000305474, 101568.886800000444055, 0.0 ], [ 94096.396200000308454, 101568.742200000211596, 0.0 ], [ 94096.677000000141561, 101568.597699999809265, 0.0 ], [ 94096.957700000144541, 101568.453099999576807, 0.0 ], [ 94097.238499999977648, 101568.308700000867248, 0.0 ], [ 94097.519399999640882, 101568.164200000464916, 0.0 ], [ 94097.800200000405312, 101568.019799999892712, 0.0 ], [ 94098.081100000068545, 101567.875399999320507, 0.0 ], [ 94098.361899999901652, 101567.731100000441074, 0.0 ], [ 94098.642799999564886, 101567.586799999698997, 0.0 ], [ 94098.923700000159442, 101567.442500000819564, 0.0 ], [ 94099.204699999652803, 101567.298299999907613, 0.0 ], [ 94099.485600000247359, 101567.154100000858307, 0.0 ], [ 94099.76659999974072, 101567.009899999946356, 0.0 ], [ 94100.047500000335276, 101566.865800000727177, 0.0 ], [ 94100.328499999828637, 101566.721699999645352, 0.0 ], [ 94100.60950000025332, 101566.577600000426173, 0.0 ], [ 94100.89049999974668, 101566.433599999174476, 0.0 ], [ 94101.17160000000149, 101566.289499999955297, 0.0 ], [ 94101.452600000426173, 101566.145600000396371, 0.0 ], [ 94101.73369999974966, 101566.001599999144673, 0.0 ], [ 94102.01480000000447, 101565.857599999755621, 0.0 ], [ 94102.295800000429153, 101565.713700000196695, 0.0 ], [ 94102.576899999752641, 101565.56980000063777, 0.0 ], [ 94102.858000000007451, 101565.425899999216199, 0.0 ], [ 94103.139200000092387, 101565.2820999994874, 0.0 ], [ 94103.420300000347197, 101565.138199999928474, 0.0 ], [ 94103.701399999670684, 101564.994400000199676, 0.0 ], [ 94103.982599999755621, 101564.850600000470877, 0.0 ], [ 94104.263700000010431, 101564.706800000742078, 0.0 ], [ 94104.544900000095367, 101564.563100000843406, 0.0 ], [ 94104.826100000180304, 101564.419299999251962, 0.0 ], [ 94105.107300000265241, 101564.27559999935329, 0.0 ], [ 94105.388399999588728, 101564.131899999454618, 0.0 ], [ 94105.669599999673665, 101563.988199999555945, 0.0 ], [ 94105.950799999758601, 101563.844499999657273, 0.0 ], [ 94106.231999999843538, 101563.700799999758601, 0.0 ], [ 94106.513299999758601, 101563.557099999859929, 0.0 ], [ 94106.794499999843538, 101563.413499999791384, 0.0 ], [ 94107.075699999928474, 101563.269799999892712, 0.0 ], [ 94107.356900000013411, 101563.126199999824166, 0.0 ], [ 94107.638199999928474, 101562.982499999925494, 0.0 ], [ 94107.919400000013411, 101562.838899999856949, 0.0 ], [ 94108.200600000098348, 101562.695299999788404, 0.0 ], [ 94108.481900000013411, 101562.551699999719858, 0.0 ], [ 94108.763100000098348, 101562.408099999651313, 0.0 ], [ 94109.044400000013411, 101562.264499999582767, 0.0 ], [ 94109.325600000098348, 101562.120899999514222, 0.0 ], [ 94109.606900000013411, 101561.977299999445677, 0.0 ], [ 94109.888199999928474, 101561.833599999547005, 0.0 ], [ 94140.783699999563396, 101546.058700000867248, 0.0 ], [ 94141.252500000409782, 101545.819399999454618, 0.0 ], [ 94141.721199999563396, 101545.580000000074506, 0.0 ], [ 94142.190000000409782, 101545.340700000524521, 0.0 ], [ 94142.658699999563396, 101545.101299999281764, 0.0 ], [ 94143.127399999648333, 101544.861899999901652, 0.0 ], [ 94143.596099999733269, 101544.622500000521541, 0.0 ], [ 94144.064799999818206, 101544.382999999448657, 0.0 ], [ 94144.533499999903142, 101544.143500000238419, 0.0 ], [ 94145.002100000157952, 101543.903999999165535, 0.0 ], [ 94145.470700000412762, 101543.66440000012517, 0.0 ], [ 94145.939299999736249, 101543.424699999392033, 0.0 ], [ 94146.407899999991059, 101543.185000000521541, 0.0 ], [ 94146.876400000415742, 101542.945199999958277, 0.0 ], [ 94147.344899999909103, 101542.705299999564886, 0.0 ], [ 94147.813299999572337, 101542.465399999171495, 0.0 ], [ 94148.281700000166893, 101542.225400000810623, 0.0 ], [ 94148.75, 101541.985200000926852, 0.0 ], [ 94149.218299999833107, 101541.744999999180436, 0.0 ], [ 94149.686599999666214, 101541.504699999466538, 0.0 ], [ 94150.154799999669194, 101541.264299999922514, 0.0 ], [ 94150.622899999842048, 101541.023700000718236, 0.0 ], [ 94151.090900000184774, 101540.782999999821186, 0.0 ], [ 94151.558899999596179, 101540.542199999094009, 0.0 ], [ 94152.026899999938905, 101540.301300000399351, 0.0 ], [ 94152.494699999690056, 101540.060200000181794, 0.0 ], [ 94152.962500000372529, 101539.81900000013411, 0.0 ], [ 94153.430200000293553, 101539.5777000002563, 0.0 ], [ 94153.897900000214577, 101539.336200000718236, 0.0 ], [ 94154.365399999544024, 101539.094499999657273, 0.0 ], [ 94154.832899999804795, 101538.852600000798702, 0.0 ], [ 94155.300200000405312, 101538.610600000247359, 0.0 ], [ 94155.767500000074506, 101538.368400000035763, 0.0 ], [ 94156.234699999913573, 101538.126000000163913, 0.0 ], [ 94156.701799999922514, 101537.883500000461936, 0.0 ], [ 94157.168800000101328, 101537.640699999406934, 0.0 ], [ 94157.635599999688566, 101537.397700000554323, 0.0 ], [ 94158.102400000207126, 101537.1546, 0.0 ], [ 94158.569099999964237, 101536.911199999973178, 0.0 ], [ 94159.035600000061095, 101536.667600000277162, 0.0 ], [ 94159.502000000327826, 101536.42369999922812, 0.0 ], [ 94159.968299999833107, 101536.179700000211596, 0.0 ], [ 94160.434500000439584, 101535.935399999842048, 0.0 ], [ 94160.900600000284612, 101535.690899999812245, 0.0 ], [ 94161.366499999538064, 101535.446100000292063, 0.0 ], [ 94161.832299999892712, 101535.200999999418855, 0.0 ], [ 94162.298000000417233, 101534.955700000748038, 0.0 ], [ 94162.763500000350177, 101534.710200000554323, 0.0 ], [ 94163.228900000452995, 101534.464400000870228, 0.0 ], [ 94163.694099999964237, 101534.218299999833107, 0.0 ], [ 94164.159199999645352, 101533.971899999305606, 0.0 ], [ 94164.624099999666214, 101533.725199999287724, 0.0 ], [ 94165.088899999856949, 101533.47829999960959, 0.0 ], [ 94165.55350000038743, 101533.231000000610948, 0.0 ], [ 94166.018000000156462, 101532.98340000025928, 0.0 ], [ 94166.482300000265241, 101532.735600000247359, 0.0 ], [ 94166.946399999782443, 101532.487400000914931, 0.0 ], [ 94167.410400000400841, 101532.238900000229478, 0.0 ], [ 94167.874099999666214, 101531.990100000053644, 0.0 ], [ 94168.337700000032783, 101531.740900000557303, 0.0 ], [ 94168.801199999637902, 101531.491399999707937, 0.0 ], [ 94169.264399999752641, 101531.241599999368191, 0.0 ], [ 94169.727400000207126, 101530.991399999707937, 0.0 ], [ 94170.190299999900162, 101530.740900000557303, 0.0 ], [ 94170.652999999932945, 101530.490000000223517, 0.0 ], [ 94171.115399999544024, 101530.238700000569224, 0.0 ], [ 94171.5777000002563, 101529.987099999561906, 0.0 ], [ 94172.039800000376999, 101529.73509999923408, 0.0 ], [ 94172.501600000075996, 101529.482699999585748, 0.0 ], [ 94172.963200000114739, 101529.229900000616908, 0.0 ], [ 94173.424700000323355, 101528.976700000464916, 0.0 ], [ 94173.885900000110269, 101528.723200000822544, 0.0 ], [ 94174.346900000236928, 101528.469200000166893, 0.0 ], [ 94174.807599999941885, 101528.214800000190735, 0.0 ], [ 94175.268199999816716, 101527.96000000089407, 0.0 ], [ 94175.728500000201166, 101527.704800000414252, 0.0 ], [ 94176.188500000163913, 101527.449200000613928, 0.0 ], [ 94176.648299999535084, 101527.193099999800324, 0.0 ], [ 94177.107900000177324, 101526.936599999666214, 0.0 ], [ 94177.567300000227988, 101526.679700000211596, 0.0 ], [ 94178.026300000026822, 101526.4222999997437, 0.0 ], [ 94178.48519999999553, 101526.16440000012517, 0.0 ], [ 94178.943699999712408, 101525.906099999323487, 0.0 ], [ 94179.402099999599159, 101525.647399999201298, 0.0 ], [ 94179.860100000165403, 101525.388100000098348, 0.0 ], [ 94180.317900000140071, 101525.128399999812245, 0.0 ], [ 94180.775399999693036, 101524.868300000205636, 0.0 ], [ 94181.232599999755621, 101524.607599999755621, 0.0 ], [ 94181.689600000157952, 101524.346400000154972, 0.0 ], [ 94182.146200000308454, 101524.084799999371171, 0.0 ], [ 94182.60259999986738, 101523.822599999606609, 0.0 ], [ 94183.058699999935925, 101523.560000000521541, 0.0 ], [ 94183.514499999582767, 101523.296800000593066, 0.0 ], [ 94183.96999999973923, 101523.033099999651313, 0.0 ], [ 94184.425200000405312, 101522.768899999558926, 0.0 ], [ 94184.880099999718368, 101522.504200000315905, 0.0 ], [ 94199.36849999986589, 101513.691299999132752, 0.0 ], [ 94213.514600000344217, 101504.338700000196695, 0.0 ], [ 94227.298299999907613, 101494.459699999541044, 0.0 ], [ 94240.699900000356138, 101484.068399999290705, 0.0 ], [ 94253.700500000268221, 101473.17960000038147, 0.0 ], [ 94254.097400000318885, 101472.833799999207258, 0.0 ], [ 94254.493800000287592, 101472.487600000575185, 0.0 ], [ 94254.889899999834597, 101472.141000000759959, 0.0 ], [ 94255.285500000230968, 101471.793899999931455, 0.0 ], [ 94255.680800000205636, 101471.446399999782443, 0.0 ], [ 94256.075699999928474, 101471.098400000482798, 0.0 ], [ 94256.470200000330806, 101470.75, 0.0 ], [ 94256.864299999549985, 101470.401200000196695, 0.0 ], [ 94257.258100000210106, 101470.051999999210238, 0.0 ], [ 94257.651399999856949, 101469.702299999073148, 0.0 ], [ 94258.044400000013411, 101469.35219999961555, 0.0 ], [ 94258.43709999974817, 101469.001800000667572, 0.0 ], [ 94258.829400000162423, 101468.650900000706315, 0.0 ], [ 94259.221300000324845, 101468.299599999561906, 0.0 ], [ 94259.612900000065565, 101467.94789999909699, 0.0 ], [ 94260.004099999554455, 101467.595899999141693, 0.0 ], [ 94260.394999999552965, 101467.24349999986589, 0.0 ], [ 94260.785600000061095, 101466.890699999406934, 0.0 ], [ 94261.175800000317395, 101466.537499999627471, 0.0 ], [ 94261.565700000151992, 101466.183900000527501, 0.0 ], [ 94261.955299999564886, 101465.830000000074506, 0.0 ], [ 94262.344499999657273, 101465.47580000013113, 0.0 ], [ 94262.73340000025928, 101465.121200000867248, 0.0 ], [ 94263.122100000269711, 101464.766200000420213, 0.0 ], [ 94263.510400000028312, 101464.410900000482798, 0.0 ], [ 94263.898299999535084, 101464.055299999192357, 0.0 ], [ 94264.286000000312924, 101463.699400000274181, 0.0 ], [ 94264.67339999973774, 101463.343100000172853, 0.0 ], [ 94265.060499999672174, 101462.986500000581145, 0.0 ], [ 94265.447300000116229, 101462.629599999636412, 0.0 ], [ 94265.833899999968708, 101462.272399999201298, 0.0 ], [ 94266.220099999569356, 101461.914799999445677, 0.0 ], [ 94266.606100000441074, 101461.557000000029802, 0.0 ], [ 94266.991799999959767, 101461.198899999260902, 0.0 ], [ 94267.377199999988079, 101460.840500000864267, 0.0 ], [ 94267.762299999594688, 101460.481799999251962, 0.0 ], [ 94268.147199999541044, 101460.122800000011921, 0.0 ], [ 94268.531899999827147, 101459.763599999248981, 0.0 ], [ 94268.916299999691546, 101459.403999999165535, 0.0 ], [ 94269.300400000065565, 101459.044299999251962, 0.0 ], [ 94269.684299999848008, 101458.684200000017881, 0.0 ], [ 94270.067999999970198, 101458.323899999260902, 0.0 ], [ 94270.451399999670684, 101457.963400000706315, 0.0 ], [ 94270.834599999710917, 101457.602600000798702, 0.0 ], [ 94271.21750000026077, 101457.241499999538064, 0.0 ], [ 94271.600300000049174, 101456.880300000309944, 0.0 ], [ 94271.982800000347197, 101456.518799999728799, 0.0 ], [ 94272.365100000053644, 101456.156999999657273, 0.0 ], [ 94272.747200000099838, 101455.795099999755621, 0.0 ], [ 94273.129099999554455, 101455.432900000363588, 0.0 ], [ 94273.510800000280142, 101455.070599999278784, 0.0 ], [ 94273.892300000414252, 101454.708000000566244, 0.0 ], [ 94274.273599999956787, 101454.345200000330806, 0.0 ], [ 94274.654699999839067, 101453.982200000435114, 0.0 ], [ 94275.035699999891222, 101453.619000000879169, 0.0 ], [ 94275.416400000452995, 101453.255699999630451, 0.0 ], [ 94275.79700000025332, 101452.892100000753999, 0.0 ], [ 94276.177400000393391, 101452.528400000184774, 0.0 ], [ 94276.557699999772012, 101452.164499999955297, 0.0 ], [ 94276.937699999660254, 101451.800499999895692, 0.0 ], [ 94277.317699999548495, 101451.436200000345707, 0.0 ], [ 94277.697399999946356, 101451.07179999910295, 0.0 ], [ 94278.077100000344217, 101450.707299999892712, 0.0 ], [ 94278.456600000150502, 101450.342599999159575, 0.0 ], [ 94278.835900000296533, 101449.977800000458956, 0.0 ], [ 94279.215099999681115, 101449.612800000235438, 0.0 ], [ 94279.594200000166893, 101449.247700000181794, 0.0 ], [ 94279.973100000061095, 101448.882400000467896, 0.0 ], [ 94280.351999999955297, 101448.517100000753999, 0.0 ], [ 94280.730700000189245, 101448.151599999517202, 0.0 ], [ 94281.109299999661744, 101447.786000000312924, 0.0 ], [ 94281.487800000235438, 101447.420299999415874, 0.0 ], [ 94281.866200000047684, 101447.054400000721216, 0.0 ], [ 94282.244500000029802, 101446.688500000163913, 0.0 ], [ 94282.622700000181794, 101446.322499999776483, 0.0 ], [ 94283.000799999572337, 101445.956399999558926, 0.0 ], [ 94283.378800000064075, 101445.590199999511242, 0.0 ], [ 94283.756699999794364, 101445.223899999633431, 0.0 ], [ 94284.134600000455976, 101444.857499999925494, 0.0 ], [ 94284.512400000356138, 101444.491100000217557, 0.0 ], [ 94284.890100000426173, 101444.124600000679493, 0.0 ], [ 94285.267799999564886, 101443.757999999448657, 0.0 ], [ 94285.645399999804795, 101443.39130000025034, 0.0 ], [ 94286.022900000214577, 101443.024599999189377, 0.0 ], [ 94286.400399999693036, 101442.6579, 0.0 ], [ 94286.777900000102818, 101442.29109999909997, 0.0 ], [ 94287.155299999751151, 101441.924300000071526, 0.0 ], [ 94287.532700000330806, 101441.557399999350309, 0.0 ], [ 94287.910000000149012, 101441.190500000491738, 0.0 ], [ 94288.287299999967217, 101440.823599999770522, 0.0 ], [ 94288.664599999785423, 101440.456599999219179, 0.0 ], [ 94289.041899999603629, 101440.089600000530481, 0.0 ], [ 94289.419200000353158, 101439.722699999809265, 0.0 ], [ 94289.796400000341237, 101439.355699999257922, 0.0 ], [ 94290.173700000159442, 101438.988600000739098, 0.0 ], [ 94429.228099999949336, 101303.711500000208616, 0.0 ], [ 94429.51480000000447, 101303.432600000873208, 0.0 ], [ 94429.801500000059605, 101303.153699999675155, 0.0 ], [ 94430.088200000114739, 101302.87470000050962, 0.0 ], [ 94430.374900000169873, 101302.595799999311566, 0.0 ], [ 94430.661600000225008, 101302.316899999976158, 0.0 ], [ 94430.948300000280142, 101302.037900000810623, 0.0 ], [ 94431.235000000335276, 101301.75899999961257, 0.0 ], [ 94431.52170000039041, 101301.480100000277162, 0.0 ], [ 94431.808400000445545, 101301.201099999248981, 0.0 ], [ 94432.095099999569356, 101300.922199999913573, 0.0 ], [ 94432.381699999794364, 101300.643200000748038, 0.0 ], [ 94432.668399999849498, 101300.364199999719858, 0.0 ], [ 94432.955000000074506, 101300.08530000038445, 0.0 ], [ 94433.24170000012964, 101299.80629999935627, 0.0 ], [ 94433.528300000354648, 101299.527300000190735, 0.0 ], [ 94433.814899999648333, 101299.248199999332428, 0.0 ], [ 94434.10149999987334, 101298.969200000166893, 0.0 ], [ 94434.388100000098348, 101298.690199999138713, 0.0 ], [ 94434.674700000323355, 101298.411100000143051, 0.0 ], [ 94434.96129999961704, 101298.132099999114871, 0.0 ], [ 94435.247800000011921, 101297.853000000119209, 0.0 ], [ 94435.534400000236928, 101297.573899999260902, 0.0 ], [ 94435.820899999700487, 101297.294800000265241, 0.0 ], [ 94436.107400000095367, 101297.015599999576807, 0.0 ], [ 94436.393899999558926, 101296.736500000581145, 0.0 ], [ 94436.680399999953806, 101296.457299999892712, 0.0 ], [ 94436.966799999587238, 101296.178099999204278, 0.0 ], [ 94437.253200000151992, 101295.898900000378489, 0.0 ], [ 94437.539599999785423, 101295.619699999690056, 0.0 ], [ 94437.826000000350177, 101295.340399999171495, 0.0 ], [ 94438.112399999983609, 101295.061200000345707, 0.0 ], [ 94438.398699999786913, 101294.781899999827147, 0.0 ], [ 94438.684999999590218, 101294.502499999478459, 0.0 ], [ 94438.971300000324845, 101294.223200000822544, 0.0 ], [ 94439.25760000012815, 101293.943800000473857, 0.0 ], [ 94439.543800000101328, 101293.66440000012517, 0.0 ], [ 94439.830000000074506, 101293.384999999776483, 0.0 ], [ 94440.116200000047684, 101293.105499999597669, 0.0 ], [ 94440.402400000020862, 101292.825999999418855, 0.0 ], [ 94440.688500000163913, 101292.546499999240041, 0.0 ], [ 94440.974600000306964, 101292.267000000923872, 0.0 ], [ 94441.260700000450015, 101291.987400000914931, 0.0 ], [ 94441.546699999831617, 101291.707800000905991, 0.0 ], [ 94441.832700000144541, 101291.428099999204278, 0.0 ], [ 94442.118700000457466, 101291.148499999195337, 0.0 ], [ 94442.404600000008941, 101290.868699999526143, 0.0 ], [ 94442.690499999560416, 101290.588999999687076, 0.0 ], [ 94442.976400000043213, 101290.309200000017881, 0.0 ], [ 94443.262199999764562, 101290.029400000348687, 0.0 ], [ 94443.548000000417233, 101289.749500000849366, 0.0 ], [ 94443.833800000138581, 101289.469699999317527, 0.0 ], [ 94444.119500000029802, 101289.189699999988079, 0.0 ], [ 94444.405199999921024, 101288.909700000658631, 0.0 ], [ 94444.690799999982119, 101288.629699999466538, 0.0 ], [ 94444.976400000043213, 101288.349700000137091, 0.0 ], [ 94445.262000000104308, 101288.069599999114871, 0.0 ], [ 94445.547500000335276, 101287.78940000012517, 0.0 ], [ 94445.832999999634922, 101287.50929999910295, 0.0 ], [ 94446.118400000035763, 101287.229000000283122, 0.0 ], [ 94446.403800000436604, 101286.948799999430776, 0.0 ], [ 94446.689199999906123, 101286.668400000780821, 0.0 ], [ 94446.974499999545515, 101286.388100000098348, 0.0 ], [ 94447.259700000286102, 101286.107699999585748, 0.0 ], [ 94447.544900000095367, 101285.827199999243021, 0.0 ], [ 94447.830099999904633, 101285.546700000762939, 0.0 ], [ 94448.115199999883771, 101285.266200000420213, 0.0 ], [ 94448.400200000032783, 101284.985500000417233, 0.0 ], [ 94448.685300000011921, 101284.704900000244379, 0.0 ], [ 94448.970200000330806, 101284.424200000241399, 0.0 ], [ 94449.255099999718368, 101284.143400000408292, 0.0 ], [ 94449.540000000037253, 101283.862600000575185, 0.0 ], [ 94449.824799999594688, 101283.581700000911951, 0.0 ], [ 94450.10950000025332, 101283.300799999386072, 0.0 ], [ 94450.394199999980628, 101283.019799999892712, 0.0 ], [ 94450.678899999707937, 101282.738800000399351, 0.0 ], [ 94472.941800000146031, 101260.403799999505281, 0.0 ], [ 94473.221900000236928, 101260.118200000375509, 0.0 ], [ 94473.502000000327826, 101259.832599999383092, 0.0 ], [ 94473.781999999657273, 101259.54700000025332, 0.0 ], [ 94474.061900000087917, 101259.261299999430776, 0.0 ], [ 94474.341799999587238, 101258.97550000064075, 0.0 ], [ 94474.621700000017881, 101258.689699999988079, 0.0 ], [ 94474.901499999687076, 101258.403799999505281, 0.0 ], [ 94475.181200000457466, 101258.117900000885129, 0.0 ], [ 94475.460900000296533, 101257.832000000402331, 0.0 ], [ 94475.740500000305474, 101257.54590000025928, 0.0 ], [ 94476.020100000314415, 101257.259899999946356, 0.0 ], [ 94476.299599999561906, 101256.973799999803305, 0.0 ], [ 94476.57909999974072, 101256.687599999830127, 0.0 ], [ 94476.858599999919534, 101256.401399999856949, 0.0 ], [ 94477.137900000438094, 101256.115199999883771, 0.0 ], [ 94477.417299999855459, 101255.828900000080466, 0.0 ], [ 94477.696600000374019, 101255.542500000447035, 0.0 ], [ 94477.975899999961257, 101255.256100000813603, 0.0 ], [ 94478.255099999718368, 101254.969699999317527, 0.0 ], [ 94478.534199999645352, 101254.683299999684095, 0.0 ], [ 94478.813400000333786, 101254.396800000220537, 0.0 ], [ 94479.09250000026077, 101254.110200000926852, 0.0 ], [ 94479.371500000357628, 101253.823599999770522, 0.0 ], [ 94479.650500000454485, 101253.537000000476837, 0.0 ], [ 94479.92949999962002, 101253.25029999949038, 0.0 ], [ 94480.208399999886751, 101252.963600000366569, 0.0 ], [ 94480.487300000153482, 101252.676899999380112, 0.0 ], [ 94480.766200000420213, 101252.390100000426173, 0.0 ], [ 94481.044999999925494, 101252.10329999960959, 0.0 ], [ 94481.323800000362098, 101251.816500000655651, 0.0 ], [ 94481.602500000037253, 101251.5296, 0.0 ], [ 94481.881199999712408, 101251.24269999936223, 0.0 ], [ 94482.159900000318885, 101250.955800000578165, 0.0 ], [ 94482.43859999999404, 101250.668800000101328, 0.0 ], [ 94482.717199999839067, 101250.381799999624491, 0.0 ], [ 94482.995799999684095, 101250.094799999147654, 0.0 ], [ 94483.274400000460446, 101249.807700000703335, 0.0 ], [ 94483.552899999544024, 101249.520600000396371, 0.0 ], [ 94483.831399999558926, 101249.233500000089407, 0.0 ], [ 94484.109899999573827, 101248.946399999782443, 0.0 ], [ 94484.388299999758601, 101248.659199999645352, 0.0 ], [ 94484.666699999943376, 101248.371999999508262, 0.0 ], [ 94484.94510000012815, 101248.084799999371171, 0.0 ], [ 94485.223500000312924, 101247.797499999403954, 0.0 ], [ 94485.501899999566376, 101247.510299999266863, 0.0 ], [ 94485.780199999921024, 101247.222999999299645, 0.0 ], [ 94486.058500000275671, 101246.935699999332428, 0.0 ], [ 94486.336799999698997, 101246.648399999365211, 0.0 ], [ 94486.615000000223517, 101246.360999999567866, 0.0 ], [ 94486.893299999646842, 101246.073599999770522, 0.0 ], [ 94487.171500000171363, 101245.786299999803305, 0.0 ], [ 94487.449699999764562, 101245.4989, 0.0 ], [ 94487.727900000289083, 101245.211400000378489, 0.0 ], [ 94488.006099999882281, 101244.924000000581145, 0.0 ], [ 94488.284199999645352, 101244.636499999091029, 0.0 ], [ 94488.562300000339746, 101244.349099999293685, 0.0 ], [ 94488.840499999932945, 101244.061599999666214, 0.0 ], [ 94489.118599999696016, 101243.774100000038743, 0.0 ], [ 94489.39670000039041, 101243.486600000411272, 0.0 ], [ 94489.674800000153482, 101243.199100000783801, 0.0 ], [ 94489.952800000086427, 101242.911499999463558, 0.0 ], [ 94490.230899999849498, 101242.623999999836087, 0.0 ], [ 94490.50899999961257, 101242.336400000378489, 0.0 ], [ 94490.786999999545515, 101242.048900000751019, 0.0 ], [ 94491.065000000409782, 101241.761299999430776, 0.0 ], [ 94491.343100000172853, 101241.473699999973178, 0.0 ], [ 94491.621100000105798, 101241.186200000345707, 0.0 ], [ 94491.899100000038743, 101240.898600000888109, 0.0 ], [ 94492.177099999971688, 101240.610999999567866, 0.0 ], [ 94492.455099999904633, 101240.323400000110269, 0.0 ], [ 94492.733099999837577, 101240.035800000652671, 0.0 ], [ 94493.011099999770522, 101239.748199999332428, 0.0 ], [ 94493.289099999703467, 101239.46059999987483, 0.0 ], [ 94493.567099999636412, 101239.173000000417233, 0.0 ], [ 94493.845099999569356, 101238.885299999266863, 0.0 ], [ 94739.134700000286102, 100985.11089999973774, 0.0 ], [ 94739.573699999600649, 100984.656700000166893, 0.0 ], [ 94740.012699999846518, 100984.202600000426173, 0.0 ], [ 94740.45160000026226, 100983.748500000685453, 0.0 ], [ 94740.890599999576807, 100983.294399999082088, 0.0 ], [ 94741.329599999822676, 100982.840399999171495, 0.0 ], [ 94741.768600000068545, 100982.386399999260902, 0.0 ], [ 94742.207700000144541, 100981.932399999350309, 0.0 ], [ 94742.646800000220537, 100981.478399999439716, 0.0 ], [ 94743.08600000012666, 100981.024599999189377, 0.0 ], [ 94743.525299999862909, 100980.570699999108911, 0.0 ], [ 94743.964599999599159, 100980.117000000551343, 0.0 ], [ 94744.404000000096858, 100979.66330000013113, 0.0 ], [ 94744.843399999663234, 100979.209699999541044, 0.0 ], [ 94745.282999999821186, 100978.756100000813603, 0.0 ], [ 94745.722599999979138, 100978.302699999883771, 0.0 ], [ 94746.162299999967217, 100977.84940000064671, 0.0 ], [ 94746.60219999961555, 100977.396099999547005, 0.0 ], [ 94747.042200000025332, 100976.942999999970198, 0.0 ], [ 94747.482200000435114, 100976.490000000223517, 0.0 ], [ 94747.922500000335276, 100976.037100000306964, 0.0 ], [ 94748.362800000235438, 100975.584400000050664, 0.0 ], [ 94748.803299999795854, 100975.131699999794364, 0.0 ], [ 94749.243900000117719, 100974.679300000891089, 0.0 ], [ 94749.684700000099838, 100974.22690000012517, 0.0 ], [ 94750.12569999974221, 100973.774800000712276, 0.0 ], [ 94750.566800000146031, 100973.322799999266863, 0.0 ], [ 94751.008100000210106, 100972.870899999514222, 0.0 ], [ 94751.449500000104308, 100972.419299999251962, 0.0 ], [ 94751.891200000420213, 100971.967800000682473, 0.0 ], [ 94752.332999999634922, 100971.516499999910593, 0.0 ], [ 94752.775100000202656, 100971.065400000661612, 0.0 ], [ 94753.217299999669194, 100970.614499999210238, 0.0 ], [ 94753.659799999557436, 100970.163799999281764, 0.0 ], [ 94754.102500000037253, 100969.713400000706315, 0.0 ], [ 94754.545400000177324, 100969.263100000098348, 0.0 ], [ 94754.988499999977648, 100968.813100000843406, 0.0 ], [ 94755.431900000199676, 100968.363299999386072, 0.0 ], [ 94755.875500000081956, 100967.913799999281764, 0.0 ], [ 94756.31940000038594, 100967.464500000700355, 0.0 ], [ 94756.763600000180304, 100967.01549999974668, 0.0 ], [ 94757.207999999634922, 100966.566700000315905, 0.0 ], [ 94757.652700000442564, 100966.118200000375509, 0.0 ], [ 94758.097599999979138, 100965.669999999925494, 0.0 ], [ 94758.542899999767542, 100965.221999999135733, 0.0 ], [ 94758.988400000147521, 100964.774399999529123, 0.0 ], [ 94759.434200000017881, 100964.326999999582767, 0.0 ], [ 94759.880400000140071, 100963.880000000819564, 0.0 ], [ 94760.326799999922514, 100963.433199999853969, 0.0 ], [ 94760.773599999956787, 100962.986800000071526, 0.0 ], [ 94761.220599999651313, 100962.540699999779463, 0.0 ], [ 94761.668100000359118, 100962.094900000840425, 0.0 ], [ 94762.115799999795854, 100961.64949999935925, 0.0 ], [ 94762.563900000415742, 100961.2043999992311, 0.0 ], [ 94763.012299999594688, 100960.759700000286102, 0.0 ], [ 94763.461099999956787, 100960.315300000831485, 0.0 ], [ 94763.910299999639392, 100959.871300000697374, 0.0 ], [ 94764.3597999997437, 100959.427600000053644, 0.0 ], [ 94764.809700000099838, 100958.984400000423193, 0.0 ], [ 94765.259999999776483, 100958.541500000283122, 0.0 ], [ 94765.71059999987483, 100958.098999999463558, 0.0 ], [ 94766.161700000055134, 100957.656899999827147, 0.0 ], [ 94766.613099999725819, 100957.215199999511242, 0.0 ], [ 94767.065000000409782, 100956.774000000208616, 0.0 ], [ 94767.517300000414252, 100956.333100000396371, 0.0 ], [ 94767.96999999973923, 100955.892699999734759, 0.0 ], [ 94768.423100000247359, 100955.4527000002563, 0.0 ], [ 94768.876600000075996, 100955.013199999928474, 0.0 ], [ 94769.330599999986589, 100954.574100000783801, 0.0 ], [ 94769.785000000149012, 100954.135500000789762, 0.0 ], [ 94770.239799999631941, 100953.697300000116229, 0.0 ], [ 94770.69510000012815, 100953.259600000455976, 0.0 ], [ 94771.150899999774992, 100952.822399999946356, 0.0 ], [ 94771.607099999673665, 100952.385600000619888, 0.0 ], [ 94772.063900000415742, 100951.949400000274181, 0.0 ], [ 94772.520999999716878, 100951.513599999248981, 0.0 ], [ 94772.978699999861419, 100951.078400000929832, 0.0 ], [ 94773.436900000087917, 100950.643699999898672, 0.0 ], [ 94773.895499999634922, 100950.209499999880791, 0.0 ], [ 94774.354600000195205, 100949.775800000876188, 0.0 ], [ 94774.814299999736249, 100949.342599999159575, 0.0 ], [ 94775.274500000290573, 100948.910000000149012, 0.0 ], [ 94775.735100000165403, 100948.478000000119209, 0.0 ], [ 94776.196299999952316, 100948.046499999240041, 0.0 ], [ 94776.658099999651313, 100947.615599999204278, 0.0 ], [ 94777.120299999602139, 100947.185200000181794, 0.0 ], [ 94777.583200000226498, 100946.755499999970198, 0.0 ], [ 94778.046500000171363, 100946.32630000077188, 0.0 ], [ 94778.510400000028312, 100945.897700000554323, 0.0 ], [ 94778.974899999797344, 100945.469699999317527, 0.0 ], [ 94779.439899999648333, 100945.042400000616908, 0.0 ], [ 94779.905500000342727, 100944.615599999204278, 0.0 ], [ 94780.371700000017881, 100944.189500000327826, 0.0 ], [ 94780.838399999774992, 100943.764000000432134, 0.0 ], [ 94781.305700000375509, 100943.339199999347329, 0.0 ], [ 94781.773699999786913, 100942.914899999275804, 0.0 ], [ 94792.884100000374019, 100933.183700000867248, 0.0 ], [ 94804.307900000363588, 100923.822300000116229, 0.0 ], [ 94816.032700000330806, 100914.840900000184774, 0.0 ], [ 94816.540599999949336, 100914.465399999171495, 0.0 ], [ 94817.048999999649823, 100914.090700000524521, 0.0 ], [ 94817.557900000363588, 100913.716700000688434, 0.0 ], [ 94818.067400000058115, 100913.343299999833107, 0.0 ], [ 94818.57730000000447, 100912.97069999948144, 0.0 ], [ 94819.087700000032783, 100912.598699999973178, 0.0 ], [ 94819.598600000143051, 100912.227399999275804, 0.0 ], [ 94820.110000000335276, 100911.856799999251962, 0.0 ], [ 94820.621899999678135, 100911.486800000071526, 0.0 ], [ 94821.134200000204146, 100911.11739999987185, 0.0 ], [ 94821.646999999880791, 100910.748800000175834, 0.0 ], [ 94822.160299999639392, 100910.380699999630451, 0.0 ], [ 94822.673999999649823, 100910.013299999758601, 0.0 ], [ 94823.188099999912083, 100909.646500000730157, 0.0 ], [ 94823.7027000002563, 100909.280300000682473, 0.0 ], [ 94824.217699999921024, 100908.91469999961555, 0.0 ], [ 94824.733199999667704, 100908.549799999222159, 0.0 ], [ 94825.248999999836087, 100908.185399999842048, 0.0 ], [ 94825.765300000086427, 100907.821599999442697, 0.0 ], [ 94826.281999999657273, 100907.458399999886751, 0.0 ], [ 94826.799100000411272, 100907.095799999311566, 0.0 ], [ 94827.316599999554455, 100906.73369999974966, 0.0 ], [ 94827.834499999880791, 100906.372199999168515, 0.0 ], [ 94828.352699999697506, 100906.011199999600649, 0.0 ], [ 94828.871399999596179, 100905.650800000876188, 0.0 ], [ 94829.390399999916553, 100905.290899999439716, 0.0 ], [ 94829.909799999557436, 100904.931600000709295, 0.0 ], [ 94830.42949999962002, 100904.572699999436736, 0.0 ], [ 94830.949599999934435, 100904.214400000870228, 0.0 ], [ 94831.470099999569356, 100903.856599999591708, 0.0 ], [ 94831.990899999625981, 100903.499299999326468, 0.0 ], [ 94832.512000000104308, 100903.142500000074506, 0.0 ], [ 94833.033400000073016, 100902.786199999973178, 0.0 ], [ 94833.555200000293553, 100902.430299999192357, 0.0 ], [ 94834.07730000000447, 100902.074899999424815, 0.0 ], [ 94834.599799999967217, 100901.720000000670552, 0.0 ], [ 94835.122499999590218, 100901.365499999374151, 0.0 ], [ 94835.645499999634922, 100901.011499999091029, 0.0 ], [ 94836.168899999931455, 100900.657999999821186, 0.0 ], [ 94836.692499999888241, 100900.304800000041723, 0.0 ], [ 94837.216400000266731, 100899.952099999412894, 0.0 ], [ 94837.740600000135601, 100899.599799999967217, 0.0 ], [ 94838.264999999664724, 100899.247899999842048, 0.0 ], [ 94838.789800000376999, 100898.89640000090003, 0.0 ], [ 94839.314799999818206, 100898.545299999415874, 0.0 ], [ 94839.839999999850988, 100898.194599999114871, 0.0 ], [ 94840.365600000135601, 100897.8443, 0.0 ], [ 94840.89130000025034, 100897.494400000199676, 0.0 ], [ 94841.417299999855459, 100897.144799999892712, 0.0 ], [ 94841.943599999882281, 100896.7956000007689, 0.0 ], [ 94842.46999999973923, 100896.446699999272823, 0.0 ], [ 94842.996700000017881, 100896.098200000822544, 0.0 ], [ 94843.523699999786913, 100895.75, 0.0 ], [ 94844.050800000317395, 100895.402100000530481, 0.0 ], [ 94844.578200000338256, 100895.054500000551343, 0.0 ], [ 94845.105700000189245, 100894.707299999892712, 0.0 ], [ 94845.633500000461936, 100894.360400000587106, 0.0 ], [ 94846.161399999633431, 100894.013699999079108, 0.0 ], [ 94846.689600000157952, 100893.667400000616908, 0.0 ], [ 94847.217899999581277, 100893.321299999952316, 0.0 ], [ 94847.746399999596179, 100892.97550000064075, 0.0 ], [ 94848.275100000202656, 100892.630000000819564, 0.0 ], [ 94848.803899999707937, 100892.284700000658631, 0.0 ], [ 94849.332899999804795, 100891.939699999988079, 0.0 ], [ 94849.862099999561906, 100891.594900000840425, 0.0 ], [ 94850.391400000080466, 100891.25029999949038, 0.0 ], [ 94850.92090000025928, 100890.905999999493361, 0.0 ], [ 94851.450500000268221, 100890.561899999156594, 0.0 ], [ 94851.980200000107288, 100890.218000000342727, 0.0 ], [ 94852.510099999606609, 100889.874299999326468, 0.0 ], [ 94853.04009999986738, 100889.530799999833107, 0.0 ], [ 94853.570199999958277, 100889.1875, 0.0 ], [ 94854.100499999709427, 100888.844399999827147, 0.0 ], [ 94854.630800000391901, 100888.501499999314547, 0.0 ], [ 94855.161299999803305, 100888.158700000494719, 0.0 ], [ 94855.691800000146031, 100887.816099999472499, 0.0 ], [ 94856.222500000149012, 100887.473600000143051, 0.0 ], [ 94856.753299999982119, 100887.13120000064373, 0.0 ], [ 94857.284099999815226, 100886.789000000804663, 0.0 ], [ 94857.815000000409782, 100886.447000000625849, 0.0 ], [ 94858.345999999903142, 100886.105000000447035, 0.0 ], [ 94858.877100000157952, 100885.763100000098348, 0.0 ], [ 94859.408200000412762, 100885.421399999409914, 0.0 ], [ 94859.939399999566376, 100885.079700000584126, 0.0 ], [ 94860.470599999651313, 100884.738199999555945, 0.0 ], [ 94861.001899999566376, 100884.39670000039041, 0.0 ], [ 94861.533300000242889, 100884.05519999936223, 0.0 ], [ 94862.064600000157952, 100883.713899999856949, 0.0 ], [ 94862.596099999733269, 100883.372600000351667, 0.0 ], [ 94863.127500000409782, 100883.031300000846386, 0.0 ], [ 94863.658999999985099, 100882.690099999308586, 0.0 ], [ 94864.190499999560416, 100882.348899999633431, 0.0 ], [ 94864.722000000067055, 100882.007799999788404, 0.0 ], [ 94865.253499999642372, 100881.666600000113249, 0.0 ], [ 94865.785099999979138, 100881.325500000268221, 0.0 ], [ 95431.259399999864399, 100518.39780000038445, 0.0 ], [ 95431.569500000216067, 100518.198799999430776, 0.0 ], [ 95431.879599999636412, 100517.999800000339746, 0.0 ], [ 95432.189600000157952, 100517.800799999386072, 0.0 ], [ 95432.499699999578297, 100517.601800000295043, 0.0 ], [ 95432.809700000099838, 100517.402799999341369, 0.0 ], [ 95433.119800000451505, 100517.20380000025034, 0.0 ], [ 95433.429800000041723, 100517.004699999466538, 0.0 ], [ 95433.739799999631941, 100516.805700000375509, 0.0 ], [ 95434.049899999983609, 100516.606699999421835, 0.0 ], [ 95434.359899999573827, 100516.407600000500679, 0.0 ], [ 95434.669900000095367, 100516.208599999547005, 0.0 ], [ 95434.979899999685585, 100516.009500000625849, 0.0 ], [ 95435.289900000207126, 100515.810399999842048, 0.0 ], [ 95435.599899999797344, 100515.611300000920892, 0.0 ], [ 95435.909900000318885, 100515.412200000137091, 0.0 ], [ 95436.219800000078976, 100515.212999999523163, 0.0 ], [ 95436.529799999669194, 100515.013900000602007, 0.0 ], [ 95436.839700000360608, 100514.814699999988079, 0.0 ], [ 95437.149600000120699, 100514.615499999374151, 0.0 ], [ 95437.459499999880791, 100514.416300000622869, 0.0 ], [ 95437.769399999640882, 100514.217000000178814, 0.0 ], [ 95438.079300000332296, 100514.017699999734759, 0.0 ], [ 95438.389200000092387, 100513.818399999290705, 0.0 ], [ 95438.699000000022352, 100513.619100000709295, 0.0 ], [ 95439.008799999952316, 100513.419800000265241, 0.0 ], [ 95439.318599999882281, 100513.2204, 0.0 ], [ 95439.628399999812245, 100513.020899999886751, 0.0 ], [ 95439.93819999974221, 100512.82149999961257, 0.0 ], [ 95440.247899999842048, 100512.621999999508262, 0.0 ], [ 95440.557599999941885, 100512.422499999403954, 0.0 ], [ 95440.867300000041723, 100512.222899999469519, 0.0 ], [ 95441.177000000141561, 100512.023299999535084, 0.0 ], [ 95441.486600000411272, 100511.823699999600649, 0.0 ], [ 95441.796299999579787, 100511.623999999836087, 0.0 ], [ 95442.105899999849498, 100511.424300000071526, 0.0 ], [ 95442.415400000289083, 100511.224600000306964, 0.0 ], [ 95442.724999999627471, 100511.024800000712276, 0.0 ], [ 95443.034500000067055, 100510.824899999424815, 0.0 ], [ 95443.343999999575317, 100510.625099999830127, 0.0 ], [ 95443.653400000184774, 100510.425100000575185, 0.0 ], [ 95443.962799999862909, 100510.225099999457598, 0.0 ], [ 95444.272199999541044, 100510.025100000202656, 0.0 ], [ 95444.581600000150502, 100509.824999999254942, 0.0 ], [ 95444.89089999999851, 100509.624900000169873, 0.0 ], [ 95445.200199999846518, 100509.424699999392033, 0.0 ], [ 95445.509399999864399, 100509.224500000476837, 0.0 ], [ 95445.818599999882281, 100509.02419999986887, 0.0 ], [ 95446.127799999900162, 100508.823799999430776, 0.0 ], [ 95446.436999999918044, 100508.623400000855327, 0.0 ], [ 95446.746100000105798, 100508.422900000587106, 0.0 ], [ 95447.055100000463426, 100508.222400000318885, 0.0 ], [ 95447.364199999719858, 100508.021800000220537, 0.0 ], [ 95447.673200000077486, 100507.82120000012219, 0.0 ], [ 95447.982099999673665, 100507.620500000193715, 0.0 ], [ 95448.291000000201166, 100507.419700000435114, 0.0 ], [ 95448.599899999797344, 100507.218800000846386, 0.0 ], [ 95448.908699999563396, 100507.017899999395013, 0.0 ], [ 95449.21750000026077, 100506.816999999806285, 0.0 ], [ 95449.526200000196695, 100506.615900000557303, 0.0 ], [ 95449.83490000013262, 100506.414799999445677, 0.0 ], [ 95450.143500000238419, 100506.213600000366569, 0.0 ], [ 95450.452100000344217, 100506.012299999594688, 0.0 ], [ 95450.760599999688566, 100505.811000000685453, 0.0 ], [ 95451.069099999964237, 100505.609600000083447, 0.0 ], [ 95451.377500000409782, 100505.408099999651313, 0.0 ], [ 95451.685899999924004, 100505.206499999389052, 0.0 ], [ 95451.994300000369549, 100505.004899999126792, 0.0 ], [ 95452.302600000053644, 100504.803099999204278, 0.0 ], [ 95452.610799999907613, 100504.601299999281764, 0.0 ], [ 95452.918999999761581, 100504.399399999529123, 0.0 ], [ 95453.227099999785423, 100504.197499999776483, 0.0 ], [ 95453.535199999809265, 100503.995400000363588, 0.0 ], [ 95453.84320000000298, 100503.793299999088049, 0.0 ], [ 95454.151100000366569, 100503.591000000014901, 0.0 ], [ 95454.458999999798834, 100503.388699999079108, 0.0 ], [ 95454.766800000332296, 100503.186300000175834, 0.0 ], [ 95455.074599999934435, 100502.983799999579787, 0.0 ], [ 95455.382299999706447, 100502.781199999153614, 0.0 ], [ 95455.690000000409782, 100502.578500000759959, 0.0 ], [ 95455.997600000351667, 100502.375700000673532, 0.0 ], [ 95456.305100000463426, 100502.172800000756979, 0.0 ], [ 95456.612599999643862, 100501.969900000840425, 0.0 ], [ 95456.919999999925494, 100501.766799999400973, 0.0 ], [ 95457.227300000376999, 100501.5636, 0.0 ], [ 95457.534599999897182, 100501.360400000587106, 0.0 ], [ 95457.841799999587238, 100501.156999999657273, 0.0 ], [ 95458.148900000378489, 100500.953500000759959, 0.0 ], [ 95458.456000000238419, 100500.749900000169873, 0.0 ], [ 95458.763000000268221, 100500.546299999579787, 0.0 ], [ 95459.069899999536574, 100500.342499999329448, 0.0 ], [ 95459.376799999736249, 100500.138599999248981, 0.0 ], [ 95459.683600000105798, 100499.934599999338388, 0.0 ], [ 95459.990299999713898, 100499.730499999597669, 0.0 ], [ 95460.296900000423193, 100499.526200000196695, 0.0 ], [ 95460.603500000201166, 100499.321900000795722, 0.0 ], [ 95479.696899999864399, 100486.268899999558926, 0.0 ], [ 95498.48340000025928, 100472.777799999341369, 0.0 ], [ 95516.952800000086427, 100458.855799999088049, 0.0 ], [ 95535.095200000330806, 100444.51039999909699, 0.0 ], [ 95552.901100000366569, 100429.749199999496341, 0.0 ], [ 95553.182000000029802, 100429.510700000450015, 0.0 ], [ 95553.462700000032783, 100429.272199999541044, 0.0 ], [ 95553.743400000035763, 100429.033500000834465, 0.0 ], [ 95554.024000000208616, 100428.794800000265241, 0.0 ], [ 95554.30449999962002, 100428.555900000035763, 0.0 ], [ 95554.58490000013262, 100428.316999999806285, 0.0 ], [ 95554.865299999713898, 100428.077899999916553, 0.0 ], [ 95555.145499999634922, 100427.838800000026822, 0.0 ], [ 95555.425699999555945, 100427.599500000476837, 0.0 ], [ 95555.705799999646842, 100427.360200000926852, 0.0 ], [ 95555.985799999907613, 100427.120799999684095, 0.0 ], [ 95556.265800000168383, 100426.881300000473857, 0.0 ], [ 95556.545599999837577, 100426.641699999570847, 0.0 ], [ 95556.825400000438094, 100426.402000000700355, 0.0 ], [ 95557.105100000277162, 100426.162200000137091, 0.0 ], [ 95557.384800000116229, 100425.9222999997437, 0.0 ], [ 95557.66440000012517, 100425.682399999350309, 0.0 ], [ 95557.943799999542534, 100425.442399999126792, 0.0 ], [ 95558.223299999721348, 100425.202199999243021, 0.0 ], [ 95558.502600000239909, 100424.96199999935925, 0.0 ], [ 95558.781899999827147, 100424.721799999475479, 0.0 ], [ 95559.061099999584258, 100424.481399999931455, 0.0 ], [ 95559.340300000272691, 100424.240900000557303, 0.0 ], [ 95559.619300000369549, 100424.000399999320507, 0.0 ], [ 95559.898299999535084, 100423.759800000116229, 0.0 ], [ 95560.177299999631941, 100423.519200000911951, 0.0 ], [ 95560.456199999898672, 100423.278400000184774, 0.0 ], [ 95560.735000000335276, 100423.037599999457598, 0.0 ], [ 95561.013700000010431, 100422.796700000762939, 0.0 ], [ 95561.292399999685585, 100422.555700000375509, 0.0 ], [ 95561.571100000292063, 100422.314699999988079, 0.0 ], [ 95561.849600000306964, 100422.073599999770522, 0.0 ], [ 95562.128100000321865, 100421.832399999722838, 0.0 ], [ 95562.406600000336766, 100421.591199999675155, 0.0 ], [ 95562.684999999590218, 100421.349899999797344, 0.0 ], [ 95562.963299999944866, 100421.108500000089407, 0.0 ], [ 95563.241600000299513, 100420.86710000038147, 0.0 ], [ 95563.519899999722838, 100420.625600000843406, 0.0 ], [ 95563.798000000417233, 100420.38399999961257, 0.0 ], [ 95564.076200000010431, 100420.142400000244379, 0.0 ], [ 95564.354199999943376, 100419.900699999183416, 0.0 ], [ 95564.632299999706447, 100419.658999999985099, 0.0 ], [ 95564.910199999809265, 100419.417199999094009, 0.0 ], [ 95565.18819999974221, 100419.175300000235438, 0.0 ], [ 95565.466000000014901, 100418.933399999514222, 0.0 ], [ 95565.743900000117719, 100418.691500000655651, 0.0 ], [ 95566.021599999628961, 100418.449500000104308, 0.0 ], [ 95566.299399999901652, 100418.207399999722838, 0.0 ], [ 95566.577100000344217, 100417.965299999341369, 0.0 ], [ 95566.854700000025332, 100417.723099999129772, 0.0 ], [ 95567.132299999706447, 100417.480900000780821, 0.0 ], [ 95567.409900000318885, 100417.238700000569224, 0.0 ], [ 95567.687400000169873, 100416.996400000527501, 0.0 ], [ 95567.964900000020862, 100416.754000000655651, 0.0 ], [ 95568.24239999987185, 100416.511600000783801, 0.0 ], [ 95568.519799999892712, 100416.269200000911951, 0.0 ], [ 95568.797199999913573, 100416.026699999347329, 0.0 ], [ 95569.074500000104308, 100415.784199999645352, 0.0 ], [ 95569.351800000295043, 100415.541600000113249, 0.0 ], [ 95569.629099999554455, 100415.299000000581145, 0.0 ], [ 95569.906299999915063, 100415.056399999186397, 0.0 ], [ 95570.183500000275671, 100414.813699999824166, 0.0 ], [ 95570.460699999704957, 100414.571000000461936, 0.0 ], [ 95570.737900000065565, 100414.328299999237061, 0.0 ], [ 95571.014999999664724, 100414.085500000044703, 0.0 ], [ 95571.292100000195205, 100413.842700000852346, 0.0 ], [ 95571.569099999964237, 100413.599899999797344, 0.0 ], [ 95571.846199999563396, 100413.35700000077486, 0.0 ], [ 95572.123200000263751, 100413.114099999889731, 0.0 ], [ 95572.400100000202656, 100412.871200000867248, 0.0 ], [ 95572.677099999971688, 100412.628200000151992, 0.0 ], [ 95572.953999999910593, 100412.385199999436736, 0.0 ], [ 95573.230999999679625, 100412.142200000584126, 0.0 ], [ 95573.50789999961853, 100411.89919999986887, 0.0 ], [ 95573.784699999727309, 100411.656199999153614, 0.0 ], [ 95574.061599999666214, 100411.413100000470877, 0.0 ], [ 95574.338399999774992, 100411.169999999925494, 0.0 ], [ 95574.615299999713898, 100410.926899999380112, 0.0 ], [ 95574.892099999822676, 100410.683800000697374, 0.0 ], [ 95575.168899999931455, 100410.440600000321865, 0.0 ], [ 95575.445600000210106, 100410.197399999946356, 0.0 ], [ 95575.722400000318885, 100409.954299999400973, 0.0 ], [ 95575.999099999666214, 100409.711100000888109, 0.0 ], [ 95576.275899999774992, 100409.4679000005126, 0.0 ], [ 95576.552600000053644, 100409.224700000137091, 0.0 ], [ 95576.829300000332296, 100408.981399999931455, 0.0 ], [ 95577.106100000441074, 100408.738199999555945, 0.0 ], [ 95577.382799999788404, 100408.494999999180436, 0.0 ], [ 95577.659500000067055, 100408.251700000837445, 0.0 ], [ 95577.936099999584258, 100408.008400000631809, 0.0 ], [ 95578.212799999862909, 100407.7652000002563, 0.0 ], [ 95578.489500000141561, 100407.521900000050664, 0.0 ], [ 95578.766200000420213, 100407.278599999845028, 0.0 ], [ 95579.042899999767542, 100407.035399999469519, 0.0 ], [ 95579.319600000046194, 100406.792099999263883, 0.0 ], [ 95905.35950000025332, 100120.115000000223517, 0.0 ], [ 95905.754800000227988, 100119.767400000244379, 0.0 ], [ 95906.150000000372529, 100119.419900000095367, 0.0 ], [ 95906.545300000347197, 100119.072399999946356, 0.0 ], [ 95906.940600000321865, 100118.724899999797344, 0.0 ], [ 95907.33600000012666, 100118.377399999648333, 0.0 ], [ 95907.731300000101328, 100118.029999999329448, 0.0 ], [ 95908.126699999906123, 100117.682700000703335, 0.0 ], [ 95908.522199999541044, 100117.335400000214577, 0.0 ], [ 95908.917700000107288, 100116.988199999555945, 0.0 ], [ 95909.313299999572337, 100116.641000000759959, 0.0 ], [ 95909.708999999798834, 100116.293999999761581, 0.0 ], [ 95910.104799999855459, 100115.947000000625849, 0.0 ], [ 95910.500599999912083, 100115.600199999287724, 0.0 ], [ 95910.896599999628961, 100115.253399999812245, 0.0 ], [ 95911.292700000107288, 100114.9068, 0.0 ], [ 95911.688799999654293, 100114.560300000011921, 0.0 ], [ 95912.085099999792874, 100114.213999999687076, 0.0 ], [ 95912.481599999591708, 100113.867799999192357, 0.0 ], [ 95912.878100000321865, 100113.521800000220537, 0.0 ], [ 95913.27489999961108, 100113.175899999216199, 0.0 ], [ 95913.671699999831617, 100112.830199999734759, 0.0 ], [ 95914.068799999542534, 100112.484699999913573, 0.0 ], [ 95914.466000000014901, 100112.139399999752641, 0.0 ], [ 95914.863300000317395, 100111.794299999251962, 0.0 ], [ 95915.260900000110269, 100111.449400000274181, 0.0 ], [ 95915.658599999733269, 100111.104699999094009, 0.0 ], [ 95916.056599999777973, 100110.760299999266863, 0.0 ], [ 95916.454699999652803, 100110.41609999909997, 0.0 ], [ 95916.853099999949336, 100110.072100000455976, 0.0 ], [ 95917.251699999906123, 100109.728399999439716, 0.0 ], [ 95917.650500000454485, 100109.384899999946356, 0.0 ], [ 95918.049599999561906, 100109.041799999773502, 0.0 ], [ 95918.448900000192225, 100108.698899999260902, 0.0 ], [ 95918.848399999551475, 100108.356300000101328, 0.0 ], [ 95919.248200000263751, 100108.014000000432134, 0.0 ], [ 95919.648299999535084, 100107.67200000025332, 0.0 ], [ 95920.048600000329316, 100107.330399999395013, 0.0 ], [ 95920.449199999682605, 100106.989000000059605, 0.0 ], [ 95920.850200000219047, 100106.648000000044703, 0.0 ], [ 95921.251400000415742, 100106.307399999350309, 0.0 ], [ 95921.652900000102818, 100105.9671, 0.0 ], [ 95922.054700000211596, 100105.627100000157952, 0.0 ], [ 95922.456799999810755, 100105.287599999457598, 0.0 ], [ 95922.859299999661744, 100104.948400000110269, 0.0 ], [ 95923.262000000104308, 100104.609600000083447, 0.0 ], [ 95923.665199999697506, 100104.271299999207258, 0.0 ], [ 95924.068599999882281, 100103.933299999684095, 0.0 ], [ 95924.472500000149012, 100103.595799999311566, 0.0 ], [ 95924.876600000075996, 100103.258600000292063, 0.0 ], [ 95925.281200000084937, 100102.92200000025332, 0.0 ], [ 95925.686099999584258, 100102.585699999704957, 0.0 ], [ 95926.091400000266731, 100102.25, 0.0 ], [ 95926.497100000269711, 100101.91469999961555, 0.0 ], [ 95926.903099999763072, 100101.579800000414252, 0.0 ], [ 95927.309600000269711, 100101.245500000193715, 0.0 ], [ 95927.716500000096858, 100100.911599999293685, 0.0 ], [ 95928.123800000175834, 100100.578299999237061, 0.0 ], [ 95928.531499999575317, 100100.245500000193715, 0.0 ], [ 95928.939699999988079, 100099.913200000301003, 0.0 ], [ 95929.348299999721348, 100099.581399999558926, 0.0 ], [ 95929.757299999706447, 100099.250199999660254, 0.0 ], [ 95930.166699999943376, 100098.91950000077486, 0.0 ], [ 95930.576700000092387, 100098.589400000870228, 0.0 ], [ 95930.986999999731779, 100098.259899999946356, 0.0 ], [ 95931.397900000214577, 100097.930900000035763, 0.0 ], [ 95931.809200000017881, 100097.602600000798702, 0.0 ], [ 95932.220999999903142, 100097.274800000712276, 0.0 ], [ 95932.63329999987036, 100096.947699999436736, 0.0 ], [ 95933.046099999919534, 100096.621099999174476, 0.0 ], [ 95933.459400000050664, 100096.295199999585748, 0.0 ], [ 95933.873200000263751, 100095.970000000670552, 0.0 ], [ 95934.287499999627471, 100095.645400000736117, 0.0 ], [ 95934.70230000000447, 100095.321399999782443, 0.0 ], [ 95935.117600000463426, 100094.998199999332428, 0.0 ], [ 95935.533499999903142, 100094.675599999725819, 0.0 ], [ 95935.949900000356138, 100094.353700000792742, 0.0 ], [ 95936.366799999959767, 100094.032500000670552, 0.0 ], [ 95936.784300000406802, 100093.71199999935925, 0.0 ], [ 95937.202399999834597, 100093.392300000414252, 0.0 ], [ 95937.621000000275671, 100093.073200000450015, 0.0 ], [ 95938.04009999986738, 100092.755000000819564, 0.0 ], [ 95938.45990000013262, 100092.437400000169873, 0.0 ], [ 95938.880199999548495, 100092.120699999853969, 0.0 ], [ 95939.301099999807775, 100091.804700000211596, 0.0 ], [ 95939.722599999979138, 100091.489499999210238, 0.0 ], [ 95940.144600000232458, 100091.175000000745058, 0.0 ], [ 95940.567300000227988, 100090.861400000751019, 0.0 ], [ 95940.990600000135601, 100090.548599999397993, 0.0 ], [ 95941.414499999955297, 100090.236700000241399, 0.0 ], [ 95941.838999999687076, 100089.925499999895692, 0.0 ], [ 95942.26410000026226, 100089.615199999883771, 0.0 ], [ 95942.689899999648333, 100089.305800000205636, 0.0 ], [ 95943.11629999987781, 100088.997300000861287, 0.0 ], [ 95943.543300000019372, 100088.689600000157952, 0.0 ], [ 95943.970999999903142, 100088.382799999788404, 0.0 ], [ 95955.172600000165403, 100080.814400000497699, 0.0 ], [ 95966.766900000162423, 100073.862500000745058, 0.0 ], [ 95978.71999999973923, 100067.547499999403954, 0.0 ], [ 95990.997000000439584, 100061.887900000438094, 0.0 ], [ 96003.561999999918044, 100056.900200000032783, 0.0 ], [ 96016.378200000151992, 100052.598999999463558, 0.0 ], [ 96029.408200000412762, 100048.996799999848008, 0.0 ], [ 96042.613900000229478, 100046.104299999773502, 0.0 ], [ 96055.956600000150502, 100043.929800000041723, 0.0 ], [ 96069.39740000013262, 100042.479800000786781, 0.0 ], [ 96082.896800000220537, 100041.758400000631809, 0.0 ], [ 96096.415599999949336, 100041.767799999564886, 0.0 ], [ 96109.91399999987334, 100042.50789999961853, 0.0 ], [ 96123.352699999697506, 100043.976600000634789, 0.0 ], [ 96136.692400000058115, 100046.169600000604987, 0.0 ], [ 96149.894100000150502, 100049.08049999922514, 0.0 ], [ 96162.918999999761581, 100052.700699999928474, 0.0 ], [ 96175.729299999773502, 100057.019700000062585, 0.0 ], [ 96176.223100000061095, 100057.201799999922514, 0.0 ], [ 96176.716599999926984, 100057.384899999946356, 0.0 ], [ 96177.209599999710917, 100057.569099999964237, 0.0 ], [ 96177.70230000000447, 100057.754200000315905, 0.0 ], [ 96178.194600000046194, 100057.940400000661612, 0.0 ], [ 96178.686499999836087, 100058.127499999478459, 0.0 ], [ 96179.178100000135601, 100058.315500000491738, 0.0 ], [ 96179.669300000183284, 100058.504599999636412, 0.0 ], [ 96180.160099999979138, 100058.694599999114871, 0.0 ], [ 96180.650600000284612, 100058.885500000789762, 0.0 ], [ 96181.140700000338256, 100059.07740000076592, 0.0 ], [ 96181.630400000140071, 100059.270099999383092, 0.0 ], [ 96182.119800000451505, 100059.463800000026822, 0.0 ], [ 96182.608799999579787, 100059.658299999311566, 0.0 ], [ 96183.097500000149012, 100059.853700000792742, 0.0 ], [ 96183.585900000296533, 100060.050000000745058, 0.0 ], [ 96184.073900000192225, 100060.247199999168515, 0.0 ], [ 96184.561499999836087, 100060.445199999958277, 0.0 ], [ 96185.048799999989569, 100060.643999999389052, 0.0 ], [ 96185.535799999721348, 100060.843599999323487, 0.0 ], [ 96186.022499999962747, 100061.044099999591708, 0.0 ], [ 96186.508799999952316, 100061.245300000533462, 0.0 ], [ 96186.994800000451505, 100061.447399999946356, 0.0 ], [ 96187.480399999767542, 100061.650200000032783, 0.0 ], [ 96187.965800000354648, 100061.853800000622869, 0.0 ], [ 96188.450799999758601, 100062.058100000023842, 0.0 ], [ 96188.935499999672174, 100062.263199999928474, 0.0 ], [ 96189.419999999925494, 100062.469000000506639, 0.0 ], [ 96189.904099999926984, 100062.675499999895692, 0.0 ], [ 96190.387900000438094, 100062.882699999958277, 0.0 ], [ 96190.871399999596179, 100063.090600000694394, 0.0 ], [ 96191.354600000195205, 100063.299200000241399, 0.0 ], [ 96191.837500000372529, 100063.508500000461936, 0.0 ], [ 96192.32010000012815, 100063.718499999493361, 0.0 ], [ 96192.802500000223517, 100063.929099999368191, 0.0 ], [ 96193.284500000067055, 100064.140300000086427, 0.0 ], [ 96193.76630000025034, 100064.35219999961555, 0.0 ], [ 96194.247800000011921, 100064.564699999988079, 0.0 ], [ 96194.729100000113249, 100064.777799999341369, 0.0 ], [ 96195.210099999792874, 100064.991399999707937, 0.0 ], [ 96195.690799999982119, 100065.205700000748038, 0.0 ], [ 96196.17119999974966, 100065.4206000007689, 0.0 ], [ 96196.651399999856949, 100065.635999999940395, 0.0 ], [ 96197.131400000303984, 100065.851999999955297, 0.0 ], [ 96197.611100000329316, 100066.068499999120831, 0.0 ], [ 96198.090599999763072, 100066.285499999299645, 0.0 ], [ 96198.569799999706447, 100066.503100000321865, 0.0 ], [ 96199.048799999989569, 100066.721200000494719, 0.0 ], [ 96199.527599999681115, 100066.939799999818206, 0.0 ], [ 96200.006199999712408, 100067.158800000324845, 0.0 ], [ 96200.48450000025332, 100067.378399999812245, 0.0 ], [ 96200.962700000032783, 100067.598400000482798, 0.0 ], [ 96201.440600000321865, 100067.818800000473857, 0.0 ], [ 96201.918300000019372, 100068.03969999961555, 0.0 ], [ 96202.395800000056624, 100068.261099999770522, 0.0 ], [ 96202.873100000433624, 100068.482799999415874, 0.0 ], [ 96203.350200000219047, 100068.705000000074506, 0.0 ], [ 96203.827200000174344, 100068.927600000053644, 0.0 ], [ 96204.303899999707937, 100069.15059999935329, 0.0 ], [ 96204.780500000342727, 100069.3739, 0.0 ], [ 96205.25690000038594, 100069.597599999979138, 0.0 ], [ 96205.733099999837577, 100069.821699999272823, 0.0 ], [ 96206.20920000039041, 100070.046099999919534, 0.0 ], [ 96206.685100000351667, 100070.270899999886751, 0.0 ], [ 96207.160799999721348, 100070.495999999344349, 0.0 ], [ 96207.636500000022352, 100070.721400000154972, 0.0 ], [ 96208.111899999901652, 100070.947100000455976, 0.0 ], [ 96208.587199999950826, 100071.173100000247359, 0.0 ], [ 96209.062400000169873, 100071.399399999529123, 0.0 ], [ 96209.537499999627471, 100071.626000000163913, 0.0 ], [ 96210.012400000356138, 100071.852800000458956, 0.0 ], [ 96210.487200000323355, 100072.079900000244379, 0.0 ], [ 96210.961900000460446, 100072.307199999690056, 0.0 ], [ 96211.436499999836087, 100072.534800000488758, 0.0 ], [ 96211.910899999551475, 100072.762499999254942, 0.0 ], [ 96212.385300000198185, 100072.990499999374151, 0.0 ], [ 96212.859600000083447, 100073.218699999153614, 0.0 ], [ 96213.333800000138581, 100073.447100000455976, 0.0 ], [ 96213.807900000363588, 100073.675599999725819, 0.0 ], [ 96214.281899999827147, 100073.90430000051856, 0.0 ], [ 96214.755800000391901, 100074.133199999108911, 0.0 ], [ 96215.229700000025332, 100074.362199999392033, 0.0 ], [ 96215.703499999828637, 100074.591399999335408, 0.0 ], [ 96216.177299999631941, 100074.820699999108911, 0.0 ], [ 96216.650999999605119, 100075.050100000575185, 0.0 ], [ 96217.12459999974817, 100075.2796, 0.0 ], [ 96217.598199999891222, 100075.509199999272823, 0.0 ], [ 96218.071700000204146, 100075.738900000229478, 0.0 ], [ 96218.545300000347197, 100075.968699999153614, 0.0 ], [ 96219.018699999898672, 100076.198499999940395, 0.0 ], [ 96219.492200000211596, 100076.428400000557303, 0.0 ], [ 96219.965599999763072, 100076.658299999311566, 0.0 ], [ 96220.439100000075996, 100076.888199999928474, 0.0 ], [ 96220.912499999627471, 100077.118200000375509, 0.0 ], [ 96221.385900000110269, 100077.348200000822544, 0.0 ], [ 96464.711099999956787, 100195.555900000035763, 0.0 ], [ 96465.279199999757111, 100195.831900000572205, 0.0 ], [ 96465.847299999557436, 100196.107899999246001, 0.0 ], [ 96466.415400000289083, 100196.383799999952316, 0.0 ], [ 96466.983500000089407, 100196.659700000658631, 0.0 ], [ 96467.551699999719858, 100196.935599999502301, 0.0 ], [ 96468.119900000281632, 100197.211400000378489, 0.0 ], [ 96468.688099999912083, 100197.487099999561906, 0.0 ], [ 96469.256299999542534, 100197.762700000777841, 0.0 ], [ 96469.824699999764562, 100198.038200000301003, 0.0 ], [ 96470.393000000156462, 100198.313699999824166, 0.0 ], [ 96470.961400000378489, 100198.588899999856949, 0.0 ], [ 96471.529900000430644, 100198.864099999889731, 0.0 ], [ 96472.098500000312924, 100199.13910000026226, 0.0 ], [ 96472.667200000025332, 100199.413899999111891, 0.0 ], [ 96473.23589999973774, 100199.6886, 0.0 ], [ 96473.804700000211596, 100199.962999999523163, 0.0 ], [ 96474.373599999584258, 100200.237299999222159, 0.0 ], [ 96474.942699999548495, 100200.511299999430776, 0.0 ], [ 96475.511800000444055, 100200.785199999809265, 0.0 ], [ 96476.081000000238419, 100201.058700000867248, 0.0 ], [ 96476.650399999693036, 100201.332100000232458, 0.0 ], [ 96477.219899999909103, 100201.605100000277162, 0.0 ], [ 96477.789499999955297, 100201.877900000661612, 0.0 ], [ 96478.359299999661744, 100202.150399999693036, 0.0 ], [ 96478.92920000012964, 100202.42259999923408, 0.0 ], [ 96479.49930000025779, 100202.694499999284744, 0.0 ], [ 96480.069500000216067, 100202.966000000014901, 0.0 ], [ 96480.639899999834597, 100203.237299999222159, 0.0 ], [ 96481.210400000214577, 100203.508099999278784, 0.0 ], [ 96481.781200000084937, 100203.778599999845028, 0.0 ], [ 96482.352099999785423, 100204.04869999922812, 0.0 ], [ 96482.923100000247359, 100204.318399999290705, 0.0 ], [ 96483.494400000199676, 100204.587700000032783, 0.0 ], [ 96484.065899999812245, 100204.856599999591708, 0.0 ], [ 96484.637600000016391, 100205.125099999830127, 0.0 ], [ 96485.209499999880791, 100205.393100000917912, 0.0 ], [ 96485.781600000336766, 100205.660700000822544, 0.0 ], [ 96486.353900000452995, 100205.927799999713898, 0.0 ], [ 96486.926400000229478, 100206.194399999454618, 0.0 ], [ 96487.499200000427663, 100206.460500000044703, 0.0 ], [ 96488.072200000286102, 100206.726099999621511, 0.0 ], [ 96488.645499999634922, 100206.991200000047684, 0.0 ], [ 96489.218999999575317, 100207.255699999630451, 0.0 ], [ 96489.792700000107288, 100207.519700000062585, 0.0 ], [ 96490.36670000012964, 100207.78319999948144, 0.0 ], [ 96490.940999999642372, 100208.046099999919534, 0.0 ], [ 96491.515599999576807, 100208.308399999514222, 0.0 ], [ 96492.090400000102818, 100208.57010000012815, 0.0 ], [ 96492.665500000119209, 100208.831100000068545, 0.0 ], [ 96493.240799999795854, 100209.091600000858307, 0.0 ], [ 96493.816499999724329, 100209.351399999111891, 0.0 ], [ 96494.392400000244379, 100209.610600000247359, 0.0 ], [ 96494.968700000084937, 100209.869100000709295, 0.0 ], [ 96495.545300000347197, 100210.126900000497699, 0.0 ], [ 96496.122100000269711, 100210.38399999961257, 0.0 ], [ 96496.699300000444055, 100210.64049999974668, 0.0 ], [ 96497.276800000108778, 100210.896199999377131, 0.0 ], [ 96497.854600000195205, 100211.151200000196695, 0.0 ], [ 96498.432699999772012, 100211.4054000005126, 0.0 ], [ 96499.011199999600649, 100211.658900000154972, 0.0 ], [ 96499.589999999850988, 100211.911599999293685, 0.0 ], [ 96500.169200000353158, 100212.163599999621511, 0.0 ], [ 96500.748700000345707, 100212.41469999961555, 0.0 ], [ 96501.328499999828637, 100212.66499999910593, 0.0 ], [ 96501.908699999563396, 100212.914499999955297, 0.0 ], [ 96502.489299999549985, 100213.163200000301003, 0.0 ], [ 96503.070199999958277, 100213.411000000312924, 0.0 ], [ 96503.651499999687076, 100213.657999999821186, 0.0 ], [ 96504.233199999667704, 100213.904100000858307, 0.0 ], [ 96504.815200000070035, 100214.149299999698997, 0.0 ], [ 96505.397699999623001, 100214.393600000068545, 0.0 ], [ 96505.980499999597669, 100214.636900000274181, 0.0 ], [ 96506.56359999999404, 100214.879399999976158, 0.0 ], [ 96507.147199999541044, 100215.120899999514222, 0.0 ], [ 96507.731200000271201, 100215.361400000751019, 0.0 ], [ 96508.315600000321865, 100215.600999999791384, 0.0 ], [ 96508.900399999693036, 100215.839600000530481, 0.0 ], [ 96509.485500000417233, 100216.077199999243021, 0.0 ], [ 96510.071100000292063, 100216.313699999824166, 0.0 ], [ 96510.657200000248849, 100216.549300000071526, 0.0 ], [ 96511.243599999696016, 100216.783800000324845, 0.0 ], [ 96511.830400000326335, 100217.017300000414252, 0.0 ], [ 96512.417700000107288, 100217.249600000679493, 0.0 ], [ 96513.005400000140071, 100217.481000000610948, 0.0 ], [ 96513.593500000424683, 100217.711200000718236, 0.0 ], [ 96514.182099999859929, 100217.940300000831485, 0.0 ], [ 96514.771099999547005, 100218.168299999088049, 0.0 ], [ 96515.360500000417233, 100218.395099999383092, 0.0 ], [ 96515.950400000438094, 100218.620799999684095, 0.0 ], [ 96516.540699999779463, 100218.8454, 0.0 ], [ 96517.131400000303984, 100219.06870000064373, 0.0 ], [ 96517.722699999809265, 100219.290899999439716, 0.0 ], [ 96518.314299999736249, 100219.511800000444055, 0.0 ], [ 96518.90639999974519, 100219.731599999591708, 0.0 ], [ 96519.499099999666214, 100219.950099999085069, 0.0 ], [ 96533.993599999696016, 100224.861700000241399, 0.0 ], [ 96548.719700000248849, 100229.027699999511242, 0.0 ], [ 96563.63910000026226, 100232.437300000339746, 0.0 ], [ 96578.713000000454485, 100235.081700000911951, 0.0 ], [ 96593.902099999599159, 100236.95380000025034, 0.0 ], [ 96609.166899999603629, 100238.049000000581145, 0.0 ], [ 96624.467699999921024, 100238.364199999719858, 0.0 ], [ 96639.764600000344217, 100237.898800000548363, 0.0 ], [ 96655.018000000156462, 100236.653799999505281, 0.0 ], [ 96670.188000000081956, 100234.63260000012815, 0.0 ], [ 96685.235100000165403, 100231.840500000864267, 0.0 ], [ 96700.120400000363588, 100228.284499999135733, 0.0 ], [ 96714.80489999987185, 100223.974199999123812, 0.0 ], [ 96729.25040000025183, 100218.920499999076128, 0.0 ], [ 96743.419499999843538, 100213.136800000444055, 0.0 ], [ 96757.275200000032783, 100206.638000000268221, 0.0 ], [ 96770.78139999974519, 100199.440999999642372, 0.0 ], [ 96783.902999999932945, 100191.564699999988079, 0.0 ], [ 96784.435700000263751, 100191.225299999117851, 0.0 ], [ 96784.967699999921024, 100190.884899999946356, 0.0 ], [ 96785.498999999836087, 100190.543400000780821, 0.0 ], [ 96786.029600000008941, 100190.200799999758601, 0.0 ], [ 96786.559399999678135, 100189.857100000604987, 0.0 ], [ 96787.088600000366569, 100189.512399999424815, 0.0 ], [ 96787.617200000211596, 100189.166600000113249, 0.0 ], [ 96788.144999999552965, 100188.81980000063777, 0.0 ], [ 96788.672199999913573, 100188.471999999135733, 0.0 ], [ 96789.198699999600649, 100188.123199999332428, 0.0 ], [ 96789.724600000306964, 100187.773399999365211, 0.0 ], [ 96790.249800000339746, 100187.42259999923408, 0.0 ], [ 96790.774299999698997, 100187.070800000801682, 0.0 ], [ 96791.298200000077486, 100186.718100000172853, 0.0 ], [ 96791.82149999961257, 100186.364499999210238, 0.0 ], [ 96792.344200000166893, 100186.009899999946356, 0.0 ], [ 96792.866200000047684, 100185.654400000348687, 0.0 ], [ 96793.387600000016391, 100185.298000000417233, 0.0 ], [ 96793.908400000073016, 100184.940799999982119, 0.0 ], [ 96794.428600000217557, 100184.582599999383092, 0.0 ], [ 96794.948300000280142, 100184.223600000143051, 0.0 ], [ 96795.467299999669194, 100183.863700000569224, 0.0 ], [ 96795.985700000077486, 100183.503000000491738, 0.0 ], [ 96796.503600000403821, 100183.141499999910593, 0.0 ], [ 96797.020899999886751, 100182.779100000858307, 0.0 ], [ 96797.53760000038892, 100182.415999999269843, 0.0 ], [ 96798.05379999987781, 100182.051999999210238, 0.0 ], [ 96798.56940000038594, 100181.687300000339746, 0.0 ], [ 96799.084499999880791, 100181.32179999910295, 0.0 ], [ 96799.599000000394881, 100180.955600000917912, 0.0 ], [ 96800.113099999725819, 100180.588600000366569, 0.0 ], [ 96800.626600000075996, 100180.220899999141693, 0.0 ], [ 96801.139499999582767, 100179.85249999910593, 0.0 ], [ 96801.651999999769032, 100179.483300000429153, 0.0 ], [ 96802.16399999987334, 100179.113500000908971, 0.0 ], [ 96802.675499999895692, 100178.743000000715256, 0.0 ], [ 96803.186499999836087, 100178.371799999848008, 0.0 ], [ 96803.696999999694526, 100178.0, 0.0 ], [ 96804.207100000232458, 100177.627499999478459, 0.0 ], [ 96804.716699999757111, 100177.254399999976158, 0.0 ], [ 96805.22580000013113, 100176.880699999630451, 0.0 ], [ 96805.73450000025332, 100176.506400000303984, 0.0 ], [ 96806.242700000293553, 100176.131400000303984, 0.0 ], [ 96806.750500000081956, 100175.755899999290705, 0.0 ], [ 96807.25789999961853, 100175.379799999296665, 0.0 ], [ 96807.764899999834597, 100175.003200000151992, 0.0 ], [ 96808.271499999798834, 100174.626000000163913, 0.0 ], [ 96808.777599999681115, 100174.248199999332428, 0.0 ], [ 96809.283400000073016, 100173.869999999180436, 0.0 ], [ 96809.788800000213087, 100173.491200000047684, 0.0 ], [ 96810.293800000101328, 100173.111899999901652, 0.0 ], [ 96810.79839999973774, 100172.732100000604987, 0.0 ], [ 96811.302699999883771, 100172.35190000012517, 0.0 ], [ 96811.806599999777973, 100171.971100000664592, 0.0 ], [ 96812.310200000181794, 100171.589999999850988, 0.0 ], [ 96812.813400000333786, 100171.208300000056624, 0.0 ], [ 96813.316399999894202, 100170.82630000077188, 0.0 ], [ 96813.818900000303984, 100170.443800000473857, 0.0 ], [ 96814.32120000012219, 100170.060900000855327, 0.0 ], [ 96814.823200000450015, 100169.677600000053644, 0.0 ], [ 96815.324799999594688, 100169.293899999931455, 0.0 ], [ 96815.826200000010431, 100168.909800000488758, 0.0 ], [ 96816.32730000000447, 100168.525299999862909, 0.0 ], [ 96816.828099999576807, 100168.140599999576807, 0.0 ], [ 96817.328700000420213, 100167.755400000140071, 0.0 ], [ 96817.828999999910593, 100167.369899999350309, 0.0 ], [ 96818.32909999974072, 100166.984200000762939, 0.0 ], [ 96818.828900000080466, 100166.598099999129772, 0.0 ], [ 96819.328499999828637, 100166.21169999986887, 0.0 ], [ 96819.827800000086427, 100165.824999999254942, 0.0 ], [ 96820.326999999582767, 100165.437999999150634, 0.0 ], [ 96820.825899999588728, 100165.050799999386072, 0.0 ], [ 96821.324699999764562, 100164.66330000013113, 0.0 ], [ 96821.823200000450015, 100164.27559999935329, 0.0 ], [ 96822.321600000374019, 100163.887599999085069, 0.0 ], [ 96822.819799999706447, 100163.499399999156594, 0.0 ], [ 96823.317800000309944, 100163.110999999567866, 0.0 ], [ 96823.815700000151992, 100162.722400000318885, 0.0 ], [ 96824.313500000163913, 100162.333699999377131, 0.0 ], [ 96824.811099999584258, 100161.944700000807643, 0.0 ], [ 96825.308500000275671, 100161.555600000545382, 0.0 ], [ 96825.805900000035763, 100161.166300000622869, 0.0 ], [ 96826.303100000135601, 100160.776900000870228, 0.0 ], [ 96826.800300000235438, 100160.387399999424815, 0.0 ], [ 96827.2972999997437, 100159.997700000181794, 0.0 ], [ 96827.794200000353158, 100159.607899999246001, 0.0 ], [ 96828.291100000031292, 100159.218000000342727, 0.0 ], [ 96828.787899999879301, 100158.828099999576807, 0.0 ], [ 96829.284699999727309, 100158.437999999150634, 0.0 ], [ 96829.78139999974519, 100158.047900000587106, 0.0 ], [ 96830.277999999932945, 100157.657700000330806, 0.0 ], [ 96830.774600000120699, 100157.267500000074506, 0.0 ], [ 96831.271200000308454, 100156.877299999818206, 0.0 ], [ 96831.767799999564886, 100156.486999999731779, 0.0 ], [ 96832.264399999752641, 100156.096699999645352, 0.0 ], [ 97129.555200000293553, 99922.439600000157952, 0.0 ], [ 97129.968999999575317, 99922.114299999549985, 0.0 ], [ 97130.382799999788404, 99921.789100000634789, 0.0 ], [ 97130.79660000000149, 99921.463899999856949, 0.0 ], [ 97131.210500000044703, 99921.138699999079108, 0.0 ], [ 97131.624400000087917, 99920.81359999999404, 0.0 ], [ 97132.03830000013113, 99920.488500000908971, 0.0 ], [ 97132.452200000174344, 99920.163399999961257, 0.0 ], [ 97132.866200000047684, 99919.838500000536442, 0.0 ], [ 97133.280299999751151, 99919.513599999248981, 0.0 ], [ 97133.69440000038594, 99919.188699999824166, 0.0 ], [ 97134.108599999919534, 99918.864000000059605, 0.0 ], [ 97134.522900000214577, 99918.53940000012517, 0.0 ], [ 97134.937300000339746, 99918.214900000020862, 0.0 ], [ 97135.351700000464916, 99917.89049999974668, 0.0 ], [ 97135.76630000025034, 99917.566199999302626, 0.0 ], [ 97136.18099999986589, 99917.24210000038147, 0.0 ], [ 97136.595700000412762, 99916.918099999427795, 0.0 ], [ 97137.010599999688566, 99916.59429999999702, 0.0 ], [ 97137.425699999555945, 99916.270600000396371, 0.0 ], [ 97137.840800000354648, 99915.947200000286102, 0.0 ], [ 97138.256199999712408, 99915.62390000000596, 0.0 ], [ 97138.67160000000149, 99915.300799999386072, 0.0 ], [ 97139.087199999950826, 99914.977800000458956, 0.0 ], [ 97139.502999999560416, 99914.655200000852346, 0.0 ], [ 97139.918999999761581, 99914.332699999213219, 0.0 ], [ 97140.335099999792874, 99914.01039999909699, 0.0 ], [ 97140.751400000415742, 99913.688400000333786, 0.0 ], [ 97141.167999999597669, 99913.366699999198318, 0.0 ], [ 97141.584699999541044, 99913.045199999585748, 0.0 ], [ 97142.001600000075996, 99912.723999999463558, 0.0 ], [ 97142.418700000271201, 99912.403000000864267, 0.0 ], [ 97142.836099999956787, 99912.082399999722838, 0.0 ], [ 97143.253700000233948, 99911.762000000104308, 0.0 ], [ 97143.671500000171363, 99911.441899999976158, 0.0 ], [ 97144.089499999769032, 99911.122199999168515, 0.0 ], [ 97144.507799999788404, 99910.802799999713898, 0.0 ], [ 97144.926400000229478, 99910.48369999974966, 0.0 ], [ 97145.345200000330806, 99910.16499999910593, 0.0 ], [ 97145.764299999922514, 99909.846599999815226, 0.0 ], [ 97146.183699999935925, 99909.528500000014901, 0.0 ], [ 97146.60329999960959, 99909.210899999365211, 0.0 ], [ 97147.023199999704957, 99908.893600000068545, 0.0 ], [ 97147.443500000052154, 99908.576700000092387, 0.0 ], [ 97147.864000000059605, 99908.260199999436736, 0.0 ], [ 97148.284799999557436, 99907.944199999794364, 0.0 ], [ 97148.706000000238419, 99907.628499999642372, 0.0 ], [ 97149.127500000409782, 99907.313300000503659, 0.0 ], [ 97149.549300000071526, 99906.998500000685453, 0.0 ], [ 97149.971400000154972, 99906.684200000017881, 0.0 ], [ 97150.393899999558926, 99906.370300000533462, 0.0 ], [ 97150.816700000315905, 99906.056900000199676, 0.0 ], [ 97151.239900000393391, 99905.744000000879169, 0.0 ], [ 97151.663399999961257, 99905.431500000879169, 0.0 ], [ 97152.087299999780953, 99905.119599999859929, 0.0 ], [ 97152.511599999852479, 99904.808100000023842, 0.0 ], [ 97152.936300000175834, 99904.497199999168515, 0.0 ], [ 97153.361299999989569, 99904.186799999326468, 0.0 ], [ 97153.786799999885261, 99903.877000000327826, 0.0 ], [ 97154.212600000202656, 99903.567700000479817, 0.0 ], [ 97154.638799999840558, 99903.258899999782443, 0.0 ], [ 97155.065499999560416, 99902.950699999928474, 0.0 ], [ 97155.492600000463426, 99902.643100000917912, 0.0 ], [ 97155.919999999925494, 99902.336100000888109, 0.0 ], [ 97156.348000000230968, 99902.029699999839067, 0.0 ], [ 97156.776300000026822, 99901.723899999633431, 0.0 ], [ 97157.205099999904633, 99901.418700000271201, 0.0 ], [ 97157.634300000034273, 99901.114099999889731, 0.0 ], [ 97158.064000000245869, 99900.810100000351667, 0.0 ], [ 97158.494199999608099, 99900.506899999454618, 0.0 ], [ 97158.924800000153482, 99900.204199999570847, 0.0 ], [ 97159.355800000019372, 99899.902300000190735, 0.0 ], [ 97159.787399999797344, 99899.600999999791384, 0.0 ], [ 97160.219399999827147, 99899.300400000065565, 0.0 ], [ 97160.651999999769032, 99899.000499999150634, 0.0 ], [ 97161.084999999962747, 99898.70130000077188, 0.0 ], [ 97161.518500000238419, 99898.402899999171495, 0.0 ], [ 97161.952499999664724, 99898.105100000277162, 0.0 ], [ 97162.387000000104308, 99897.808100000023842, 0.0 ], [ 97162.821999999694526, 99897.511900000274181, 0.0 ], [ 97163.25760000012815, 99897.216399999335408, 0.0 ], [ 97163.693599999882281, 99896.921700000762939, 0.0 ], [ 97164.130199999548495, 99896.627800000831485, 0.0 ], [ 97164.567400000058115, 99896.334699999541044, 0.0 ], [ 97165.004999999888241, 99896.042300000786781, 0.0 ], [ 97165.443199999630451, 99895.750800000503659, 0.0 ], [ 97165.882000000216067, 99895.460200000554323, 0.0 ], [ 97166.321299999952316, 99895.170299999415874, 0.0 ], [ 97166.761199999600649, 99894.881300000473857, 0.0 ], [ 97167.20160000026226, 99894.59320000000298, 0.0 ], [ 97167.642599999904633, 99894.305900000035763, 0.0 ], [ 97168.08420000039041, 99894.019500000402331, 0.0 ], [ 97168.526300000026822, 99893.733999999240041, 0.0 ], [ 97168.969100000336766, 99893.449400000274181, 0.0 ], [ 97169.412399999797344, 99893.165699999779463, 0.0 ], [ 97169.856300000101328, 99892.88289999961853, 0.0 ], [ 97181.818199999630451, 99885.74100000038743, 0.0 ], [ 97194.159300000406802, 99879.276599999517202, 0.0 ], [ 97206.841300000436604, 99873.509600000455976, 0.0 ], [ 97219.825000000186265, 99868.458100000396371, 0.0 ], [ 97233.069799999706447, 99864.137599999085069, 0.0 ], [ 97246.534799999557436, 99860.561699999496341, 0.0 ], [ 97260.178000000305474, 99857.741399999707937, 0.0 ], [ 97273.957200000062585, 99855.685499999672174, 0.0 ], [ 97287.829499999992549, 99854.400299999862909, 0.0 ], [ 97288.354899999685585, 99854.367000000551343, 0.0 ], [ 97288.880199999548495, 99854.334699999541044, 0.0 ], [ 97289.405600000172853, 99854.30350000038743, 0.0 ], [ 97289.93099999986589, 99854.273299999535084, 0.0 ], [ 97290.456500000320375, 99854.244300000369549, 0.0 ], [ 97290.982099999673665, 99854.216199999675155, 0.0 ], [ 97291.507699999958277, 99854.189300000667572, 0.0 ], [ 97292.033400000073016, 99854.16330000013113, 0.0 ], [ 97292.559100000187755, 99854.138399999588728, 0.0 ], [ 97293.08490000013262, 99854.114399999380112, 0.0 ], [ 97293.610700000077486, 99854.091499999165535, 0.0 ], [ 97294.136599999852479, 99854.069499999284744, 0.0 ], [ 97294.662399999797344, 99854.048499999567866, 0.0 ], [ 97295.188400000333786, 99854.028400000184774, 0.0 ], [ 97295.714300000108778, 99854.00929999910295, 0.0 ], [ 97296.240299999713898, 99853.991100000217557, 0.0 ], [ 97296.766400000080466, 99853.973899999633431, 0.0 ], [ 97297.292399999685585, 99853.957499999552965, 0.0 ], [ 97297.818500000052154, 99853.942099999636412, 0.0 ], [ 97298.344600000418723, 99853.927500000223517, 0.0 ], [ 97298.870799999684095, 99853.913799999281764, 0.0 ], [ 97299.396900000050664, 99853.901000000536442, 0.0 ], [ 97299.923100000247359, 99853.889000000432134, 0.0 ], [ 97300.449300000444055, 99853.877900000661612, 0.0 ], [ 97300.975499999709427, 99853.867599999532104, 0.0 ], [ 97301.501799999736249, 99853.8581000007689, 0.0 ], [ 97302.027999999932945, 99853.84940000064671, 0.0 ], [ 97302.554299999959767, 99853.841499999165535, 0.0 ], [ 97303.080500000156462, 99853.834400000050664, 0.0 ], [ 97303.606800000183284, 99853.828099999576807, 0.0 ], [ 97304.133100000210106, 99853.822499999776483, 0.0 ], [ 97304.659400000236928, 99853.817600000649691, 0.0 ], [ 97305.185700000263751, 99853.813500000163913, 0.0 ], [ 97305.712000000290573, 99853.810200000181794, 0.0 ], [ 97306.238300000317395, 99853.807499999180436, 0.0 ], [ 97306.764600000344217, 99853.805500000715256, 0.0 ], [ 97307.290900000371039, 99853.804199999198318, 0.0 ], [ 97307.817200000397861, 99853.803600000217557, 0.0 ], [ 97308.343500000424683, 99853.803700000047684, 0.0 ], [ 97308.869900000281632, 99853.804400000721216, 0.0 ], [ 97309.396200000308454, 99853.805800000205636, 0.0 ], [ 97309.922500000335276, 99853.807800000533462, 0.0 ], [ 97310.448800000362098, 99853.810399999842048, 0.0 ], [ 97310.97510000038892, 99853.81359999999404, 0.0 ], [ 97311.501400000415742, 99853.817399999126792, 0.0 ], [ 97312.027700000442564, 99853.82179999910295, 0.0 ], [ 97312.553999999538064, 99853.826700000092387, 0.0 ], [ 97313.080299999564886, 99853.832200000062585, 0.0 ], [ 97313.606499999761581, 99853.838300000876188, 0.0 ], [ 97314.132799999788404, 99853.844900000840425, 0.0 ], [ 97314.659099999815226, 99853.851999999955297, 0.0 ], [ 97315.185300000011921, 99853.859699999913573, 0.0 ], [ 97315.711600000038743, 99853.867799999192357, 0.0 ], [ 97316.237800000235438, 99853.876499999314547, 0.0 ], [ 97316.76410000026226, 99853.885600000619888, 0.0 ], [ 97317.290300000458956, 99853.895099999383092, 0.0 ], [ 97317.816499999724329, 99853.905200000852346, 0.0 ], [ 97318.342699999921024, 99853.915699999779463, 0.0 ], [ 97318.868900000117719, 99853.926599999889731, 0.0 ], [ 97319.395100000314415, 99853.937899999320507, 0.0 ], [ 97319.921299999579787, 99853.949599999934435, 0.0 ], [ 97320.447499999776483, 99853.961799999698997, 0.0 ], [ 97320.973600000143051, 99853.974300000816584, 0.0 ], [ 97321.499800000339746, 99853.987199999392033, 0.0 ], [ 97322.025999999605119, 99854.000399999320507, 0.0 ], [ 97322.552099999971688, 99854.014000000432134, 0.0 ], [ 97323.078200000338256, 99854.028000000864267, 0.0 ], [ 97323.604299999773502, 99854.042199999094009, 0.0 ], [ 97324.130499999970198, 99854.056800000369549, 0.0 ], [ 97324.656600000336766, 99854.071699999272823, 0.0 ], [ 97325.182699999772012, 99854.086899999529123, 0.0 ], [ 97325.708700000308454, 99854.102299999445677, 0.0 ], [ 97326.2347999997437, 99854.118000000715256, 0.0 ], [ 97326.760900000110269, 99854.13399999961257, 0.0 ], [ 97327.286999999545515, 99854.150200000032783, 0.0 ], [ 97327.813000000081956, 99854.166699999943376, 0.0 ], [ 97328.339100000448525, 99854.183399999514222, 0.0 ], [ 97328.865100000053644, 99854.200300000607967, 0.0 ], [ 97329.391200000420213, 99854.217399999499321, 0.0 ], [ 97329.917200000025332, 99854.234600000083447, 0.0 ], [ 97330.443199999630451, 99854.252100000157952, 0.0 ], [ 97330.969200000166893, 99854.269700000062585, 0.0 ], [ 97331.495199999772012, 99854.287399999797344, 0.0 ], [ 97332.021300000138581, 99854.305400000885129, 0.0 ], [ 97332.5472999997437, 99854.323400000110269, 0.0 ], [ 97333.073300000280142, 99854.341499999165535, 0.0 ], [ 97333.599299999885261, 99854.3597999997437, 0.0 ], [ 97334.125300000421703, 99854.378100000321865, 0.0 ], [ 97334.651200000196695, 99854.396600000560284, 0.0 ], [ 97335.177199999801815, 99854.415100000798702, 0.0 ], [ 97335.703200000338256, 99854.433599999174476, 0.0 ], [ 97336.229199999943376, 99854.452199999243021, 0.0 ], [ 97336.755199999548495, 99854.470799999311566, 0.0 ], [ 97337.281200000084937, 99854.489499999210238, 0.0 ], [ 97337.807199999690056, 99854.508199999108911, 0.0 ], [ 97517.516400000080466, 99860.888399999588728, 0.0 ], [ 97518.147699999623001, 99860.910800000652671, 0.0 ], [ 97518.778800000436604, 99860.933199999853969, 0.0 ], [ 97519.410000000149012, 99860.955600000917912, 0.0 ], [ 97520.041199999861419, 99860.977900000289083, 0.0 ], [ 97520.672399999573827, 99861.000199999660254, 0.0 ], [ 97521.303600000217557, 99861.022399999201298, 0.0 ], [ 97521.934799999929965, 99861.04450000077486, 0.0 ], [ 97522.565999999642372, 99861.066500000655651, 0.0 ], [ 97523.197200000286102, 99861.088400000706315, 0.0 ], [ 97523.82839999999851, 99861.110200000926852, 0.0 ], [ 97524.459599999710917, 99861.131799999624491, 0.0 ], [ 97525.090800000354648, 99861.153300000354648, 0.0 ], [ 97525.722000000067055, 99861.174599999561906, 0.0 ], [ 97526.353199999779463, 99861.195800000801682, 0.0 ], [ 97526.984400000423193, 99861.216700000688434, 0.0 ], [ 97527.615699999965727, 99861.237400000914931, 0.0 ], [ 97528.246899999678135, 99861.25789999961853, 0.0 ], [ 97528.878200000151992, 99861.278200000524521, 0.0 ], [ 97529.509399999864399, 99861.298200000077486, 0.0 ], [ 97530.140700000338256, 99861.317999999970198, 0.0 ], [ 97530.771999999880791, 99861.337400000542402, 0.0 ], [ 97531.403300000354648, 99861.356599999591708, 0.0 ], [ 97532.034599999897182, 99861.375499999150634, 0.0 ], [ 97532.665900000371039, 99861.393999999389052, 0.0 ], [ 97533.297199999913573, 99861.412200000137091, 0.0 ], [ 97533.92850000038743, 99861.430099999532104, 0.0 ], [ 97534.559899999760091, 99861.447599999606609, 0.0 ], [ 97535.191200000233948, 99861.464700000360608, 0.0 ], [ 97535.822599999606609, 99861.481399999931455, 0.0 ], [ 97536.453900000080466, 99861.497700000181794, 0.0 ], [ 97537.08530000038445, 99861.513599999248981, 0.0 ], [ 97537.716699999757111, 99861.529100000858307, 0.0 ], [ 97538.348100000061095, 99861.544099999591708, 0.0 ], [ 97538.979500000365078, 99861.558700000867248, 0.0 ], [ 97539.61089999973774, 99861.572799999266863, 0.0 ], [ 97540.24239999987185, 99861.586400000378489, 0.0 ], [ 97540.873800000175834, 99861.599500000476837, 0.0 ], [ 97541.505199999548495, 99861.611999999731779, 0.0 ], [ 97542.136699999682605, 99861.624099999666214, 0.0 ], [ 97542.768199999816716, 99861.635600000619888, 0.0 ], [ 97543.399699999950826, 99861.646500000730157, 0.0 ], [ 97544.031200000084937, 99861.656899999827147, 0.0 ], [ 97544.662700000219047, 99861.666600000113249, 0.0 ], [ 97545.294200000353158, 99861.675799999386072, 0.0 ], [ 97545.925699999555945, 99861.684399999678135, 0.0 ], [ 97546.557199999690056, 99861.692299999296665, 0.0 ], [ 97547.188799999654293, 99861.699599999934435, 0.0 ], [ 97547.820299999788404, 99861.706199999898672, 0.0 ], [ 97548.451899999752641, 99861.712099999189377, 0.0 ], [ 97549.083399999886751, 99861.717399999499321, 0.0 ], [ 97549.714999999850988, 99861.721999999135733, 0.0 ], [ 97550.346499999985099, 99861.72580000013113, 0.0 ], [ 97550.978099999949336, 99861.728900000452995, 0.0 ], [ 97551.609699999913573, 99861.731300000101328, 0.0 ], [ 97552.24129999987781, 99861.732999999076128, 0.0 ], [ 97552.872800000011921, 99861.733799999579787, 0.0 ], [ 97553.504399999976158, 99861.733899999409914, 0.0 ], [ 97554.135999999940395, 99861.733200000599027, 0.0 ], [ 97554.767599999904633, 99861.731599999591708, 0.0 ], [ 97555.399100000038743, 99861.729299999773502, 0.0 ], [ 97556.03070000000298, 99861.726099999621511, 0.0 ], [ 97556.662299999967217, 99861.721999999135733, 0.0 ], [ 97557.293800000101328, 99861.717100000008941, 0.0 ], [ 97557.925400000065565, 99861.711300000548363, 0.0 ], [ 97558.556900000199676, 99861.704600000753999, 0.0 ], [ 97559.188500000163913, 99861.697000000625849, 0.0 ], [ 97559.820000000298023, 99861.688400000333786, 0.0 ], [ 97560.451500000432134, 99861.678999999538064, 0.0 ], [ 97561.082999999634922, 99861.668500000610948, 0.0 ], [ 97561.714399999938905, 99861.6570999994874, 0.0 ], [ 97562.345900000073016, 99861.644799999892712, 0.0 ], [ 97562.977300000376999, 99861.631400000303984, 0.0 ], [ 97563.608799999579787, 99861.617000000551343, 0.0 ], [ 97564.240100000053644, 99861.601700000464916, 0.0 ], [ 97564.871500000357628, 99861.585200000554323, 0.0 ], [ 97565.502799999900162, 99861.567800000309944, 0.0 ], [ 97566.134200000204146, 99861.549200000241399, 0.0 ], [ 97566.765399999916553, 99861.529600000008941, 0.0 ], [ 97567.39670000039041, 99861.508899999782443, 0.0 ], [ 97568.027900000102818, 99861.487099999561906, 0.0 ], [ 97568.658999999985099, 99861.464099999517202, 0.0 ], [ 97569.29009999986738, 99861.440099999308586, 0.0 ], [ 97569.92119999974966, 99861.414899999275804, 0.0 ], [ 97570.552199999801815, 99861.388499999418855, 0.0 ], [ 97571.183199999853969, 99861.360999999567866, 0.0 ], [ 97571.814100000075996, 99861.332200000062585, 0.0 ], [ 97572.445000000298023, 99861.302300000563264, 0.0 ], [ 97573.075799999758601, 99861.271099999547005, 0.0 ], [ 97573.706600000150502, 99861.238700000569224, 0.0 ], [ 97574.337299999780953, 99861.205099999904633, 0.0 ], [ 97574.967899999581277, 99861.170199999585748, 0.0 ], [ 97575.598399999551475, 99861.134099999442697, 0.0 ], [ 97576.228900000452995, 99861.096599999815226, 0.0 ], [ 97576.859299999661744, 99861.057900000363588, 0.0 ], [ 97577.489599999971688, 99861.017799999564886, 0.0 ], [ 97591.518199999816716, 99859.780300000682473, 0.0 ], [ 97605.473199999891222, 99857.885800000280142, 0.0 ], [ 97619.323900000192225, 99855.338500000536442, 0.0 ], [ 97619.942099999636412, 99855.209000000730157, 0.0 ], [ 97620.559999999590218, 99855.078299999237061, 0.0 ], [ 97621.177699999883771, 99854.946299999952316, 0.0 ], [ 97621.794999999925494, 99854.813100000843406, 0.0 ], [ 97622.412100000306964, 99854.678600000217557, 0.0 ], [ 97623.028900000266731, 99854.542799999937415, 0.0 ], [ 97623.645499999634922, 99854.405899999663234, 0.0 ], [ 97624.261800000444055, 99854.267699999734759, 0.0 ], [ 97624.877799999900162, 99854.128399999812245, 0.0 ], [ 97625.49349999986589, 99853.987900000065565, 0.0 ], [ 97626.109000000171363, 99853.846200000494719, 0.0 ], [ 97626.724200000055134, 99853.703400000929832, 0.0 ], [ 97627.339200000278652, 99853.559399999678135, 0.0 ], [ 97627.953900000080466, 99853.41440000012517, 0.0 ], [ 97628.568300000391901, 99853.268200000748038, 0.0 ], [ 97629.182500000111759, 99853.120999999344349, 0.0 ], [ 97629.796400000341237, 99852.972599999979138, 0.0 ], [ 97630.410099999979138, 99852.823200000450015, 0.0 ], [ 97631.02350000012666, 99852.672800000756979, 0.0 ], [ 97631.636599999852479, 99852.521299999207258, 0.0 ], [ 97632.249499999918044, 99852.36879999935627, 0.0 ], [ 97632.862099999561906, 99852.215299999341369, 0.0 ], [ 97633.474499999545515, 99852.060799999162555, 0.0 ], [ 97634.08669999986887, 99851.9054000005126, 0.0 ], [ 97634.698599999770522, 99851.748999999836087, 0.0 ], [ 97635.310200000181794, 99851.591600000858307, 0.0 ], [ 97635.92160000000149, 99851.433299999684095, 0.0 ], [ 97636.532800000160933, 99851.274000000208616, 0.0 ], [ 97637.143699999898672, 99851.113900000229478, 0.0 ], [ 97637.754499999806285, 99850.952899999916553, 0.0 ], [ 97638.364900000393391, 99850.790899999439716, 0.0 ], [ 97638.975200000219047, 99850.628200000151992, 0.0 ], [ 97639.585199999623001, 99850.464500000700355, 0.0 ], [ 97640.195000000298023, 99850.300100000575185, 0.0 ], [ 97640.80449999962002, 99850.134800000116229, 0.0 ], [ 97641.413900000043213, 99849.968699999153614, 0.0 ], [ 97642.023000000044703, 99849.801799999549985, 0.0 ], [ 97642.63190000038594, 99849.634099999442697, 0.0 ], [ 97643.240600000135601, 99849.465600000694394, 0.0 ], [ 97643.849100000225008, 99849.296399999409914, 0.0 ], [ 97644.457399999722838, 99849.126499999314547, 0.0 ], [ 97645.065499999560416, 99848.955800000578165, 0.0 ], [ 97645.673299999907613, 99848.784399999305606, 0.0 ], [ 97646.281000000424683, 99848.612299999222159, 0.0 ], [ 97646.888500000350177, 99848.439600000157952, 0.0 ], [ 97647.495799999684095, 99848.266100000590086, 0.0 ], [ 97648.102900000289083, 99848.092000000178814, 0.0 ], [ 97648.709800000302494, 99847.917199999094009, 0.0 ], [ 97649.316599999554455, 99847.741800000891089, 0.0 ], [ 97649.923100000247359, 99847.565799999982119, 0.0 ], [ 97650.529500000178814, 99847.389200000092387, 0.0 ], [ 97651.135700000450015, 99847.21199999935925, 0.0 ], [ 97651.741799999959767, 99847.034299999475479, 0.0 ], [ 97652.347599999979138, 99846.855900000780821, 0.0 ], [ 97652.953300000168383, 99846.676999999210238, 0.0 ], [ 97653.558899999596179, 99846.497600000351667, 0.0 ], [ 97654.164300000295043, 99846.317600000649691, 0.0 ], [ 97654.769500000402331, 99846.137199999764562, 0.0 ], [ 97655.37459999974817, 99845.956199999898672, 0.0 ], [ 97655.979600000195205, 99845.774800000712276, 0.0 ], [ 97656.584400000050664, 99845.5929000005126, 0.0 ], [ 97657.189100000075996, 99845.410499999299645, 0.0 ], [ 97657.793600000441074, 99845.227700000628829, 0.0 ], [ 97658.398000000044703, 99845.044399999082088, 0.0 ], [ 97659.002299999818206, 99844.860799999907613, 0.0 ], [ 97659.606499999761581, 99844.676699999719858, 0.0 ], [ 97660.210500000044703, 99844.492300000041723, 0.0 ], [ 97660.814500000327826, 99844.307499999180436, 0.0 ], [ 97661.418300000019372, 99844.122300000861287, 0.0 ], [ 97662.021999999880791, 99843.936799999326468, 0.0 ], [ 97662.625599999912083, 99843.750900000333786, 0.0 ], [ 97663.229100000113249, 99843.564699999988079, 0.0 ], [ 97663.832499999552965, 99843.378200000151992, 0.0 ], [ 97664.435899999924004, 99843.191500000655651, 0.0 ], [ 97665.039099999703467, 99843.004399999976158, 0.0 ], [ 97665.642300000414252, 99842.817099999636412, 0.0 ], [ 97666.245299999602139, 99842.629499999806285, 0.0 ], [ 97666.848299999721348, 99842.441600000485778, 0.0 ], [ 97667.451299999840558, 99842.253599999472499, 0.0 ], [ 97668.054100000299513, 99842.065300000831485, 0.0 ], [ 97668.656899999827147, 99841.876900000497699, 0.0 ], [ 97669.259700000286102, 99841.688200000673532, 0.0 ], [ 97669.862399999983609, 99841.499399999156594, 0.0 ], [ 97670.464999999850988, 99841.310399999842048, 0.0 ], [ 97671.067599999718368, 99841.121200000867248, 0.0 ], [ 97671.670199999585748, 99840.932000000029802, 0.0 ], [ 97672.272699999623001, 99840.742599999532104, 0.0 ], [ 97672.875099999830127, 99840.553099999204278, 0.0 ], [ 97673.47759999986738, 99840.363500000908971, 0.0 ], [ 97674.080000000074506, 99840.173800000920892, 0.0 ], [ 97674.682400000281632, 99839.984099999070168, 0.0 ], [ 97675.284799999557436, 99839.794299999251962, 0.0 ], [ 97675.887199999764562, 99839.604499999433756, 0.0 ], [ 97676.489599999971688, 99839.414599999785423, 0.0 ], [ 97677.092000000178814, 99839.224700000137091, 0.0 ], [ 97927.2347999997437, 99760.37639999948442, 0.0 ], [ 97927.567499999888241, 99760.271500000730157, 0.0 ], [ 97927.900200000032783, 99760.166600000113249, 0.0 ], [ 97928.232900000177324, 99760.061699999496341, 0.0 ], [ 97928.565600000321865, 99759.956900000572205, 0.0 ], [ 97928.898299999535084, 99759.851999999955297, 0.0 ], [ 97929.230999999679625, 99759.747099999338388, 0.0 ], [ 97929.563799999654293, 99759.642300000414252, 0.0 ], [ 97929.896499999798834, 99759.537499999627471, 0.0 ], [ 97930.229199999943376, 99759.432600000873208, 0.0 ], [ 97930.561900000087917, 99759.327800000086427, 0.0 ], [ 97930.894600000232458, 99759.222999999299645, 0.0 ], [ 97931.227300000376999, 99759.118100000545382, 0.0 ], [ 97931.559999999590218, 99759.013299999758601, 0.0 ], [ 97931.892799999564886, 99758.908600000664592, 0.0 ], [ 97932.225499999709427, 99758.80379999987781, 0.0 ], [ 97932.558199999853969, 99758.698999999091029, 0.0 ], [ 97932.890999999828637, 99758.59429999999702, 0.0 ], [ 97933.223699999973178, 99758.489499999210238, 0.0 ], [ 97933.556400000117719, 99758.384800000116229, 0.0 ], [ 97933.889200000092387, 99758.280099999159575, 0.0 ], [ 97934.222000000067055, 99758.175400000065565, 0.0 ], [ 97934.554700000211596, 99758.070800000801682, 0.0 ], [ 97934.887500000186265, 99757.966099999845028, 0.0 ], [ 97935.220300000160933, 99757.861500000581145, 0.0 ], [ 97935.553100000135601, 99757.756899999454618, 0.0 ], [ 97935.885800000280142, 99757.652300000190735, 0.0 ], [ 97936.21860000025481, 99757.547800000756979, 0.0 ], [ 97936.551500000059605, 99757.443199999630451, 0.0 ], [ 97936.884300000034273, 99757.338700000196695, 0.0 ], [ 97937.217100000008941, 99757.234300000593066, 0.0 ], [ 97937.549899999983609, 99757.129799999296665, 0.0 ], [ 97937.882799999788404, 99757.025399999693036, 0.0 ], [ 97938.215599999763072, 99756.921000000089407, 0.0 ], [ 97938.548499999567866, 99756.816600000485778, 0.0 ], [ 97938.881299999542534, 99756.712300000712276, 0.0 ], [ 97939.214200000278652, 99756.607999999076128, 0.0 ], [ 97939.547100000083447, 99756.503699999302626, 0.0 ], [ 97939.879999999888241, 99756.39949999935925, 0.0 ], [ 97940.212899999693036, 99756.295299999415874, 0.0 ], [ 97940.545800000429153, 99756.191099999472499, 0.0 ], [ 97940.878800000064075, 99756.08699999935925, 0.0 ], [ 97941.21169999986887, 99755.982899999246001, 0.0 ], [ 97941.544700000435114, 99755.878799999132752, 0.0 ], [ 97941.877600000239909, 99755.774800000712276, 0.0 ], [ 97942.21059999987483, 99755.670800000429153, 0.0 ], [ 97942.543600000441074, 99755.566899999976158, 0.0 ], [ 97942.876600000075996, 99755.462999999523163, 0.0 ], [ 97943.209599999710917, 99755.359099999070168, 0.0 ], [ 97943.542600000277162, 99755.255300000309944, 0.0 ], [ 97943.87569999974221, 99755.151499999687076, 0.0 ], [ 97944.208700000308454, 99755.047800000756979, 0.0 ], [ 97944.541799999773502, 99754.944099999964237, 0.0 ], [ 97944.874900000169873, 99754.840500000864267, 0.0 ], [ 97945.207999999634922, 99754.736899999901652, 0.0 ], [ 97945.541100000031292, 99754.633400000631809, 0.0 ], [ 97945.87430000025779, 99754.529899999499321, 0.0 ], [ 97946.207399999722838, 99754.426500000059605, 0.0 ], [ 97946.540599999949336, 99754.323100000619888, 0.0 ], [ 97946.873700000345707, 99754.219799999147654, 0.0 ], [ 97947.206899999640882, 99754.116499999538064, 0.0 ], [ 97947.540199999697506, 99754.013299999758601, 0.0 ], [ 97947.873399999924004, 99753.910099999979138, 0.0 ], [ 97948.206600000150502, 99753.807000000029802, 0.0 ], [ 97948.539900000207126, 99753.703900000080466, 0.0 ], [ 97948.873200000263751, 99753.600899999961257, 0.0 ], [ 97949.206500000320375, 99753.497999999672174, 0.0 ], [ 97949.539800000376999, 99753.395099999383092, 0.0 ], [ 97949.873100000433624, 99753.292300000786781, 0.0 ], [ 97950.206500000320375, 99753.189500000327826, 0.0 ], [ 97950.539900000207126, 99753.086799999698997, 0.0 ], [ 97950.873300000093877, 99752.984200000762939, 0.0 ], [ 97951.206699999980628, 99752.881599999964237, 0.0 ], [ 97951.54009999986738, 99752.779100000858307, 0.0 ], [ 97951.873599999584258, 99752.676699999719858, 0.0 ], [ 97952.207100000232458, 99752.574300000444055, 0.0 ], [ 97952.540599999949336, 99752.471999999135733, 0.0 ], [ 97952.874099999666214, 99752.369799999520183, 0.0 ], [ 97953.207600000314415, 99752.267599999904633, 0.0 ], [ 97953.541199999861419, 99752.165500000119209, 0.0 ], [ 97953.874800000339746, 99752.063500000163913, 0.0 ], [ 97954.208399999886751, 99751.961500000208616, 0.0 ], [ 97954.542000000365078, 99751.859699999913573, 0.0 ], [ 97954.875599999912083, 99751.757799999788404, 0.0 ], [ 97955.209300000220537, 99751.656099999323487, 0.0 ], [ 97955.542999999597669, 99751.554500000551343, 0.0 ], [ 97955.876799999736249, 99751.452899999916553, 0.0 ], [ 97975.649100000038743, 99745.58530000038445, 0.0 ], [ 97995.500300000421703, 99739.990100000053644, 0.0 ], [ 97995.836799999698997, 99739.89780000038445, 0.0 ], [ 97996.173200000077486, 99739.805500000715256, 0.0 ], [ 97996.509700000286102, 99739.713400000706315, 0.0 ], [ 97996.846099999733269, 99739.621400000527501, 0.0 ], [ 97997.182599999941885, 99739.529400000348687, 0.0 ], [ 97997.519100000150502, 99739.4375, 0.0 ], [ 97997.855700000189245, 99739.345599999651313, 0.0 ], [ 97998.192200000397861, 99739.253900000825524, 0.0 ], [ 97998.528800000436604, 99739.162200000137091, 0.0 ], [ 97998.865399999544024, 99739.070599999278784, 0.0 ], [ 97999.201999999582767, 99738.979000000283122, 0.0 ], [ 97999.538599999621511, 99738.887499999254942, 0.0 ], [ 97999.875300000421703, 99738.796099999919534, 0.0 ], [ 98000.211900000460446, 99738.704800000414252, 0.0 ], [ 98000.548600000329316, 99738.613500000908971, 0.0 ], [ 98000.885300000198185, 99738.522199999541044, 0.0 ], [ 98001.222000000067055, 99738.431099999696016, 0.0 ], [ 98001.558799999766052, 99738.339999999850988, 0.0 ], [ 98001.895499999634922, 99738.248999999836087, 0.0 ], [ 98002.232300000265241, 99738.157999999821186, 0.0 ], [ 98002.569099999964237, 99738.067099999636412, 0.0 ], [ 98002.905799999833107, 99737.976199999451637, 0.0 ], [ 98003.242700000293553, 99737.88539999909699, 0.0 ], [ 98003.579499999992549, 99737.794700000435114, 0.0 ], [ 98003.916299999691546, 99737.703999999910593, 0.0 ], [ 98004.253200000151992, 99737.613399999216199, 0.0 ], [ 98004.590099999681115, 99737.52280000038445, 0.0 ], [ 98004.927000000141561, 99737.432299999520183, 0.0 ], [ 98005.263899999670684, 99737.341900000348687, 0.0 ], [ 98005.60080000013113, 99737.25139999948442, 0.0 ], [ 98005.937699999660254, 99737.161100000143051, 0.0 ], [ 98006.274600000120699, 99737.070800000801682, 0.0 ], [ 98006.611600000411272, 99736.980499999597669, 0.0 ], [ 98006.948599999770522, 99736.890300000086427, 0.0 ], [ 98007.285600000061095, 99736.800100000575185, 0.0 ], [ 98007.622499999590218, 99736.71000000089407, 0.0 ], [ 98007.959599999710917, 99736.619899999350309, 0.0 ], [ 98008.29660000000149, 99736.529899999499321, 0.0 ], [ 98008.633600000292063, 99736.439899999648333, 0.0 ], [ 98008.970599999651313, 99736.349999999627471, 0.0 ], [ 98009.307699999772012, 99736.260099999606609, 0.0 ], [ 98009.644799999892712, 99736.170199999585748, 0.0 ], [ 98009.981800000183284, 99736.080399999395013, 0.0 ], [ 98010.318900000303984, 99735.990599999204278, 0.0 ], [ 98010.656000000424683, 99735.900900000706315, 0.0 ], [ 98010.99309999961406, 99735.811200000345707, 0.0 ], [ 98011.330199999734759, 99735.721499999985099, 0.0 ], [ 98011.667399999685585, 99735.631899999454618, 0.0 ], [ 98012.004499999806285, 99735.542300000786781, 0.0 ], [ 98012.341599999926984, 99735.4527000002563, 0.0 ], [ 98012.67879999987781, 99735.363199999555945, 0.0 ], [ 98013.01589999999851, 99735.273700000718236, 0.0 ], [ 98013.353099999949336, 99735.184200000017881, 0.0 ], [ 98013.690299999900162, 99735.094799999147654, 0.0 ], [ 98014.027499999850988, 99735.005400000140071, 0.0 ], [ 98014.364699999801815, 99734.915999999269843, 0.0 ], [ 98014.701899999752641, 99734.826700000092387, 0.0 ], [ 98015.039099999703467, 99734.737299999222159, 0.0 ], [ 98015.376299999654293, 99734.648000000044703, 0.0 ], [ 98015.713499999605119, 99734.558800000697374, 0.0 ], [ 98016.050699999555945, 99734.469499999657273, 0.0 ], [ 98016.388000000268221, 99734.380300000309944, 0.0 ], [ 98016.725200000219047, 99734.29109999909997, 0.0 ], [ 98017.062400000169873, 99734.201899999752641, 0.0 ], [ 98017.399699999950826, 99734.112700000405312, 0.0 ], [ 98017.736899999901652, 99734.023600000888109, 0.0 ], [ 98018.074199999682605, 99733.934399999678135, 0.0 ], [ 98018.411500000394881, 99733.845300000160933, 0.0 ], [ 98018.748700000345707, 99733.75620000064373, 0.0 ], [ 98019.08600000012666, 99733.667099999263883, 0.0 ], [ 98019.423299999907613, 99733.578099999576807, 0.0 ], [ 98019.760499999858439, 99733.489000000059605, 0.0 ], [ 98020.097799999639392, 99733.400000000372529, 0.0 ], [ 98020.435100000351667, 99733.311000000685453, 0.0 ], [ 98020.77240000013262, 99733.221899999305606, 0.0 ], [ 98021.109699999913573, 99733.13289999961853, 0.0 ], [ 98021.446999999694526, 99733.043899999931455, 0.0 ], [ 98021.784300000406802, 99732.955000000074506, 0.0 ], [ 98022.121600000187755, 99732.86600000038743, 0.0 ], [ 98022.458899999968708, 99732.777000000700355, 0.0 ], [ 98022.79619999974966, 99732.687999999150634, 0.0 ], [ 98023.133500000461936, 99732.599099999293685, 0.0 ], [ 98023.470800000242889, 99732.510099999606609, 0.0 ], [ 98023.808100000023842, 99732.421099999919534, 0.0 ], [ 98024.145399999804795, 99732.332200000062585, 0.0 ], [ 98024.482699999585748, 99732.243200000375509, 0.0 ], [ 98363.479500000365078, 99642.840900000184774, 0.0 ], [ 98363.988499999977648, 99642.706599999219179, 0.0 ], [ 98364.497399999760091, 99642.572399999946356, 0.0 ], [ 98365.006299999542534, 99642.438200000673532, 0.0 ], [ 98365.5152000002563, 99642.303899999707937, 0.0 ], [ 98366.024100000038743, 99642.169700000435114, 0.0 ], [ 98366.532999999821186, 99642.035399999469519, 0.0 ], [ 98367.041899999603629, 99641.901000000536442, 0.0 ], [ 98367.550800000317395, 99641.766699999570847, 0.0 ], [ 98368.059600000269711, 99641.632200000807643, 0.0 ], [ 98368.568500000052154, 99641.497800000011921, 0.0 ], [ 98369.07730000000447, 99641.363199999555945, 0.0 ], [ 98369.586099999956787, 99641.228700000792742, 0.0 ], [ 98370.094899999909103, 99641.094000000506639, 0.0 ], [ 98370.603699999861419, 99640.959300000220537, 0.0 ], [ 98371.112399999983609, 99640.824500000104308, 0.0 ], [ 98371.621199999935925, 99640.689600000157952, 0.0 ], [ 98372.129900000058115, 99640.55460000038147, 0.0 ], [ 98372.638600000180304, 99640.41950000077486, 0.0 ], [ 98373.147199999541044, 99640.284299999475479, 0.0 ], [ 98373.655899999663234, 99640.149000000208616, 0.0 ], [ 98374.164499999955297, 99640.013699999079108, 0.0 ], [ 98374.673000000417233, 99639.878100000321865, 0.0 ], [ 98375.181599999777973, 99639.742499999701977, 0.0 ], [ 98375.690100000239909, 99639.606699999421835, 0.0 ], [ 98376.198499999940395, 99639.470799999311566, 0.0 ], [ 98376.707000000402331, 99639.334799999371171, 0.0 ], [ 98377.215400000102818, 99639.198599999770522, 0.0 ], [ 98377.723699999973178, 99639.06220000050962, 0.0 ], [ 98378.231999999843538, 99638.925699999555945, 0.0 ], [ 98378.740299999713898, 99638.789100000634789, 0.0 ], [ 98379.248499999754131, 99638.652200000360608, 0.0 ], [ 98379.756699999794364, 99638.5152000002563, 0.0 ], [ 98380.26480000000447, 99638.378000000491738, 0.0 ], [ 98380.77280000038445, 99638.240599999204278, 0.0 ], [ 98381.280899999663234, 99638.103099999949336, 0.0 ], [ 98381.788800000213087, 99637.965299999341369, 0.0 ], [ 98382.296699999831617, 99637.82740000076592, 0.0 ], [ 98382.80460000038147, 99637.689200000837445, 0.0 ], [ 98383.312400000169873, 99637.550799999386072, 0.0 ], [ 98383.82010000012815, 99637.412200000137091, 0.0 ], [ 98384.327800000086427, 99637.273299999535084, 0.0 ], [ 98384.835400000214577, 99637.13429999910295, 0.0 ], [ 98385.342899999581277, 99636.994999999180436, 0.0 ], [ 98385.850399999879301, 99636.855399999767542, 0.0 ], [ 98386.357800000347197, 99636.715700000524521, 0.0 ], [ 98386.865199999883771, 99636.575600000098348, 0.0 ], [ 98387.372499999590218, 99636.435300000011921, 0.0 ], [ 98387.879599999636412, 99636.294700000435114, 0.0 ], [ 98388.386800000444055, 99636.153899999335408, 0.0 ], [ 98388.893799999728799, 99636.012800000607967, 0.0 ], [ 98389.400799999944866, 99635.871400000527501, 0.0 ], [ 98389.907700000330806, 99635.729699999094009, 0.0 ], [ 98390.414499999955297, 99635.587799999862909, 0.0 ], [ 98390.92119999974966, 99635.445499999448657, 0.0 ], [ 98391.427799999713898, 99635.302899999544024, 0.0 ], [ 98391.934399999678135, 99635.160000000149012, 0.0 ], [ 98392.440799999982119, 99635.016799999400973, 0.0 ], [ 98392.947200000286102, 99634.873299999162555, 0.0 ], [ 98393.453499999828637, 99634.729499999433756, 0.0 ], [ 98393.959699999541044, 99634.58530000038445, 0.0 ], [ 98394.465800000354648, 99634.440799999982119, 0.0 ], [ 98394.971800000406802, 99634.296000000089407, 0.0 ], [ 98395.47759999986738, 99634.150800000876188, 0.0 ], [ 98395.98340000025928, 99634.005200000479817, 0.0 ], [ 98396.489099999889731, 99633.859300000593066, 0.0 ], [ 98396.994699999690056, 99633.71309999935329, 0.0 ], [ 98397.500199999660254, 99633.566400000825524, 0.0 ], [ 98398.005499999970198, 99633.419399999082088, 0.0 ], [ 98398.510800000280142, 99633.271999999880791, 0.0 ], [ 98399.01589999999851, 99633.124199999496341, 0.0 ], [ 98399.520999999716878, 99632.975999999791384, 0.0 ], [ 98400.025899999774992, 99632.827500000596046, 0.0 ], [ 98400.53070000000298, 99632.67850000038743, 0.0 ], [ 98401.035299999639392, 99632.529100000858307, 0.0 ], [ 98401.539900000207126, 99632.379300000146031, 0.0 ], [ 98402.044300000183284, 99632.229100000113249, 0.0 ], [ 98402.548600000329316, 99632.078500000759959, 0.0 ], [ 98403.052799999713898, 99631.927400000393391, 0.0 ], [ 98403.556800000369549, 99631.775900000706315, 0.0 ], [ 98404.060700000263751, 99631.62390000000596, 0.0 ], [ 98404.564500000327826, 99631.471499999985099, 0.0 ], [ 98405.068099999800324, 99631.31870000064373, 0.0 ], [ 98405.571600000374019, 99631.165400000289083, 0.0 ], [ 98406.075000000186265, 99631.011600000783801, 0.0 ], [ 98406.578200000338256, 99630.857400000095367, 0.0 ], [ 98407.081199999898672, 99630.7027000002563, 0.0 ], [ 98407.584099999628961, 99630.547499999403954, 0.0 ], [ 98408.086900000460446, 99630.391799999400973, 0.0 ], [ 98408.589499999769032, 99630.235600000247359, 0.0 ], [ 98409.092000000178814, 99630.078999999910593, 0.0 ], [ 98409.59429999999702, 99629.921800000593066, 0.0 ], [ 98410.096400000154972, 99629.764200000092387, 0.0 ], [ 98410.598399999551475, 99629.606000000610948, 0.0 ], [ 98411.100200000219047, 99629.447300000116229, 0.0 ], [ 98411.60190000012517, 99629.28800000064075, 0.0 ], [ 98428.61849999986589, 99623.538799999281764, 0.0 ], [ 98445.417600000277162, 99617.182199999690056, 0.0 ], [ 98461.977500000037253, 99610.226299999281764, 0.0 ], [ 98462.458899999968708, 99610.013499999418855, 0.0 ], [ 98462.940100000239909, 99609.800200000405312, 0.0 ], [ 98463.421000000089407, 99609.586500000208616, 0.0 ], [ 98463.901800000108778, 99609.372199999168515, 0.0 ], [ 98464.382299999706447, 99609.157500000670552, 0.0 ], [ 98464.862599999643862, 99608.942299999296665, 0.0 ], [ 98465.342699999921024, 99608.726600000634789, 0.0 ], [ 98465.822599999606609, 99608.51039999909699, 0.0 ], [ 98466.302199999801815, 99608.293800000101328, 0.0 ], [ 98466.781700000166893, 99608.076700000092387, 0.0 ], [ 98467.260999999940395, 99607.859200000762939, 0.0 ], [ 98467.740000000223517, 99607.641200000420213, 0.0 ], [ 98468.21889999974519, 99607.422800000756979, 0.0 ], [ 98468.697499999776483, 99607.203999999910593, 0.0 ], [ 98469.175999999977648, 99606.984699999913573, 0.0 ], [ 98469.654299999587238, 99606.765000000596046, 0.0 ], [ 98470.132299999706447, 99606.544900000095367, 0.0 ], [ 98470.61019999999553, 99606.324400000274181, 0.0 ], [ 98471.087899999693036, 99606.103399999439716, 0.0 ], [ 98471.565399999730289, 99605.882099999114871, 0.0 ], [ 98472.042799999937415, 99605.660299999639392, 0.0 ], [ 98472.519899999722838, 99605.438200000673532, 0.0 ], [ 98472.996899999678135, 99605.215700000524521, 0.0 ], [ 98473.473699999973178, 99604.992799999192357, 0.0 ], [ 98473.950299999676645, 99604.769500000402331, 0.0 ], [ 98474.426699999719858, 99604.54590000025928, 0.0 ], [ 98474.902999999932945, 99604.321900000795722, 0.0 ], [ 98475.379099999554455, 99604.097500000149012, 0.0 ], [ 98475.855000000447035, 99603.872800000011921, 0.0 ], [ 98476.330799999646842, 99603.647700000554323, 0.0 ], [ 98476.806400000117719, 99603.4222999997437, 0.0 ], [ 98477.28179999999702, 99603.196599999442697, 0.0 ], [ 98477.757100000046194, 99602.970499999821186, 0.0 ], [ 98478.232200000435114, 99602.744100000709295, 0.0 ], [ 98478.707200000062585, 99602.517400000244379, 0.0 ], [ 98479.182000000029802, 99602.290400000289083, 0.0 ], [ 98479.656700000166893, 99602.062999999150634, 0.0 ], [ 98480.131199999712408, 99601.835400000214577, 0.0 ], [ 98480.605600000359118, 99601.607400000095367, 0.0 ], [ 98481.079900000244379, 99601.379200000315905, 0.0 ], [ 98481.553999999538064, 99601.15059999935329, 0.0 ], [ 98482.027999999932945, 99600.921800000593066, 0.0 ], [ 98482.501799999736249, 99600.692700000479817, 0.0 ], [ 98482.975499999709427, 99600.463300000876188, 0.0 ], [ 98483.449099999852479, 99600.23369999974966, 0.0 ], [ 98483.922500000335276, 99600.003799999132752, 0.0 ], [ 98484.395800000056624, 99599.773600000888109, 0.0 ], [ 98484.868999999947846, 99599.543199999257922, 0.0 ], [ 98485.342100000008941, 99599.312599999830127, 0.0 ], [ 98485.815100000239909, 99599.081700000911951, 0.0 ], [ 98486.287899999879301, 99598.85050000064075, 0.0 ], [ 98486.760700000450015, 99598.619200000539422, 0.0 ], [ 98487.233300000429153, 99598.387599999085069, 0.0 ], [ 98487.705799999646842, 99598.155799999833107, 0.0 ], [ 98488.178199999965727, 99597.92369999922812, 0.0 ], [ 98488.650500000454485, 99597.691500000655651, 0.0 ], [ 98489.122700000181794, 99597.459100000560284, 0.0 ], [ 98489.594800000078976, 99597.226399999111891, 0.0 ], [ 98490.066899999976158, 99596.993599999696016, 0.0 ], [ 98490.538800000213087, 99596.760600000619888, 0.0 ], [ 98491.010599999688566, 99596.527400000020862, 0.0 ], [ 98491.482300000265241, 99596.293999999761581, 0.0 ], [ 98491.953999999910593, 99596.060399999842048, 0.0 ], [ 98492.425599999725819, 99595.826700000092387, 0.0 ], [ 98492.897099999710917, 99595.592800000682473, 0.0 ], [ 98493.36849999986589, 99595.358799999579787, 0.0 ], [ 98493.839800000190735, 99595.124600000679493, 0.0 ], [ 98494.311099999584258, 99594.890300000086427, 0.0 ], [ 98494.782300000078976, 99594.655799999833107, 0.0 ], [ 98495.253399999812245, 99594.42119999974966, 0.0 ], [ 98495.724499999545515, 99594.186499999836087, 0.0 ], [ 98496.19550000037998, 99593.95160000026226, 0.0 ], [ 98496.666400000452995, 99593.716600000858307, 0.0 ], [ 98497.137299999594688, 99593.481499999761581, 0.0 ], [ 98497.608199999667704, 99593.246300000697374, 0.0 ], [ 98498.078900000080466, 99593.010999999940395, 0.0 ], [ 98498.549700000323355, 99592.775499999523163, 0.0 ], [ 98499.020399999804795, 99592.53999999910593, 0.0 ], [ 98499.49100000038743, 99592.304400000721216, 0.0 ], [ 98499.961600000038743, 99592.068800000473857, 0.0 ], [ 98500.432099999859929, 99591.833000000566244, 0.0 ], [ 98500.902700000442564, 99591.597200000658631, 0.0 ], [ 98501.373200000263751, 99591.361300000920892, 0.0 ], [ 98501.84360000025481, 99591.12529999949038, 0.0 ], [ 98502.314000000245869, 99590.889299999922514, 0.0 ], [ 98502.784400000236928, 99590.653200000524521, 0.0 ], [ 98503.254800000227988, 99590.417099999263883, 0.0 ], [ 98503.725200000219047, 99590.180900000035763, 0.0 ], [ 98504.19550000037998, 99589.944700000807643, 0.0 ], [ 98504.66579999960959, 99589.708499999716878, 0.0 ], [ 98505.136099999770522, 99589.472200000658631, 0.0 ], [ 98505.606399999931455, 99589.235999999567866, 0.0 ], [ 98506.076700000092387, 99588.99970000050962, 0.0 ], [ 98506.54700000025332, 99588.763399999588728, 0.0 ], [ 98507.017300000414252, 99588.527000000700355, 0.0 ], [ 98544.810600000433624, 99569.536699999123812, 0.0 ], [ 98545.280899999663234, 99569.300400000065565, 0.0 ], [ 98545.751199999824166, 99569.064099999144673, 0.0 ], [ 98546.221499999985099, 99568.827800000086427, 0.0 ], [ 98546.691800000146031, 99568.591600000858307, 0.0 ], [ 98547.162100000306964, 99568.355399999767542, 0.0 ], [ 98547.632500000298023, 99568.119300000369549, 0.0 ], [ 98548.102900000289083, 99567.883199999108911, 0.0 ], [ 98548.573400000110269, 99567.647299999371171, 0.0 ], [ 98549.043899999931455, 99567.411399999633431, 0.0 ], [ 98549.514499999582767, 99567.175699999555945, 0.0 ], [ 98549.985100000165403, 99566.939999999478459, 0.0 ], [ 98550.455799999646842, 99566.704500000923872, 0.0 ], [ 98550.926599999889731, 99566.469200000166893, 0.0 ], [ 98551.39740000013262, 99566.233999999240041, 0.0 ], [ 98551.868300000205636, 99565.998999999836087, 0.0 ], [ 98552.339399999938905, 99565.764200000092387, 0.0 ], [ 98552.810499999672174, 99565.529600000008941, 0.0 ], [ 98553.281700000166893, 99565.295199999585748, 0.0 ], [ 98553.753100000321865, 99565.061000000685453, 0.0 ], [ 98554.224499999545515, 99564.827099999412894, 0.0 ], [ 98554.696100000292063, 99564.593399999663234, 0.0 ], [ 98555.167799999937415, 99564.359899999573827, 0.0 ], [ 98555.639700000174344, 99564.126800000667572, 0.0 ], [ 98556.111700000241399, 99563.893899999558926, 0.0 ], [ 98556.583800000138581, 99563.661299999803305, 0.0 ], [ 98557.056099999696016, 99563.429099999368191, 0.0 ], [ 98557.528599999845028, 99563.197100000455976, 0.0 ], [ 98558.001199999824166, 99562.965500000864267, 0.0 ], [ 98558.474000000394881, 99562.734300000593066, 0.0 ], [ 98558.946899999864399, 99562.503399999812245, 0.0 ], [ 98559.420099999755621, 99562.27280000038445, 0.0 ], [ 98559.893400000408292, 99562.042700000107288, 0.0 ], [ 98560.366899999789894, 99561.812999999150634, 0.0 ], [ 98560.840699999593198, 99561.583699999377131, 0.0 ], [ 98561.314600000157952, 99561.354800000786781, 0.0 ], [ 98561.788800000213087, 99561.126299999654293, 0.0 ], [ 98562.263100000098348, 99560.898299999535084, 0.0 ], [ 98562.737700000405312, 99560.670800000429153, 0.0 ], [ 98563.212500000372529, 99560.44370000064373, 0.0 ], [ 98563.687599999830127, 99560.217100000008941, 0.0 ], [ 98564.162899999879301, 99559.99100000038743, 0.0 ], [ 98564.638399999588728, 99559.76549999974668, 0.0 ], [ 98565.114199999719858, 99559.540400000289083, 0.0 ], [ 98565.590200000442564, 99559.315899999812245, 0.0 ], [ 98566.066499999724329, 99559.092000000178814, 0.0 ], [ 98566.542999999597669, 99558.868599999696016, 0.0 ], [ 98567.019899999722838, 99558.645800000056624, 0.0 ], [ 98567.497000000439584, 99558.423599999397993, 0.0 ], [ 98567.974399999715388, 99558.201999999582767, 0.0 ], [ 98568.451999999582767, 99557.981000000610948, 0.0 ], [ 98568.929999999701977, 99557.760700000450015, 0.0 ], [ 98569.408300000242889, 99557.540899999439716, 0.0 ], [ 98569.886800000444055, 99557.321900000795722, 0.0 ], [ 98570.365699999965727, 99557.103499999269843, 0.0 ], [ 98570.844899999909103, 99556.885800000280142, 0.0 ], [ 98571.324400000274181, 99556.668800000101328, 0.0 ], [ 98571.80420000012964, 99556.452500000596046, 0.0 ], [ 98572.284300000406802, 99556.236899999901652, 0.0 ], [ 98572.76480000000447, 99556.022099999710917, 0.0 ], [ 98573.245600000023842, 99555.808000000193715, 0.0 ], [ 98573.726700000464916, 99555.5945999994874, 0.0 ], [ 98574.208200000226498, 99555.382099999114871, 0.0 ], [ 98574.690000000409782, 99555.170299999415874, 0.0 ], [ 98575.172199999913573, 99554.959300000220537, 0.0 ], [ 98575.654799999669194, 99554.749199999496341, 0.0 ], [ 98576.137699999846518, 99554.539799999445677, 0.0 ], [ 98576.620900000445545, 99554.331399999558926, 0.0 ], [ 98577.104500000365078, 99554.123700000345707, 0.0 ], [ 98577.588499999605119, 99553.916999999433756, 0.0 ], [ 98578.072900000028312, 99553.711100000888109, 0.0 ], [ 98578.557699999772012, 99553.506100000813603, 0.0 ], [ 98579.042799999937415, 99553.301999999210238, 0.0 ], [ 98579.528300000354648, 99553.098799999803305, 0.0 ], [ 98580.014299999922514, 99552.896600000560284, 0.0 ], [ 98580.500599999912083, 99552.695299999788404, 0.0 ], [ 98580.987300000153482, 99552.494999999180436, 0.0 ], [ 98581.474399999715388, 99552.295700000599027, 0.0 ], [ 98581.961900000460446, 99552.097400000318885, 0.0 ], [ 98582.449799999594688, 99551.900000000372529, 0.0 ], [ 98582.938099999912083, 99551.703700000420213, 0.0 ], [ 98583.426900000311434, 99551.508400000631809, 0.0 ], [ 98583.916000000201166, 99551.314099999144673, 0.0 ], [ 98584.405600000172853, 99551.120999999344349, 0.0 ], [ 98584.895600000396371, 99550.92879999987781, 0.0 ], [ 98585.385999999940395, 99550.737800000235438, 0.0 ], [ 98585.876899999566376, 99550.547900000587106, 0.0 ], [ 98586.36809999961406, 99550.359099999070168, 0.0 ], [ 98586.859899999573827, 99550.171399999409914, 0.0 ], [ 98587.351999999955297, 99549.9847999997437, 0.0 ], [ 98587.844600000418723, 99549.799399999901652, 0.0 ], [ 98588.337600000202656, 99549.615199999883771, 0.0 ], [ 98588.831100000068545, 99549.432199999690056, 0.0 ], [ 98589.325000000186265, 99549.25029999949038, 0.0 ], [ 98589.819299999624491, 99549.069700000807643, 0.0 ], [ 98590.314199999906123, 99548.890300000086427, 0.0 ], [ 98602.623399999924004, 99544.869200000539422, 0.0 ], [ 98615.157100000418723, 99541.614399999380112, 0.0 ], [ 98627.867600000463426, 99539.138299999758601, 0.0 ], [ 98640.706500000320375, 99537.450300000607967, 0.0 ], [ 98653.625, 99536.556800000369549, 0.0 ], [ 98666.574099999852479, 99536.461300000548363, 0.0 ], [ 98679.504399999976158, 99537.164000000804663, 0.0 ], [ 98692.366799999959767, 99538.662399999797344, 0.0 ], [ 98705.112399999983609, 99540.950699999928474, 0.0 ], [ 98717.692699999548495, 99544.020199999213219, 0.0 ], [ 98730.059999999590218, 99547.859300000593066, 0.0 ], [ 98742.167100000195205, 99552.453299999237061, 0.0 ], [ 98753.968000000342727, 99557.784800000488758, 0.0 ], [ 98765.417899999767542, 99563.833399999886751, 0.0 ], [ 98776.473199999891222, 99570.57630000077188, 0.0 ], [ 98787.091900000348687, 99577.987800000235438, 0.0 ], [ 98797.233599999919534, 99586.03969999961555, 0.0 ], [ 98806.8597999997437, 99594.70130000077188, 0.0 ], [ 98807.239599999971688, 99595.065700000151992, 0.0 ], [ 98807.61849999986589, 99595.431099999696016, 0.0 ], [ 98807.996399999596179, 99595.797399999573827, 0.0 ], [ 98808.373499999754131, 99596.164599999785423, 0.0 ], [ 98808.74959999974817, 99596.532700000330806, 0.0 ], [ 98809.124900000169873, 99596.901699999347329, 0.0 ], [ 98809.499400000087917, 99597.271500000730157, 0.0 ], [ 98809.872899999842048, 99597.642300000414252, 0.0 ], [ 98810.245699999853969, 99598.013900000602007, 0.0 ], [ 98810.617499999701977, 99598.386299999430776, 0.0 ], [ 98810.988599999807775, 99598.759600000455976, 0.0 ], [ 98811.358799999579787, 99599.13370000012219, 0.0 ], [ 98811.728199999779463, 99599.508600000292063, 0.0 ], [ 98812.096800000406802, 99599.88429999910295, 0.0 ], [ 98812.464499999769032, 99600.260800000280142, 0.0 ], [ 98812.831500000320375, 99600.638100000098348, 0.0 ], [ 98813.197700000368059, 99601.016100000590086, 0.0 ], [ 98813.563099999912083, 99601.394899999722838, 0.0 ], [ 98813.927799999713898, 99601.774399999529123, 0.0 ], [ 98814.291699999943376, 99602.154699999839067, 0.0 ], [ 98814.654799999669194, 99602.535599999129772, 0.0 ], [ 98815.017199999652803, 99602.917300000786781, 0.0 ], [ 98815.378800000064075, 99603.299699999392033, 0.0 ], [ 98815.739799999631941, 99603.682800000533462, 0.0 ], [ 98816.099999999627471, 99604.066500000655651, 0.0 ], [ 98816.459499999880791, 99604.450899999588728, 0.0 ], [ 98816.818300000391901, 99604.835999999195337, 0.0 ], [ 98817.176400000229478, 99605.221699999645352, 0.0 ], [ 98817.533800000324845, 99605.607999999076128, 0.0 ], [ 98817.89049999974668, 99605.994999999180436, 0.0 ], [ 98818.246600000187755, 99606.38260000012815, 0.0 ], [ 98818.602099999785423, 99606.770700000226498, 0.0 ], [ 98818.956799999810755, 99607.159499999135733, 0.0 ], [ 98819.310999999754131, 99607.548800000920892, 0.0 ], [ 98819.664499999955297, 99607.938699999824166, 0.0 ], [ 98820.017400000244379, 99608.329199999570847, 0.0 ], [ 98820.369699999690056, 99608.720200000330806, 0.0 ], [ 98820.721400000154972, 99609.111800000071526, 0.0 ], [ 98821.072499999776483, 99609.503900000825524, 0.0 ], [ 98821.423000000417233, 99609.896500000730157, 0.0 ], [ 98821.773000000044703, 99610.289599999785423, 0.0 ], [ 98822.122399999760091, 99610.683199999853969, 0.0 ], [ 98822.471199999563396, 99611.077299999073148, 0.0 ], [ 98822.819500000216067, 99611.471899999305606, 0.0 ], [ 98823.167299999855459, 99611.866900000721216, 0.0 ], [ 98823.514600000344217, 99612.262399999424815, 0.0 ], [ 98823.861299999989569, 99612.658399999141693, 0.0 ], [ 98824.207600000314415, 99613.054800000041723, 0.0 ], [ 98824.553299999795854, 99613.45160000026226, 0.0 ], [ 98824.898599999956787, 99613.848799999803305, 0.0 ], [ 98825.243400000035763, 99614.246500000357628, 0.0 ], [ 98825.587700000032783, 99614.644500000402331, 0.0 ], [ 98825.931599999777973, 99615.042999999597669, 0.0 ], [ 98826.275000000372529, 99615.441800000146031, 0.0 ], [ 98826.617999999783933, 99615.841000000014901, 0.0 ], [ 98826.96059999987483, 99616.240499999374151, 0.0 ], [ 98827.302799999713898, 99616.640399999916553, 0.0 ], [ 98827.644600000232458, 99617.040699999779463, 0.0 ], [ 98827.98589999973774, 99617.441199999302626, 0.0 ], [ 98828.326899999752641, 99617.842199999839067, 0.0 ], [ 98828.667600000277162, 99618.243400000035763, 0.0 ], [ 98829.007799999788404, 99618.644899999722838, 0.0 ], [ 98829.347799999639392, 99619.046700000762939, 0.0 ], [ 98829.687400000169873, 99619.448799999430776, 0.0 ], [ 98830.026600000448525, 99619.851199999451637, 0.0 ], [ 98830.365500000305474, 99620.253900000825524, 0.0 ], [ 98830.704199999570847, 99620.65679999999702, 0.0 ], [ 98831.042500000447035, 99621.059900000691414, 0.0 ], [ 98831.380499999970198, 99621.463300000876188, 0.0 ], [ 98831.718299999833107, 99621.867000000551343, 0.0 ], [ 98832.055800000205636, 99622.270800000056624, 0.0 ], [ 98832.393000000156462, 99622.674900000914931, 0.0 ], [ 98832.730000000447035, 99623.079199999570847, 0.0 ], [ 98833.066800000146031, 99623.48369999974966, 0.0 ], [ 98833.403300000354648, 99623.888299999758601, 0.0 ], [ 98833.739699999801815, 99624.293199999257922, 0.0 ], [ 98834.075799999758601, 99624.698200000450015, 0.0 ], [ 98834.411700000055134, 99625.10329999960959, 0.0 ], [ 98834.747499999590218, 99625.508600000292063, 0.0 ], [ 98835.083100000396371, 99625.914100000634789, 0.0 ], [ 98835.418499999679625, 99626.319700000807643, 0.0 ], [ 98835.753700000233948, 99626.725400000810623, 0.0 ], [ 98836.088899999856949, 99627.13120000064373, 0.0 ], [ 98836.423899999819696, 99627.537200000137091, 0.0 ], [ 98836.75870000012219, 99627.943199999630451, 0.0 ], [ 98837.093500000424683, 99628.349300000816584, 0.0 ], [ 98837.428199999965727, 99628.755499999970198, 0.0 ], [ 98837.762799999676645, 99629.161800000816584, 0.0 ], [ 98838.097299999557436, 99629.568099999800324, 0.0 ], [ 98838.431800000369549, 99629.974500000476837, 0.0 ], [ 98838.766200000420213, 99630.380899999290705, 0.0 ], [ 98839.100499999709427, 99630.787399999797344, 0.0 ], [ 98839.434799999929965, 99631.193900000303984, 0.0 ], [ 98839.769100000150502, 99631.600400000810623, 0.0 ], [ 98840.103500000201166, 99632.006899999454618, 0.0 ], [ 99038.244900000281632, 99872.959300000220537, 0.0 ], [ 99038.498999999836087, 99873.268300000578165, 0.0 ], [ 99038.752999999560416, 99873.577199999243021, 0.0 ], [ 99039.007100000046194, 99873.886199999600649, 0.0 ], [ 99039.261099999770522, 99874.19510000012815, 0.0 ], [ 99039.5152000002563, 99874.504100000485778, 0.0 ], [ 99039.769199999980628, 99874.813100000843406, 0.0 ], [ 99040.023299999535084, 99875.121999999508262, 0.0 ], [ 99040.277300000190735, 99875.43099999986589, 0.0 ], [ 99040.53139999974519, 99875.740000000223517, 0.0 ], [ 99040.785400000400841, 99876.049000000581145, 0.0 ], [ 99041.03940000012517, 99876.357999999076128, 0.0 ], [ 99041.293399999849498, 99876.666999999433756, 0.0 ], [ 99041.547399999573827, 99876.975999999791384, 0.0 ], [ 99041.801400000229478, 99877.285000000149012, 0.0 ], [ 99042.055399999953806, 99877.594000000506639, 0.0 ], [ 99042.309299999848008, 99877.903000000864267, 0.0 ], [ 99042.563299999572337, 99878.212099999189377, 0.0 ], [ 99042.817200000397861, 99878.521099999547005, 0.0 ], [ 99043.071100000292063, 99878.830199999734759, 0.0 ], [ 99043.325000000186265, 99879.139299999922514, 0.0 ], [ 99043.578900000080466, 99879.448400000110269, 0.0 ], [ 99043.832799999974668, 99879.757500000298023, 0.0 ], [ 99044.086600000038743, 99880.066600000485778, 0.0 ], [ 99044.340499999932945, 99880.375800000503659, 0.0 ], [ 99044.59429999999702, 99880.684900000691414, 0.0 ], [ 99044.848100000061095, 99880.994100000709295, 0.0 ], [ 99045.101800000295043, 99881.303300000727177, 0.0 ], [ 99045.355600000359118, 99881.612500000745058, 0.0 ], [ 99045.609299999661744, 99881.921700000762939, 0.0 ], [ 99045.862999999895692, 99882.231000000610948, 0.0 ], [ 99046.11670000012964, 99882.540200000628829, 0.0 ], [ 99046.370299999602139, 99882.849500000476837, 0.0 ], [ 99046.623999999836087, 99883.158800000324845, 0.0 ], [ 99046.877600000239909, 99883.46820000000298, 0.0 ], [ 99047.131099999882281, 99883.777499999850988, 0.0 ], [ 99047.384700000286102, 99884.086899999529123, 0.0 ], [ 99047.638199999928474, 99884.396299999207258, 0.0 ], [ 99047.891699999570847, 99884.705700000748038, 0.0 ], [ 99048.145100000314415, 99885.0152000002563, 0.0 ], [ 99048.39850000012666, 99885.324699999764562, 0.0 ], [ 99048.651899999938905, 99885.634199999272823, 0.0 ], [ 99048.905299999751151, 99885.94370000064373, 0.0 ], [ 99049.158599999733269, 99886.253299999982119, 0.0 ], [ 99049.411899999715388, 99886.562899999320507, 0.0 ], [ 99049.66509999986738, 99886.872500000521541, 0.0 ], [ 99049.918300000019372, 99887.182199999690056, 0.0 ], [ 99050.171500000171363, 99887.491800000891089, 0.0 ], [ 99050.424599999561906, 99887.801599999889731, 0.0 ], [ 99050.677699999883771, 99888.111300000920892, 0.0 ], [ 99050.930800000205636, 99888.421099999919534, 0.0 ], [ 99051.183799999766052, 99888.730900000780821, 0.0 ], [ 99051.436700000427663, 99889.04079999960959, 0.0 ], [ 99051.689699999988079, 99889.350600000470877, 0.0 ], [ 99051.942499999888241, 99889.660599999129772, 0.0 ], [ 99052.19539999961853, 99889.970499999821186, 0.0 ], [ 99052.448200000450015, 99890.280500000342727, 0.0 ], [ 99052.700899999588728, 99890.590500000864267, 0.0 ], [ 99052.953599999658763, 99890.90059999935329, 0.0 ], [ 99053.206199999898672, 99891.210699999704957, 0.0 ], [ 99053.458800000138581, 99891.520899999886751, 0.0 ], [ 99053.711400000378489, 99891.831100000068545, 0.0 ], [ 99053.963899999856949, 99892.14130000025034, 0.0 ], [ 99054.216300000436604, 99892.45160000026226, 0.0 ], [ 99054.468700000084937, 99892.761900000274181, 0.0 ], [ 99054.721099999733269, 99893.072200000286102, 0.0 ], [ 99054.973399999551475, 99893.38260000012815, 0.0 ], [ 99055.225599999539554, 99893.693099999800324, 0.0 ], [ 99055.477800000458956, 99894.003599999472499, 0.0 ], [ 99055.729899999685585, 99894.314099999144673, 0.0 ], [ 99055.981999999843538, 99894.62470000050962, 0.0 ], [ 99056.234000000171363, 99894.935300000011921, 0.0 ], [ 99056.48589999973774, 99895.245999999344349, 0.0 ], [ 99056.737800000235438, 99895.556700000539422, 0.0 ], [ 99056.989599999971688, 99895.867499999701977, 0.0 ], [ 99057.241399999707937, 99896.178400000557303, 0.0 ], [ 99077.403800000436604, 99921.49129999987781, 0.0 ], [ 99077.650500000454485, 99921.80629999935627, 0.0 ], [ 99077.896999999880791, 99922.121200000867248, 0.0 ], [ 99078.143600000068545, 99922.436200000345707, 0.0 ], [ 99078.389999999664724, 99922.751299999654293, 0.0 ], [ 99078.636400000192225, 99923.066400000825524, 0.0 ], [ 99078.882699999958277, 99923.38150000013411, 0.0 ], [ 99079.128999999724329, 99923.696699999272823, 0.0 ], [ 99079.375300000421703, 99924.012000000104308, 0.0 ], [ 99079.621399999596179, 99924.327199999243021, 0.0 ], [ 99079.867499999701977, 99924.642599999904633, 0.0 ], [ 99080.113599999807775, 99924.957900000736117, 0.0 ], [ 99080.359600000083447, 99925.273299999535084, 0.0 ], [ 99080.605600000359118, 99925.588800000026822, 0.0 ], [ 99080.85149999987334, 99925.90430000051856, 0.0 ], [ 99081.097299999557436, 99926.219799999147654, 0.0 ], [ 99081.343100000172853, 99926.535399999469519, 0.0 ], [ 99081.588800000026822, 99926.850999999791384, 0.0 ], [ 99081.834499999880791, 99927.166600000113249, 0.0 ], [ 99082.080199999734759, 99927.482300000265241, 0.0 ], [ 99082.325799999758601, 99927.798000000417233, 0.0 ], [ 99082.571399999782443, 99928.113800000399351, 0.0 ], [ 99082.816899999976158, 99928.42960000038147, 0.0 ], [ 99083.062300000339746, 99928.745400000363588, 0.0 ], [ 99083.307799999602139, 99929.061200000345707, 0.0 ], [ 99083.553100000135601, 99929.377100000157952, 0.0 ], [ 99083.798499999567866, 99929.692999999970198, 0.0 ], [ 99084.043800000101328, 99930.00899999961257, 0.0 ], [ 99084.28899999987334, 99930.324999999254942, 0.0 ], [ 99084.534199999645352, 99930.641000000759959, 0.0 ], [ 99084.779400000348687, 99930.957100000232458, 0.0 ], [ 99085.024600000120699, 99931.27309999987483, 0.0 ], [ 99085.269700000062585, 99931.589199999347329, 0.0 ], [ 99085.514700000174344, 99931.9054000005126, 0.0 ], [ 99085.759800000116229, 99932.221499999985099, 0.0 ], [ 99086.004800000227988, 99932.537699999287724, 0.0 ], [ 99086.249699999578297, 99932.853900000452995, 0.0 ], [ 99086.494699999690056, 99933.170199999585748, 0.0 ], [ 99086.739599999971688, 99933.486400000751019, 0.0 ], [ 99086.984400000423193, 99933.802699999883771, 0.0 ], [ 99087.229299999773502, 99934.119000000879169, 0.0 ], [ 99087.474100000225008, 99934.435399999842048, 0.0 ], [ 99087.71889999974519, 99934.751700000837445, 0.0 ], [ 99087.963600000366569, 99935.068099999800324, 0.0 ], [ 99088.208300000056624, 99935.384500000625849, 0.0 ], [ 99088.45299999974668, 99935.700899999588728, 0.0 ], [ 99088.697700000368059, 99936.017400000244379, 0.0 ], [ 99088.942300000227988, 99936.333799999207258, 0.0 ], [ 99089.186999999918044, 99936.650299999862909, 0.0 ], [ 99089.431599999777973, 99936.96680000051856, 0.0 ], [ 99089.676099999807775, 99937.283299999311566, 0.0 ], [ 99089.920699999667704, 99937.599899999797344, 0.0 ], [ 99090.165199999697506, 99937.916400000452995, 0.0 ], [ 99090.409799999557436, 99938.232999999076128, 0.0 ], [ 99090.654299999587238, 99938.549499999731779, 0.0 ], [ 99090.898699999786913, 99938.866100000217557, 0.0 ], [ 99091.143199999816716, 99939.182700000703335, 0.0 ], [ 99091.387699999846518, 99939.499299999326468, 0.0 ], [ 99091.632100000046194, 99939.815999999642372, 0.0 ], [ 99091.876500000245869, 99940.13260000012815, 0.0 ], [ 99092.120900000445545, 99940.449200000613928, 0.0 ], [ 99092.365299999713898, 99940.765900000929832, 0.0 ], [ 99092.609699999913573, 99941.082599999383092, 0.0 ], [ 99092.854100000113249, 99941.39919999986887, 0.0 ], [ 99093.098399999551475, 99941.715900000184774, 0.0 ], [ 99093.342799999751151, 99942.032600000500679, 0.0 ], [ 99093.587100000120699, 99942.349300000816584, 0.0 ], [ 99093.831500000320375, 99942.665999999269843, 0.0 ], [ 99094.075799999758601, 99942.982699999585748, 0.0 ], [ 99094.32010000012815, 99943.299399999901652, 0.0 ], [ 99094.564399999566376, 99943.616100000217557, 0.0 ], [ 99094.808699999935925, 99943.932800000533462, 0.0 ], [ 99095.053100000135601, 99944.249600000679493, 0.0 ], [ 99095.297399999573827, 99944.566299999132752, 0.0 ], [ 99095.541699999943376, 99944.882999999448657, 0.0 ], [ 99095.786000000312924, 99945.199799999594688, 0.0 ], [ 99194.506299999542534, 100073.183399999514222, 0.0 ], [ 99195.239199999719858, 100074.133600000292063, 0.0 ], [ 99195.972099999897182, 100075.083799999207258, 0.0 ], [ 99196.705099999904633, 100076.033900000154972, 0.0 ], [ 99197.438000000081956, 100076.984099999070168, 0.0 ], [ 99198.17090000025928, 100077.934299999848008, 0.0 ], [ 99198.903900000266731, 100078.884400000795722, 0.0 ], [ 99199.636900000274181, 100079.834499999880791, 0.0 ], [ 99200.369800000451505, 100080.784600000828505, 0.0 ], [ 99201.102900000289083, 100081.734699999913573, 0.0 ], [ 99201.835900000296533, 100082.684800000861287, 0.0 ], [ 99202.56900000013411, 100083.634899999946356, 0.0 ], [ 99203.302000000141561, 100084.584899999201298, 0.0 ], [ 99204.035199999809265, 100085.534900000318885, 0.0 ], [ 99204.768299999646842, 100086.484899999573827, 0.0 ], [ 99205.501500000245869, 100087.434800000861287, 0.0 ], [ 99206.2347999997437, 100088.384800000116229, 0.0 ], [ 99206.968000000342727, 100089.334699999541044, 0.0 ], [ 99207.701399999670684, 100090.284499999135733, 0.0 ], [ 99208.434700000099838, 100091.234300000593066, 0.0 ], [ 99209.168200000189245, 100092.184100000187755, 0.0 ], [ 99209.901700000278652, 100093.133799999952316, 0.0 ], [ 99210.635200000368059, 100094.083499999716878, 0.0 ], [ 99211.368800000287592, 100095.03319999948144, 0.0 ], [ 99212.102400000207126, 100095.982799999415874, 0.0 ], [ 99212.836199999786913, 100096.932399999350309, 0.0 ], [ 99233.707700000144541, 100123.885600000619888, 0.0 ], [ 99234.443500000052154, 100124.833699999377131, 0.0 ], [ 99235.17920000012964, 100125.781700000166893, 0.0 ], [ 99235.915000000037253, 100126.729599999263883, 0.0 ], [ 99236.650899999774992, 100127.677500000223517, 0.0 ], [ 99237.386800000444055, 100128.62529999949038, 0.0 ], [ 99238.122800000011921, 100129.573100000619888, 0.0 ], [ 99238.858900000341237, 100130.520899999886751, 0.0 ], [ 99239.594899999909103, 100131.468599999323487, 0.0 ], [ 99240.331100000068545, 100132.416300000622869, 0.0 ], [ 99241.067200000397861, 100133.363900000229478, 0.0 ], [ 99241.803399999625981, 100134.311499999836087, 0.0 ], [ 99242.53969999961555, 100135.259099999442697, 0.0 ], [ 99243.275999999605119, 100136.206700000911951, 0.0 ], [ 99244.012299999594688, 100137.154200000688434, 0.0 ], [ 99244.748599999584258, 100138.101700000464916, 0.0 ], [ 99245.485000000335276, 100139.049200000241399, 0.0 ], [ 99246.221400000154972, 100139.996700000017881, 0.0 ], [ 99246.957799999974668, 100140.944199999794364, 0.0 ], [ 99247.694299999624491, 100141.89159999974072, 0.0 ], [ 99248.430700000375509, 100142.839099999517202, 0.0 ], [ 99249.167200000025332, 100143.786499999463558, 0.0 ], [ 99249.903599999845028, 100144.733899999409914, 0.0 ], [ 99250.640100000426173, 100145.68129999935627, 0.0 ], [ 99251.376600000075996, 100146.628699999302626, 0.0 ], [ 99252.113099999725819, 100147.576199999079108, 0.0 ], [ 99356.209499999880791, 100281.482499999925494, 0.0 ], [ 99356.423600000329316, 100281.757999999448657, 0.0 ], [ 99356.637699999846518, 100282.033399999141693, 0.0 ], [ 99356.851800000295043, 100282.308800000697374, 0.0 ], [ 99357.065899999812245, 100282.58420000039041, 0.0 ], [ 99357.279900000430644, 100282.859600000083447, 0.0 ], [ 99357.493999999947846, 100283.134999999776483, 0.0 ], [ 99357.708100000396371, 100283.410499999299645, 0.0 ], [ 99357.922199999913573, 100283.685900000855327, 0.0 ], [ 99358.136300000362098, 100283.961300000548363, 0.0 ], [ 99358.350300000049174, 100284.236700000241399, 0.0 ], [ 99358.564399999566376, 100284.512199999764562, 0.0 ], [ 99358.778400000184774, 100284.787599999457598, 0.0 ], [ 99358.992499999701977, 100285.063100000843406, 0.0 ], [ 99359.206500000320375, 100285.338500000536442, 0.0 ], [ 99359.420500000007451, 100285.614000000059605, 0.0 ], [ 99359.634499999694526, 100285.889499999582767, 0.0 ], [ 99359.848500000312924, 100286.16499999910593, 0.0 ], [ 99360.0625, 100286.440500000491738, 0.0 ], [ 99360.276499999687076, 100286.716000000014901, 0.0 ], [ 99360.490399999544024, 100286.991499999538064, 0.0 ], [ 99360.704400000162423, 100287.267000000923872, 0.0 ], [ 99360.918300000019372, 100287.542600000277162, 0.0 ], [ 99361.13219999987632, 100287.818099999800324, 0.0 ], [ 99361.346099999733269, 100288.093699999153614, 0.0 ], [ 99361.559999999590218, 100288.369300000369549, 0.0 ], [ 99361.77379999961704, 100288.644899999722838, 0.0 ], [ 99361.987599999643862, 100288.920499999076128, 0.0 ], [ 99362.201500000432134, 100289.196100000292063, 0.0 ], [ 99362.415300000458956, 100289.471699999645352, 0.0 ], [ 99362.628999999724329, 100289.747400000691414, 0.0 ], [ 99362.842799999751151, 100290.02309999987483, 0.0 ], [ 99363.056499999947846, 100290.298800000920892, 0.0 ], [ 99363.270200000144541, 100290.574500000104308, 0.0 ], [ 99363.483900000341237, 100290.850199999287724, 0.0 ], [ 99363.697499999776483, 100291.126000000163913, 0.0 ], [ 99363.911199999973178, 100291.401699999347329, 0.0 ], [ 99364.124800000339746, 100291.677500000223517, 0.0 ], [ 99364.338299999944866, 100291.953299999237061, 0.0 ], [ 99364.551900000311434, 100292.229199999943376, 0.0 ], [ 99364.765399999916553, 100292.505000000819564, 0.0 ], [ 99364.978900000452995, 100292.780899999663234, 0.0 ], [ 99365.192300000227988, 100293.056800000369549, 0.0 ], [ 99365.405799999833107, 100293.332800000905991, 0.0 ], [ 99365.619099999777973, 100293.60869999974966, 0.0 ], [ 99365.832499999552965, 100293.884700000286102, 0.0 ], [ 99366.045800000429153, 100294.160700000822544, 0.0 ], [ 99366.259100000374019, 100294.436699999496341, 0.0 ], [ 99366.472400000318885, 100294.712799999862909, 0.0 ], [ 99366.685600000433624, 100294.988900000229478, 0.0 ], [ 99366.89879999961704, 100295.265000000596046, 0.0 ], [ 99367.111899999901652, 100295.54109999909997, 0.0 ], [ 99367.325000000186265, 100295.817299999296665, 0.0 ], [ 99367.538099999539554, 100296.093499999493361, 0.0 ], [ 99367.75109999999404, 100296.369699999690056, 0.0 ], [ 99367.964100000448525, 100296.645999999716878, 0.0 ], [ 99368.177099999971688, 100296.9222999997437, 0.0 ], [ 99368.389999999664724, 100297.198599999770522, 0.0 ], [ 99368.602800000458956, 100297.474999999627471, 0.0 ], [ 99368.815700000151992, 100297.75139999948442, 0.0 ], [ 99369.028400000184774, 100298.027799999341369, 0.0 ], [ 99369.241200000047684, 100298.304300000891089, 0.0 ], [ 99369.45380000025034, 100298.580800000578165, 0.0 ], [ 99369.666500000283122, 100298.857300000265241, 0.0 ], [ 99369.879099999554455, 100299.133899999782443, 0.0 ], [ 99370.091599999926984, 100299.410499999299645, 0.0 ], [ 99370.304100000299513, 100299.687100000679493, 0.0 ], [ 99370.51659999974072, 100299.963800000026822, 0.0 ], [ 99370.729000000283122, 100300.240499999374151, 0.0 ], [ 99370.941300000064075, 100300.517300000414252, 0.0 ], [ 99371.153599999845028, 100300.794099999591708, 0.0 ], [ 99371.365799999795854, 100301.070900000631809, 0.0 ], [ 99371.57799999974668, 100301.347799999639392, 0.0 ], [ 99371.790199999697506, 100301.62470000050962, 0.0 ], [ 99372.002199999988079, 100301.901699999347329, 0.0 ], [ 99372.214300000108778, 100302.178700000047684, 0.0 ], [ 99372.426199999637902, 100302.455800000578165, 0.0 ], [ 99372.638100000098348, 100302.732899999246001, 0.0 ], [ 99372.849999999627471, 100303.009999999776483, 0.0 ], [ 99373.06180000025779, 100303.287200000137091, 0.0 ], [ 99373.27350000012666, 100303.564400000497699, 0.0 ], [ 99373.48519999999553, 100303.841700000688434, 0.0 ], [ 99373.696800000034273, 100304.119000000879169, 0.0 ], [ 99373.908400000073016, 100304.39640000090003, 0.0 ], [ 99374.119900000281632, 100304.673800000920892, 0.0 ], [ 99374.331299999728799, 100304.951199999079108, 0.0 ], [ 99374.542700000107288, 100305.228800000622869, 0.0 ], [ 99387.793899999931455, 100322.89949999935925, 0.0 ], [ 99400.783400000073016, 100340.763399999588728, 0.0 ], [ 99400.986399999819696, 100341.047100000083447, 0.0 ], [ 99401.189399999566376, 100341.330800000578165, 0.0 ], [ 99401.392300000414252, 100341.614499999210238, 0.0 ], [ 99401.595099999569356, 100341.898299999535084, 0.0 ], [ 99401.797899999655783, 100342.182199999690056, 0.0 ], [ 99402.000599999912083, 100342.466099999845028, 0.0 ], [ 99402.203300000168383, 100342.75, 0.0 ], [ 99402.405899999663234, 100343.033999999985099, 0.0 ], [ 99402.60840000025928, 100343.317999999970198, 0.0 ], [ 99402.810899999924004, 100343.602099999785423, 0.0 ], [ 99403.013299999758601, 100343.886199999600649, 0.0 ], [ 99403.215699999593198, 100344.170299999415874, 0.0 ], [ 99403.417999999597669, 100344.454500000923872, 0.0 ], [ 99403.620199999772012, 100344.738700000569224, 0.0 ], [ 99403.822399999946356, 100345.023000000044703, 0.0 ], [ 99404.024600000120699, 100345.307299999520183, 0.0 ], [ 99404.226599999703467, 100345.591600000858307, 0.0 ], [ 99404.428700000047684, 100345.876000000163913, 0.0 ], [ 99404.630599999800324, 100346.160399999469519, 0.0 ], [ 99404.832600000314415, 100346.44480000063777, 0.0 ], [ 99405.034400000236928, 100346.729299999773502, 0.0 ], [ 99405.236299999989569, 100347.013900000602007, 0.0 ], [ 99405.438000000081956, 100347.29839999973774, 0.0 ], [ 99405.63980000000447, 100347.583000000566244, 0.0 ], [ 99405.841500000096858, 100347.867599999532104, 0.0 ], [ 99406.043100000359118, 100348.152300000190735, 0.0 ], [ 99406.244699999690056, 100348.437000000849366, 0.0 ], [ 99406.44620000012219, 100348.721699999645352, 0.0 ], [ 99406.647699999623001, 100349.00650000013411, 0.0 ], [ 99406.849200000055134, 100349.291300000622869, 0.0 ], [ 99407.050599999725819, 100349.576099999248981, 0.0 ], [ 99407.251899999566376, 100349.86089999973774, 0.0 ], [ 99407.453300000168383, 100350.145800000056624, 0.0 ], [ 99407.654500000178814, 100350.430700000375509, 0.0 ], [ 99407.855800000019372, 100350.715600000694394, 0.0 ], [ 99408.057000000029802, 100351.000600000843406, 0.0 ], [ 99408.258200000040233, 100351.285599999129772, 0.0 ], [ 99408.459300000220537, 100351.570599999278784, 0.0 ], [ 99408.660400000400841, 100351.855599999427795, 0.0 ], [ 99408.861399999819696, 100352.140699999406934, 0.0 ], [ 99409.0625, 100352.425799999386072, 0.0 ], [ 99409.263399999588728, 100352.710899999365211, 0.0 ], [ 99409.464399999938905, 100352.996099999174476, 0.0 ], [ 99409.665300000458956, 100353.281199999153614, 0.0 ], [ 99409.866200000047684, 100353.566400000825524, 0.0 ], [ 99410.067099999636412, 100353.851600000634789, 0.0 ], [ 99410.267900000326335, 100354.136800000444055, 0.0 ], [ 99410.468700000084937, 100354.422100000083447, 0.0 ], [ 99410.669400000013411, 100354.707399999722838, 0.0 ], [ 99410.870199999772012, 100354.99269999936223, 0.0 ], [ 99411.070899999700487, 100355.278000000864267, 0.0 ], [ 99411.271599999628961, 100355.563300000503659, 0.0 ], [ 99411.472199999727309, 100355.848699999973178, 0.0 ], [ 99411.672899999655783, 100356.13399999961257, 0.0 ], [ 99411.873499999754131, 100356.419399999082088, 0.0 ], [ 99412.074000000022352, 100356.704800000414252, 0.0 ], [ 99412.274600000120699, 100356.990199999883771, 0.0 ], [ 99412.47510000038892, 100357.275699999183416, 0.0 ], [ 99412.675599999725819, 100357.56110000051558, 0.0 ], [ 99412.87609999999404, 100357.846599999815226, 0.0 ], [ 99413.07660000026226, 100358.131999999284744, 0.0 ], [ 99413.277099999599159, 100358.417500000447035, 0.0 ], [ 99413.477500000037253, 100358.70299999974668, 0.0 ], [ 99413.677899999544024, 100358.988600000739098, 0.0 ], [ 99413.878299999982119, 100359.274100000038743, 0.0 ], [ 99414.078700000420213, 100359.559599999338388, 0.0 ], [ 99414.279099999926984, 100359.845200000330806, 0.0 ], [ 99414.479399999603629, 100360.130699999630451, 0.0 ], [ 99414.679800000041723, 100360.416300000622869, 0.0 ], [ 99414.880099999718368, 100360.701899999752641, 0.0 ], [ 99415.080400000326335, 100360.987500000745058, 0.0 ], [ 99415.28070000000298, 100361.27309999987483, 0.0 ], [ 99415.480999999679625, 100361.558700000867248, 0.0 ], [ 99415.681300000287592, 100361.8443, 0.0 ], [ 99415.88150000013411, 100362.129899999126792, 0.0 ], [ 99416.081799999810755, 100362.415500000119209, 0.0 ], [ 99416.282100000418723, 100362.701199999079108, 0.0 ], [ 99416.482300000265241, 100362.986800000071526, 0.0 ], [ 99416.682599999941885, 100363.272399999201298, 0.0 ], [ 99416.882799999788404, 100363.558100000023842, 0.0 ], [ 99417.082999999634922, 100363.843699999153614, 0.0 ], [ 99417.283300000242889, 100364.129399999976158, 0.0 ], [ 99417.483500000089407, 100364.41499999910593, 0.0 ], [ 99417.683699999935925, 100364.700699999928474, 0.0 ], [ 99417.883899999782443, 100364.986300000920892, 0.0 ], [ 99418.08420000039041, 100365.271999999880791, 0.0 ], [ 99442.019799999892712, 100399.420700000599027, 0.0 ], [ 99442.593799999915063, 100400.23960000090301, 0.0 ], [ 99443.167799999937415, 100401.058499999344349, 0.0 ], [ 99443.741799999959767, 100401.877399999648333, 0.0 ], [ 99444.315799999982119, 100402.69620000012219, 0.0 ], [ 99444.88980000000447, 100403.515100000426173, 0.0 ], [ 99445.463800000026822, 100404.33390000090003, 0.0 ], [ 99446.037800000049174, 100405.152799999341369, 0.0 ], [ 99446.611800000071526, 100405.971599999815226, 0.0 ], [ 99447.185899999924004, 100406.790400000289083, 0.0 ], [ 99447.759899999946356, 100407.609200000762939, 0.0 ], [ 99448.333999999798834, 100408.427999999374151, 0.0 ], [ 99448.908099999651313, 100409.246799999848008, 0.0 ], [ 99449.482300000265241, 100410.065500000491738, 0.0 ], [ 99450.056499999947846, 100410.88429999910295, 0.0 ], [ 99450.630699999630451, 100411.70299999974668, 0.0 ], [ 99451.204900000244379, 100412.521600000560284, 0.0 ], [ 99451.779199999757111, 100413.340299999341369, 0.0 ], [ 99452.353500000201166, 100414.158900000154972, 0.0 ], [ 99452.927899999544024, 100414.97749999910593, 0.0 ], [ 99453.502299999818206, 100415.796099999919534, 0.0 ], [ 99454.076700000092387, 100416.61460000090301, 0.0 ], [ 99454.651200000196695, 100417.433100000023842, 0.0 ], [ 99455.22580000013113, 100418.251599999144673, 0.0 ], [ 99455.800400000065565, 100419.070000000298023, 0.0 ], [ 99456.375, 100419.888399999588728, 0.0 ], [ 99456.949699999764562, 100420.706800000742078, 0.0 ], [ 99457.524500000290573, 100421.525100000202656, 0.0 ], [ 99458.099299999885261, 100422.343399999663234, 0.0 ], [ 99458.674200000241399, 100423.161599999293685, 0.0 ], [ 99459.249200000427663, 100423.979800000786781, 0.0 ], [ 99479.516999999992549, 100452.729299999773502, 0.0 ], [ 99480.094499999657273, 100453.545800000429153, 0.0 ], [ 99480.67200000025332, 100454.362199999392033, 0.0 ], [ 99481.249499999918044, 100455.17850000038743, 0.0 ], [ 99481.827100000344217, 100455.994799999520183, 0.0 ], [ 99482.404799999669194, 100456.81110000051558, 0.0 ], [ 99482.982499999925494, 100457.627299999818206, 0.0 ], [ 99483.560300000011921, 100458.443499999120831, 0.0 ], [ 99484.138100000098348, 100459.259600000455976, 0.0 ], [ 99484.716000000014901, 100460.075799999758601, 0.0 ], [ 99485.293999999761581, 100460.891799999400973, 0.0 ], [ 99485.871899999678135, 100461.707900000736117, 0.0 ], [ 99486.450000000186265, 100462.523900000378489, 0.0 ], [ 99487.027999999932945, 100463.339900000020862, 0.0 ], [ 99487.606100000441074, 100464.155899999663234, 0.0 ], [ 99488.184200000017881, 100464.971799999475479, 0.0 ], [ 99488.762400000356138, 100465.787699999287724, 0.0 ], [ 99489.340599999763072, 100466.60359999909997, 0.0 ], [ 99489.918800000101328, 100467.41950000077486, 0.0 ], [ 99490.497100000269711, 100468.235300000756979, 0.0 ], [ 99491.075400000438094, 100469.051200000569224, 0.0 ], [ 99491.653699999675155, 100469.867000000551343, 0.0 ], [ 99492.231999999843538, 100470.682800000533462, 0.0 ], [ 99492.810399999842048, 100471.49860000051558, 0.0 ], [ 99493.388700000010431, 100472.314300000667572, 0.0 ], [ 99493.967100000008941, 100473.130100000649691, 0.0 ], [ 99494.545500000007451, 100473.945900000631809, 0.0 ], [ 99495.12390000000596, 100474.761600000783801, 0.0 ], [ 99495.70230000000447, 100475.57740000076592, 0.0 ], [ 99496.28070000000298, 100476.393100000917912, 0.0 ], [ 99496.85910000000149, 100477.20890000090003, 0.0 ], [ 99549.732300000265241, 100551.777400000020862, 0.0 ], [ 99550.330699999816716, 100552.621300000697374, 0.0 ], [ 99550.928999999538064, 100553.465199999511242, 0.0 ], [ 99551.527400000020862, 100554.309100000187755, 0.0 ], [ 99552.125799999572337, 100555.152899999171495, 0.0 ], [ 99552.724100000225008, 100555.996799999848008, 0.0 ], [ 99553.322499999776483, 100556.840600000694394, 0.0 ], [ 99553.92090000025928, 100557.684499999508262, 0.0 ], [ 99554.519399999640882, 100558.528300000354648, 0.0 ], [ 99555.11780000012368, 100559.372099999338388, 0.0 ], [ 99555.716199999675155, 100560.215900000184774, 0.0 ], [ 99556.314699999988079, 100561.059699999168515, 0.0 ], [ 99556.913200000301003, 100561.903500000014901, 0.0 ], [ 99557.511800000444055, 100562.747199999168515, 0.0 ], [ 99558.110299999825656, 100563.590900000184774, 0.0 ], [ 99558.708899999968708, 100564.434599999338388, 0.0 ], [ 99559.307599999941885, 100565.278300000354648, 0.0 ], [ 99559.906200000084937, 100566.121999999508262, 0.0 ], [ 99560.504900000058115, 100566.965600000694394, 0.0 ], [ 99561.103699999861419, 100567.809200000017881, 0.0 ], [ 99561.702499999664724, 100568.652699999511242, 0.0 ], [ 99562.301300000399351, 100569.496300000697374, 0.0 ], [ 99562.900200000032783, 100570.339800000190735, 0.0 ], [ 99563.499099999666214, 100571.183199999853969, 0.0 ], [ 99564.098100000061095, 100572.026599999517202, 0.0 ], [ 99564.697200000286102, 100572.869999999180436, 0.0 ], [ 99565.296299999579787, 100573.713400000706315, 0.0 ], [ 99565.895399999804795, 100574.556700000539422, 0.0 ], [ 99566.494699999690056, 100575.399900000542402, 0.0 ], [ 99567.093999999575317, 100576.243100000545382, 0.0 ], [ 99587.687400000169873, 100605.132099999114871, 0.0 ], [ 99588.289099999703467, 100605.973699999973178, 0.0 ], [ 99588.890800000168383, 100606.815199999138713, 0.0 ], [ 99589.492600000463426, 100607.656600000336766, 0.0 ], [ 99590.094399999827147, 100608.497999999672174, 0.0 ], [ 99590.696299999952316, 100609.339299999177456, 0.0 ], [ 99591.298299999907613, 100610.180600000545382, 0.0 ], [ 99591.900299999862909, 100611.021900000050664, 0.0 ], [ 99592.502399999648333, 100611.863099999725819, 0.0 ], [ 99593.104500000365078, 100612.704299999400973, 0.0 ], [ 99593.706600000150502, 100613.545499999076128, 0.0 ], [ 99594.308799999766052, 100614.386600000783801, 0.0 ], [ 99594.911100000143051, 100615.227700000628829, 0.0 ], [ 99595.513399999588728, 100616.068800000473857, 0.0 ], [ 99596.115699999965727, 100616.909800000488758, 0.0 ], [ 99596.718000000342727, 100617.750900000333786, 0.0 ], [ 99597.32039999961853, 100618.591900000348687, 0.0 ], [ 99597.922799999825656, 100619.432800000533462, 0.0 ], [ 99598.525299999862909, 100620.273800000548363, 0.0 ], [ 99599.127700000070035, 100621.114700000733137, 0.0 ], [ 99599.730200000107288, 100621.955700000748038, 0.0 ], [ 99600.332799999974668, 100622.796599999070168, 0.0 ], [ 99600.935300000011921, 100623.637499999254942, 0.0 ], [ 99601.537800000049174, 100624.478399999439716, 0.0 ], [ 99602.140399999916553, 100625.319199999794364, 0.0 ], [ 99602.742999999783933, 100626.160099999979138, 0.0 ], [ 99603.345499999821186, 100627.001000000163913, 0.0 ], [ 99603.948099999688566, 100627.84180000051856, 0.0 ], [ 99604.550699999555945, 100628.682700000703335, 0.0 ], [ 99605.153300000354648, 100629.523499999195337, 0.0 ], [ 99723.402999999932945, 100794.526599999517202, 0.0 ], [ 99723.87540000025183, 100795.185699999332428, 0.0 ], [ 99724.347699999809265, 100795.844699999317527, 0.0 ], [ 99724.820000000298023, 100796.503799999132752, 0.0 ], [ 99725.292299999855459, 100797.162799999117851, 0.0 ], [ 99725.764600000344217, 100797.821900000795722, 0.0 ], [ 99726.236899999901652, 100798.480900000780821, 0.0 ], [ 99726.709300000220537, 100799.13990000076592, 0.0 ], [ 99727.181599999777973, 100799.798900000751019, 0.0 ], [ 99727.654000000096858, 100800.457900000736117, 0.0 ], [ 99728.126400000415742, 100801.116900000721216, 0.0 ], [ 99728.598799999803305, 100801.775900000706315, 0.0 ], [ 99729.07120000012219, 100802.434800000861287, 0.0 ], [ 99729.543700000271201, 100803.093800000846386, 0.0 ], [ 99730.016099999658763, 100803.752699999138713, 0.0 ], [ 99730.488599999807775, 100804.411599999293685, 0.0 ], [ 99730.961099999956787, 100805.070499999448657, 0.0 ], [ 99731.433699999935925, 100805.729299999773502, 0.0 ], [ 99731.906299999915063, 100806.388199999928474, 0.0 ], [ 99732.378899999894202, 100807.04700000025332, 0.0 ], [ 99732.85149999987334, 100807.705800000578165, 0.0 ], [ 99733.324199999682605, 100808.36460000090301, 0.0 ], [ 99733.796900000423193, 100809.023299999535084, 0.0 ], [ 99734.269700000062585, 100809.682000000029802, 0.0 ], [ 99734.742499999701977, 100810.340700000524521, 0.0 ], [ 99735.215400000102818, 100810.999399999156594, 0.0 ], [ 99735.68819999974221, 100811.657999999821186, 0.0 ], [ 99736.161199999973178, 100812.316600000485778, 0.0 ], [ 99736.634200000204146, 100812.975099999457598, 0.0 ], [ 99737.107200000435114, 100813.63370000012219, 0.0 ], [ 99737.580299999564886, 100814.292099999263883, 0.0 ], [ 99738.053399999625981, 100814.950600000098348, 0.0 ], [ 99738.526600000448525, 100815.608999999240041, 0.0 ], [ 99738.999900000169873, 100816.267300000414252, 0.0 ], [ 99739.473199999891222, 100816.925699999555945, 0.0 ], [ 99739.946600000374019, 100817.58390000090003, 0.0 ], [ 99740.419999999925494, 100818.242200000211596, 0.0 ], [ 99740.893600000068545, 100818.900399999693036, 0.0 ], [ 99765.874200000427663, 100853.425799999386072, 0.0 ], [ 99766.351300000213087, 100854.081499999389052, 0.0 ], [ 99766.828499999828637, 100854.736999999731779, 0.0 ], [ 99767.305700000375509, 100855.392500000074506, 0.0 ], [ 99767.782899999991059, 100856.048000000417233, 0.0 ], [ 99768.260200000368059, 100856.703400000929832, 0.0 ], [ 99768.737599999643862, 100857.358799999579787, 0.0 ], [ 99769.214999999850988, 100858.01410000026226, 0.0 ], [ 99769.692499999888241, 100858.669399999082088, 0.0 ], [ 99770.170099999755621, 100859.324699999764562, 0.0 ], [ 99770.647699999623001, 100859.979900000616908, 0.0 ], [ 99771.125300000421703, 100860.635099999606609, 0.0 ], [ 99771.603000000119209, 100861.290300000458956, 0.0 ], [ 99772.080699999816716, 100861.94539999961853, 0.0 ], [ 99772.558500000275671, 100862.60050000064075, 0.0 ], [ 99773.036299999803305, 100863.255499999970198, 0.0 ], [ 99773.51410000026226, 100863.910599999129772, 0.0 ], [ 99773.99199999962002, 100864.565600000321865, 0.0 ], [ 99774.46999999973923, 100865.220599999651313, 0.0 ], [ 99774.947900000028312, 100865.875499999150634, 0.0 ], [ 99775.425900000147521, 100866.5304000005126, 0.0 ], [ 99775.903900000266731, 100867.185300000011921, 0.0 ], [ 99776.382000000216067, 100867.840199999511242, 0.0 ], [ 99776.860100000165403, 100868.495100000873208, 0.0 ], [ 99777.338200000114739, 100869.150000000372529, 0.0 ], [ 99777.816300000064075, 100869.804800000041723, 0.0 ], [ 99778.294400000013411, 100870.459599999710917, 0.0 ], [ 99778.772599999792874, 100871.114399999380112, 0.0 ], [ 99779.250799999572337, 100871.769200000911951, 0.0 ], [ 99779.729000000283122, 100872.424000000581145, 0.0 ], [ 99780.207200000062585, 100873.078700000420213, 0.0 ], [ 99780.685399999842048, 100873.733500000089407, 0.0 ], [ 99781.16370000038296, 100874.388199999928474, 0.0 ], [ 99781.641900000162423, 100875.042999999597669, 0.0 ], [ 99782.120199999772012, 100875.697699999436736, 0.0 ], [ 99782.598500000312924, 100876.35249999910593, 0.0 ], [ 99783.076700000092387, 100877.007200000807643, 0.0 ], [ 99783.554999999701977, 100877.662000000476837, 0.0 ], [ 99882.717400000430644, 101013.411499999463558, 0.0 ], [ 99883.195700000040233, 101014.066299999132752, 0.0 ], [ 99883.673899999819696, 101014.721000000834465, 0.0 ], [ 99884.152200000360608, 101015.375700000673532, 0.0 ], [ 99884.630499999970198, 101016.030500000342727, 0.0 ], [ 99885.10869999974966, 101016.685200000181794, 0.0 ], [ 99885.586900000460446, 101017.339999999850988, 0.0 ], [ 99886.065200000070035, 101017.994699999690056, 0.0 ], [ 99886.543399999849498, 101018.64949999935925, 0.0 ], [ 99887.021599999628961, 101019.304300000891089, 0.0 ], [ 99887.499800000339746, 101019.959100000560284, 0.0 ], [ 99887.978000000119209, 101020.613900000229478, 0.0 ], [ 99888.456100000068545, 101021.268699999898672, 0.0 ], [ 99888.934200000017881, 101021.923499999567866, 0.0 ], [ 99889.412299999967217, 101022.578299999237061, 0.0 ], [ 99889.890399999916553, 101023.233200000599027, 0.0 ], [ 99890.36849999986589, 101023.888100000098348, 0.0 ], [ 99890.846499999985099, 101024.542999999597669, 0.0 ], [ 99891.324500000104308, 101025.19789999909699, 0.0 ], [ 99891.802400000393391, 101025.852900000289083, 0.0 ], [ 99892.280399999581277, 101026.50789999961853, 0.0 ], [ 99892.758200000040233, 101027.162900000810623, 0.0 ], [ 99893.236100000329316, 101027.817900000140071, 0.0 ], [ 99893.713899999856949, 101028.472999999299645, 0.0 ], [ 99894.191700000315905, 101029.128100000321865, 0.0 ], [ 99894.669400000013411, 101029.78319999948144, 0.0 ], [ 99895.147099999710917, 101030.438300000503659, 0.0 ], [ 99895.624699999578297, 101031.093499999493361, 0.0 ], [ 99896.102300000376999, 101031.748800000175834, 0.0 ], [ 99896.579900000244379, 101032.403999999165535, 0.0 ], [ 99897.057300000451505, 101033.059299999848008, 0.0 ], [ 99897.534799999557436, 101033.714700000360608, 0.0 ], [ 99898.012199999764562, 101034.369999999180436, 0.0 ], [ 99898.489500000141561, 101035.025499999523163, 0.0 ], [ 99898.966699999757111, 101035.680900000035763, 0.0 ], [ 99899.443900000303984, 101036.336400000378489, 0.0 ], [ 99899.921099999919534, 101036.992000000551343, 0.0 ], [ 99900.398199999704957, 101037.647600000724196, 0.0 ], [ 99924.253700000233948, 101070.6097999997437, 0.0 ], [ 99924.727400000207126, 101071.267899999395013, 0.0 ], [ 99925.201000000350177, 101071.926000000908971, 0.0 ], [ 99925.674599999561906, 101072.584100000560284, 0.0 ], [ 99926.14809999987483, 101073.242300000041723, 0.0 ], [ 99926.621500000357628, 101073.90059999935329, 0.0 ], [ 99927.094800000078976, 101074.558900000527501, 0.0 ], [ 99927.568099999800324, 101075.217199999839067, 0.0 ], [ 99928.041400000452995, 101075.875600000843406, 0.0 ], [ 99928.514600000344217, 101076.533999999985099, 0.0 ], [ 99928.987700000405312, 101077.192399999126792, 0.0 ], [ 99929.460799999535084, 101077.850899999961257, 0.0 ], [ 99929.933899999596179, 101078.509400000795722, 0.0 ], [ 99930.406899999827147, 101079.167899999767542, 0.0 ], [ 99930.879800000227988, 101079.826500000432134, 0.0 ], [ 99931.352800000458956, 101080.48509999923408, 0.0 ], [ 99931.825600000098348, 101081.143699999898672, 0.0 ], [ 99932.298499999567866, 101081.802400000393391, 0.0 ], [ 99932.771300000138581, 101082.461100000888109, 0.0 ], [ 99933.244099999777973, 101083.119799999520183, 0.0 ], [ 99933.716799999587238, 101083.778500000014901, 0.0 ], [ 99934.189500000327826, 101084.437300000339746, 0.0 ], [ 99934.662200000137091, 101085.096000000834465, 0.0 ], [ 99935.134800000116229, 101085.754799999296665, 0.0 ], [ 99935.607499999925494, 101086.413699999451637, 0.0 ], [ 99936.080099999904633, 101087.072499999776483, 0.0 ], [ 99936.552600000053644, 101087.731300000101328, 0.0 ], [ 99937.025200000032783, 101088.3902000002563, 0.0 ], [ 99937.497800000011921, 101089.049100000411272, 0.0 ], [ 99937.970300000160933, 101089.707900000736117, 0.0 ], [ 99938.442800000309944, 101090.366800000891089, 0.0 ], [ 99938.915300000458956, 101091.025699999183416, 0.0 ], [ 99939.387799999676645, 101091.684599999338388, 0.0 ], [ 99939.860299999825656, 101092.343599999323487, 0.0 ], [ 99940.332700000144541, 101093.002499999478459, 0.0 ], [ 99940.805200000293553, 101093.661399999633431, 0.0 ], [ 99941.277700000442564, 101094.320299999788404, 0.0 ], [ 99941.750199999660254, 101094.979299999773502, 0.0 ], [ 100086.071000000461936, 101296.259199999272823, 0.0 ], [ 100086.316399999894202, 101296.601399999111891, 0.0 ], [ 100086.561700000427663, 101296.943600000813603, 0.0 ], [ 100086.807099999859929, 101297.285800000652671, 0.0 ], [ 100087.052400000393391, 101297.627900000661612, 0.0 ], [ 100087.297799999825656, 101297.970100000500679, 0.0 ], [ 100087.543100000359118, 101298.312300000339746, 0.0 ], [ 100087.788399999961257, 101298.654500000178814, 0.0 ], [ 100088.033699999563396, 101298.996700000017881, 0.0 ], [ 100088.279000000096858, 101299.338999999687076, 0.0 ], [ 100088.524299999698997, 101299.681199999526143, 0.0 ], [ 100088.769600000232458, 101300.023399999365211, 0.0 ], [ 100089.0148, 101300.36570000089705, 0.0 ], [ 100089.260099999606609, 101300.707900000736117, 0.0 ], [ 100089.505300000309944, 101301.050200000405312, 0.0 ], [ 100089.750500000081956, 101301.392500000074506, 0.0 ], [ 100089.995699999853969, 101301.7347999997437, 0.0 ], [ 100090.240799999795854, 101302.077099999412894, 0.0 ], [ 100090.485999999567866, 101302.419399999082088, 0.0 ], [ 100090.731100000441074, 101302.761800000444055, 0.0 ], [ 100090.97620000038296, 101303.104199999943376, 0.0 ], [ 100091.221199999563396, 101303.44649999961257, 0.0 ], [ 100091.466300000436604, 101303.789000000804663, 0.0 ], [ 100091.71129999961704, 101304.131400000303984, 0.0 ], [ 100091.956199999898672, 101304.473799999803305, 0.0 ], [ 100092.201200000010431, 101304.816299999132752, 0.0 ], [ 100092.446100000292063, 101305.158800000324845, 0.0 ], [ 100092.690899999812245, 101305.501299999654293, 0.0 ], [ 100092.935800000093877, 101305.843900000676513, 0.0 ], [ 100093.18059999961406, 101306.186499999836087, 0.0 ], [ 100093.425300000235438, 101306.529100000858307, 0.0 ], [ 100093.669999999925494, 101306.871700000017881, 0.0 ], [ 100093.91469999961555, 101307.214400000870228, 0.0 ], [ 100094.159300000406802, 101307.557099999859929, 0.0 ], [ 100094.403900000266731, 101307.899800000712276, 0.0 ], [ 100094.648400000296533, 101308.242599999532104, 0.0 ], [ 100094.892900000326335, 101308.585400000214577, 0.0 ], [ 100095.137299999594688, 101308.928300000727177, 0.0 ], [ 100095.381699999794364, 101309.271099999547005, 0.0 ], [ 100095.626000000163913, 101309.614000000059605, 0.0 ], [ 100095.870299999602139, 101309.957000000402331, 0.0 ], [ 100096.114500000141561, 101310.300000000745058, 0.0 ], [ 100096.35869999974966, 101310.64299999922514, 0.0 ], [ 100096.602800000458956, 101310.986099999397993, 0.0 ], [ 100096.846800000406802, 101311.329199999570847, 0.0 ], [ 100097.090800000354648, 101311.672399999573827, 0.0 ], [ 100097.334699999541044, 101312.015599999576807, 0.0 ], [ 100097.578599999658763, 101312.358799999579787, 0.0 ], [ 100097.822399999946356, 101312.702099999412894, 0.0 ], [ 100098.066100000403821, 101313.045399999246001, 0.0 ], [ 100098.309799999929965, 101313.38880000077188, 0.0 ], [ 100098.553299999795854, 101313.732300000265241, 0.0 ], [ 100098.796900000423193, 101314.075799999758601, 0.0 ], [ 100099.040300000458956, 101314.419299999251962, 0.0 ], [ 100099.283699999563396, 101314.762900000438094, 0.0 ], [ 100099.526999999769032, 101315.106499999761581, 0.0 ], [ 100099.770200000144541, 101315.450200000777841, 0.0 ], [ 100100.013299999758601, 101315.793999999761581, 0.0 ], [ 100100.256400000303984, 101316.137800000607967, 0.0 ], [ 100100.499400000087917, 101316.481599999591708, 0.0 ], [ 100100.742300000041723, 101316.825600000098348, 0.0 ], [ 100100.985100000165403, 101317.16950000077486, 0.0 ], [ 100101.227800000458956, 101317.513599999248981, 0.0 ], [ 100101.470499999821186, 101317.857699999585748, 0.0 ], [ 100101.713100000284612, 101318.201899999752641, 0.0 ], [ 100101.955500000156462, 101318.546099999919534, 0.0 ], [ 100102.197900000028312, 101318.890399999916553, 0.0 ], [ 100102.440200000070035, 101319.234699999913573, 0.0 ], [ 100102.682400000281632, 101319.57909999974072, 0.0 ], [ 100102.924499999731779, 101319.923599999397993, 0.0 ], [ 100103.166500000283122, 101320.268200000748038, 0.0 ], [ 100103.408400000073016, 101320.612800000235438, 0.0 ], [ 100103.650200000032783, 101320.957499999552965, 0.0 ], [ 100103.891900000162423, 101321.302300000563264, 0.0 ], [ 100104.133600000292063, 101321.647099999710917, 0.0 ], [ 100104.375099999830127, 101321.992000000551343, 0.0 ], [ 100104.616499999538064, 101322.33699999935925, 0.0 ], [ 100104.857800000347197, 101322.682000000029802, 0.0 ], [ 100105.099000000394881, 101323.027100000530481, 0.0 ], [ 100105.339999999850988, 101323.372300000861287, 0.0 ], [ 100105.581000000238419, 101323.717599999159575, 0.0 ], [ 100105.821899999864399, 101324.062999999150634, 0.0 ], [ 100106.062599999830127, 101324.408399999141693, 0.0 ], [ 100106.303299999795854, 101324.753900000825524, 0.0 ], [ 100106.543800000101328, 101325.099500000476837, 0.0 ], [ 100106.784199999645352, 101325.445199999958277, 0.0 ], [ 100107.024500000290573, 101325.790899999439716, 0.0 ], [ 100107.264600000344217, 101326.136800000444055, 0.0 ], [ 100107.504700000397861, 101326.482699999585748, 0.0 ], [ 100107.744599999859929, 101326.828700000420213, 0.0 ], [ 100107.984400000423193, 101327.174799999222159, 0.0 ], [ 100108.224100000225008, 101327.520999999716878, 0.0 ], [ 100108.463600000366569, 101327.867300000041723, 0.0 ], [ 100108.70299999974668, 101328.213600000366569, 0.0 ], [ 100108.942300000227988, 101328.560100000351667, 0.0 ], [ 100109.181499999947846, 101328.906700000166893, 0.0 ], [ 100122.662200000137091, 101348.91440000012517, 0.0 ], [ 100135.700799999758601, 101369.212899999693036, 0.0 ], [ 100148.291100000031292, 101389.792500000447035, 0.0 ], [ 100160.427099999971688, 101410.643300000578165, 0.0 ], [ 100172.102900000289083, 101431.755200000479817, 0.0 ], [ 100172.302600000053644, 101432.126000000163913, 0.0 ], [ 100172.502100000157952, 101432.496700000017881, 0.0 ], [ 100172.701399999670684, 101432.867599999532104, 0.0 ], [ 100172.900700000114739, 101433.238500000908971, 0.0 ], [ 100173.099799999967217, 101433.60950000025332, 0.0 ], [ 100173.298700000159442, 101433.980599999427795, 0.0 ], [ 100173.497600000351667, 101434.351800000295043, 0.0 ], [ 100173.696299999952316, 101434.722999999299645, 0.0 ], [ 100173.894799999892712, 101435.0943, 0.0 ], [ 100174.093299999833107, 101435.465600000694394, 0.0 ], [ 100174.291600000113249, 101435.837099999189377, 0.0 ], [ 100174.489799999631941, 101436.208499999716878, 0.0 ], [ 100174.687800000421703, 101436.580099999904633, 0.0 ], [ 100174.885800000280142, 101436.951700000092387, 0.0 ], [ 100175.083599999547005, 101437.323400000110269, 0.0 ], [ 100175.281299999915063, 101437.695199999958277, 0.0 ], [ 100175.478900000452995, 101438.066999999806285, 0.0 ], [ 100175.676300000399351, 101438.43889999948442, 0.0 ], [ 100175.873700000345707, 101438.810799999162555, 0.0 ], [ 100176.070899999700487, 101439.182800000533462, 0.0 ], [ 100176.268000000156462, 101439.55489999987185, 0.0 ], [ 100176.464999999850988, 101439.926999999210238, 0.0 ], [ 100176.661899999715388, 101440.299200000241399, 0.0 ], [ 100176.85869999974966, 101440.671399999409914, 0.0 ], [ 100177.055399999953806, 101441.043700000271201, 0.0 ], [ 100177.252000000327826, 101441.415999999269843, 0.0 ], [ 100177.448499999940395, 101441.788399999961257, 0.0 ], [ 100177.644799999892712, 101442.160900000482798, 0.0 ], [ 100177.841099999845028, 101442.533399999141693, 0.0 ], [ 100178.037299999967217, 101442.905899999663234, 0.0 ], [ 100178.23340000025928, 101443.278500000014901, 0.0 ], [ 100178.429299999959767, 101443.651200000196695, 0.0 ], [ 100178.625199999660254, 101444.023900000378489, 0.0 ], [ 100178.821000000461936, 101444.39670000039041, 0.0 ], [ 100179.016699999570847, 101444.769500000402331, 0.0 ], [ 100179.212299999780953, 101445.142300000414252, 0.0 ], [ 100179.4079, 101445.5152000002563, 0.0 ], [ 100179.60329999960959, 101445.888199999928474, 0.0 ], [ 100179.798600000329316, 101446.261199999600649, 0.0 ], [ 100179.993900000117719, 101446.634199999272823, 0.0 ], [ 100180.189100000075996, 101447.00730000063777, 0.0 ], [ 100180.384200000204146, 101447.380400000140071, 0.0 ], [ 100180.579199999570847, 101447.753599999472499, 0.0 ], [ 100180.77419999986887, 101448.126800000667572, 0.0 ], [ 100180.968999999575317, 101448.5, 0.0 ], [ 100181.163800000213087, 101448.873299999162555, 0.0 ], [ 100181.358500000089407, 101449.246600000187755, 0.0 ], [ 100181.553199999965727, 101449.619999999180436, 0.0 ], [ 100181.747800000011921, 101449.993400000035763, 0.0 ], [ 100181.942300000227988, 101450.366800000891089, 0.0 ], [ 100182.136699999682605, 101450.740299999713898, 0.0 ], [ 100182.331100000068545, 101451.113800000399351, 0.0 ], [ 100182.525399999693036, 101451.487299999222159, 0.0 ], [ 100182.719600000418723, 101451.86089999973774, 0.0 ], [ 100182.913800000213087, 101452.23450000025332, 0.0 ], [ 100183.108, 101452.6081000007689, 0.0 ], [ 100183.302000000141561, 101452.981799999251962, 0.0 ], [ 100183.496000000275671, 101453.355499999597669, 0.0 ], [ 100183.690000000409782, 101453.729199999943376, 0.0 ], [ 100183.883899999782443, 101454.102900000289083, 0.0 ], [ 100184.0777000002563, 101454.476700000464916, 0.0 ], [ 100184.271499999798834, 101454.85050000064075, 0.0 ], [ 100184.465300000272691, 101455.224300000816584, 0.0 ], [ 100184.658999999985099, 101455.598200000822544, 0.0 ], [ 100184.85259999986738, 101455.972100000828505, 0.0 ], [ 100185.04619999974966, 101456.346000000834465, 0.0 ], [ 100185.239799999631941, 101456.719900000840425, 0.0 ], [ 100185.433299999684095, 101457.093800000846386, 0.0 ], [ 100185.626799999736249, 101457.467800000682473, 0.0 ], [ 100185.820199999958277, 101457.84180000051856, 0.0 ], [ 100186.013600000180304, 101458.215800000354648, 0.0 ], [ 100186.207000000402331, 101458.589800000190735, 0.0 ], [ 100186.400299999862909, 101458.963899999856949, 0.0 ], [ 100186.59360000025481, 101459.337899999693036, 0.0 ], [ 100186.786899999715388, 101459.71199999935925, 0.0 ], [ 100186.980100000277162, 101460.086100000888109, 0.0 ], [ 100187.173299999907613, 101460.460200000554323, 0.0 ], [ 100187.366499999538064, 101460.834300000220537, 0.0 ], [ 100187.559600000269711, 101461.208499999716878, 0.0 ], [ 100187.752799999900162, 101461.582599999383092, 0.0 ], [ 100187.945899999700487, 101461.956800000742078, 0.0 ], [ 100188.138899999670684, 101462.330900000408292, 0.0 ], [ 100188.332000000402331, 101462.705099999904633, 0.0 ], [ 100188.525100000202656, 101463.079299999400973, 0.0 ], [ 100188.718100000172853, 101463.453500000759959, 0.0 ], [ 100188.911100000143051, 101463.8277000002563, 0.0 ], [ 100189.104100000113249, 101464.201899999752641, 0.0 ], [ 100189.297100000083447, 101464.576099999248981, 0.0 ], [ 100189.490100000053644, 101464.950400000438094, 0.0 ], [ 100189.683100000023842, 101465.324599999934435, 0.0 ], [ 100189.876000000163913, 101465.698799999430776, 0.0 ], [ 100190.06900000013411, 101466.073100000619888, 0.0 ], [ 100190.261900000274181, 101466.447300000116229, 0.0 ], [ 100190.454900000244379, 101466.82149999961257, 0.0 ], [ 100190.64780000038445, 101467.195800000801682, 0.0 ], [ 100266.287100000306964, 101613.904999999329448, 0.0 ], [ 100266.796299999579787, 101614.892599999904633, 0.0 ], [ 100267.305399999953806, 101615.880200000479817, 0.0 ], [ 100267.814600000157952, 101616.867799999192357, 0.0 ], [ 100268.323800000362098, 101617.855399999767542, 0.0 ], [ 100268.832899999804795, 101618.843000000342727, 0.0 ], [ 100269.342000000178814, 101619.830600000917912, 0.0 ], [ 100269.851099999621511, 101620.818199999630451, 0.0 ], [ 100270.3602, 101621.805800000205636, 0.0 ], [ 100270.869300000369549, 101622.793400000780821, 0.0 ], [ 100271.378299999982119, 101623.780999999493361, 0.0 ], [ 100271.887400000356138, 101624.768699999898672, 0.0 ], [ 100272.396300000138581, 101625.756400000303984, 0.0 ], [ 100272.905299999751151, 101626.744100000709295, 0.0 ], [ 100273.414200000464916, 101627.731799999251962, 0.0 ], [ 100273.923100000247359, 101628.719499999657273, 0.0 ], [ 100274.431900000199676, 101629.707200000062585, 0.0 ], [ 100274.940700000151992, 101630.695000000298023, 0.0 ], [ 100275.449500000104308, 101631.682800000533462, 0.0 ], [ 100275.958200000226498, 101632.6706000007689, 0.0 ], [ 100276.466900000348687, 101633.658399999141693, 0.0 ], [ 100276.975399999879301, 101634.646299999207258, 0.0 ], [ 100277.484000000171363, 101635.634199999272823, 0.0 ], [ 100277.992499999701977, 101636.622099999338388, 0.0 ], [ 100278.500900000333786, 101637.61009999923408, 0.0 ], [ 100279.009200000204146, 101638.598099999129772, 0.0 ], [ 100279.517500000074506, 101639.586100000888109, 0.0 ], [ 100280.025799999944866, 101640.574200000613928, 0.0 ], [ 100296.9704, 101673.621300000697374, 0.0 ], [ 100297.47620000038296, 101674.610700000077486, 0.0 ], [ 100297.981800000183284, 101675.600099999457598, 0.0 ], [ 100298.487300000153482, 101676.589600000530481, 0.0 ], [ 100298.99280000012368, 101677.578999999910593, 0.0 ], [ 100299.498300000093877, 101678.568499999120831, 0.0 ], [ 100300.003600000403821, 101679.558100000023842, 0.0 ], [ 100300.508899999782443, 101680.54759999923408, 0.0 ], [ 100301.014200000092387, 101681.537200000137091, 0.0 ], [ 100301.519399999640882, 101682.526799999177456, 0.0 ], [ 100302.024600000120699, 101683.516400000080466, 0.0 ], [ 100302.529699999839067, 101684.506100000813603, 0.0 ], [ 100303.034699999727309, 101685.495799999684095, 0.0 ], [ 100303.539800000376999, 101686.485500000417233, 0.0 ], [ 100304.044800000265241, 101687.475199999287724, 0.0 ], [ 100304.549700000323355, 101688.464900000020862, 0.0 ], [ 100305.05460000038147, 101689.454700000584126, 0.0 ], [ 100305.559500000439584, 101690.444499999284744, 0.0 ], [ 100306.064399999566376, 101691.434200000017881, 0.0 ], [ 100306.569199999794364, 101692.424000000581145, 0.0 ], [ 100307.074099999852479, 101693.413799999281764, 0.0 ], [ 100307.578900000080466, 101694.403699999675155, 0.0 ], [ 100308.083599999547005, 101695.393500000238419, 0.0 ], [ 100308.588399999774992, 101696.383300000801682, 0.0 ], [ 100309.0932, 101697.373099999502301, 0.0 ], [ 100309.597900000400841, 101698.362999999895692, 0.0 ], [ 100310.102699999697506, 101699.352800000458956, 0.0 ], [ 100310.607400000095367, 101700.342700000852346, 0.0 ], [ 100541.092799999751151, 102152.34569999948144, 0.0 ], [ 100541.349999999627471, 102152.849999999627471, 0.0 ], [ 100541.607099999673665, 102153.354199999943376, 0.0 ], [ 100541.864199999719858, 102153.858500000089407, 0.0 ], [ 100542.121399999596179, 102154.362800000235438, 0.0 ], [ 100542.378499999642372, 102154.867000000551343, 0.0 ], [ 100542.635700000450015, 102155.371300000697374, 0.0 ], [ 100542.892799999564886, 102155.875499999150634, 0.0 ], [ 100543.150000000372529, 102156.379799999296665, 0.0 ], [ 100543.407200000248849, 102156.88399999961257, 0.0 ], [ 100543.66440000012517, 102157.388199999928474, 0.0 ], [ 100543.9216, 102157.892400000244379, 0.0 ], [ 100544.17879999987781, 102158.39670000039041, 0.0 ], [ 100544.435999999754131, 102158.900900000706315, 0.0 ], [ 100544.693300000391901, 102159.405099999159575, 0.0 ], [ 100544.950600000098348, 102159.909299999475479, 0.0 ], [ 100545.207899999804795, 102160.413399999961257, 0.0 ], [ 100545.465200000442564, 102160.917600000277162, 0.0 ], [ 100545.722500000149012, 102161.421800000593066, 0.0 ], [ 100545.979899999685585, 102161.925899999216199, 0.0 ], [ 100546.237300000153482, 102162.429999999701977, 0.0 ], [ 100546.494699999690056, 102162.934100000187755, 0.0 ], [ 100546.752100000157952, 102163.438200000673532, 0.0 ], [ 100547.009600000455976, 102163.942299999296665, 0.0 ], [ 100547.267099999822676, 102164.446399999782443, 0.0 ], [ 100547.524600000120699, 102164.950500000268221, 0.0 ], [ 100547.782200000248849, 102165.454500000923872, 0.0 ], [ 100548.039800000376999, 102165.958499999716878, 0.0 ], [ 100548.297500000335276, 102166.462500000372529, 0.0 ], [ 100548.555100000463426, 102166.966499999165535, 0.0 ], [ 100548.81290000025183, 102167.470499999821186, 0.0 ], [ 100549.070600000210106, 102167.97440000064671, 0.0 ], [ 100549.3284, 102168.47829999960959, 0.0 ], [ 100549.58629999961704, 102168.982200000435114, 0.0 ], [ 100549.844200000166893, 102169.486099999397993, 0.0 ], [ 100550.102099999785423, 102169.990000000223517, 0.0 ], [ 100550.360100000165403, 102170.49379999935627, 0.0 ], [ 100550.61809999961406, 102170.997600000351667, 0.0 ], [ 100550.876199999824166, 102171.50139999948442, 0.0 ], [ 100551.134300000034273, 102172.005100000649691, 0.0 ], [ 100551.392500000074506, 102172.508799999952316, 0.0 ], [ 100551.650700000114739, 102173.012499999254942, 0.0 ], [ 100551.908999999985099, 102173.516200000420213, 0.0 ], [ 100552.167399999685585, 102174.019799999892712, 0.0 ], [ 100552.425800000317395, 102174.523399999365211, 0.0 ], [ 100552.684200000017881, 102175.027000000700355, 0.0 ], [ 100552.942800000309944, 102175.530600000172853, 0.0 ], [ 100553.201399999670684, 102176.034099999815226, 0.0 ], [ 100553.459999999962747, 102176.537599999457598, 0.0 ], [ 100553.718700000084937, 102177.040999999269843, 0.0 ], [ 100553.977500000037253, 102177.544399999082088, 0.0 ], [ 100554.236299999989569, 102178.047800000756979, 0.0 ], [ 100554.495299999602139, 102178.551200000569224, 0.0 ], [ 100554.754300000146031, 102179.054500000551343, 0.0 ], [ 100568.58629999961704, 102205.684900000691414, 0.0 ], [ 100568.849100000225008, 102206.186300000175834, 0.0 ], [ 100569.111999999731779, 102206.6875, 0.0 ], [ 100569.375, 102207.188799999654293, 0.0 ], [ 100569.638000000268221, 102207.689999999478459, 0.0 ], [ 100569.901100000366569, 102208.191199999302626, 0.0 ], [ 100570.164300000295043, 102208.692299999296665, 0.0 ], [ 100570.427500000223517, 102209.193399999290705, 0.0 ], [ 100570.690799999982119, 102209.694499999284744, 0.0 ], [ 100570.95409999974072, 102210.195499999448657, 0.0 ], [ 100571.21750000026077, 102210.69649999961257, 0.0 ], [ 100571.480999999679625, 102211.197499999776483, 0.0 ], [ 100571.744500000029802, 102211.698499999940395, 0.0 ], [ 100572.008100000210106, 102212.199400000274181, 0.0 ], [ 100572.27170000039041, 102212.700300000607967, 0.0 ], [ 100572.535400000400841, 102213.201199999079108, 0.0 ], [ 100572.799100000411272, 102213.701999999582767, 0.0 ], [ 100573.06290000025183, 102214.202800000086427, 0.0 ], [ 100573.326700000092387, 102214.703600000590086, 0.0 ], [ 100573.590599999763072, 102215.2043999992311, 0.0 ], [ 100573.854500000365078, 102215.705099999904633, 0.0 ], [ 100574.11849999986589, 102216.205900000408292, 0.0 ], [ 100574.382500000298023, 102216.706599999219179, 0.0 ], [ 100574.646499999798834, 102217.207200000062585, 0.0 ], [ 100574.910600000061095, 102217.707900000736117, 0.0 ], [ 100575.174800000153482, 102218.208499999716878, 0.0 ], [ 100575.438900000415742, 102218.709100000560284, 0.0 ], [ 100575.703099999576807, 102219.209699999541044, 0.0 ], [ 100575.967299999669194, 102219.71030000038445, 0.0 ], [ 100576.231599999591708, 102220.210899999365211, 0.0 ], [ 100576.495900000445545, 102220.711400000378489, 0.0 ], [ 100576.760200000368059, 102221.211899999529123, 0.0 ], [ 100577.024600000120699, 102221.712400000542402, 0.0 ], [ 100577.28899999987334, 102222.212899999693036, 0.0 ], [ 100577.553399999625981, 102222.713400000706315, 0.0 ], [ 100577.817800000309944, 102223.213899999856949, 0.0 ], [ 100578.082299999892712, 102223.714299999177456, 0.0 ], [ 100578.346800000406802, 102224.214800000190735, 0.0 ], [ 100578.611299999989569, 102224.715199999511242, 0.0 ], [ 100578.875799999572337, 102225.215600000694394, 0.0 ], [ 100579.140399999916553, 102225.716099999845028, 0.0 ], [ 100579.404900000430644, 102226.216499999165535, 0.0 ], [ 100579.669499999843538, 102226.71680000051856, 0.0 ], [ 100579.934100000187755, 102227.217199999839067, 0.0 ], [ 100580.198699999600649, 102227.717599999159575, 0.0 ], [ 100580.463299999944866, 102228.218000000342727, 0.0 ], [ 100580.728000000119209, 102228.718399999663234, 0.0 ], [ 100580.992600000463426, 102229.218699999153614, 0.0 ], [ 100581.257299999706447, 102229.719100000336766, 0.0 ], [ 100581.521900000050664, 102230.219399999827147, 0.0 ], [ 100581.786600000225008, 102230.719799999147654, 0.0 ], [ 100582.051199999637902, 102231.220100000500679, 0.0 ], [ 100582.315899999812245, 102231.720499999821186, 0.0 ], [ 100582.580599999986589, 102232.220899999141693, 0.0 ], [ 100596.608099999837577, 102258.739299999549985, 0.0 ], [ 100596.863199999555945, 102259.221499999985099, 0.0 ], [ 100597.118200000375509, 102259.703700000420213, 0.0 ], [ 100597.373200000263751, 102260.185799999162555, 0.0 ], [ 100597.628299999982119, 102260.667999999597669, 0.0 ], [ 100597.88329999987036, 102261.150200000032783, 0.0 ], [ 100598.138299999758601, 102261.63230000063777, 0.0 ], [ 100598.393299999646842, 102262.114499999210238, 0.0 ], [ 100598.648400000296533, 102262.596699999645352, 0.0 ], [ 100598.903400000184774, 102263.07880000025034, 0.0 ], [ 100599.158300000242889, 102263.561000000685453, 0.0 ], [ 100599.41330000013113, 102264.043199999257922, 0.0 ], [ 100599.668300000019372, 102264.525399999693036, 0.0 ], [ 100599.923200000077486, 102265.00760000012815, 0.0 ], [ 100600.178100000135601, 102265.489800000563264, 0.0 ], [ 100600.433000000193715, 102265.972100000828505, 0.0 ], [ 100600.68790000025183, 102266.454299999400973, 0.0 ], [ 100600.942800000309944, 102266.936599999666214, 0.0 ], [ 100601.197599999606609, 102267.418800000101328, 0.0 ], [ 100601.452399999834597, 102267.901100000366569, 0.0 ], [ 100601.707200000062585, 102268.383400000631809, 0.0 ], [ 100601.962000000290573, 102268.86570000089705, 0.0 ], [ 100602.216699999757111, 102269.347999999299645, 0.0 ], [ 100602.471400000154972, 102269.830299999564886, 0.0 ], [ 100602.726099999621511, 102270.312699999660254, 0.0 ], [ 100602.980800000019372, 102270.794999999925494, 0.0 ], [ 100603.235399999655783, 102271.277400000020862, 0.0 ], [ 100603.490000000223517, 102271.759800000116229, 0.0 ], [ 100603.744500000029802, 102272.242200000211596, 0.0 ], [ 100603.998999999836087, 102272.724700000137091, 0.0 ], [ 100604.253499999642372, 102273.207100000232458, 0.0 ], [ 100604.50789999961853, 102273.689600000157952, 0.0 ], [ 100604.762299999594688, 102274.172100000083447, 0.0 ], [ 100605.01659999974072, 102274.6546, 0.0 ], [ 100605.270899999886751, 102275.137199999764562, 0.0 ], [ 100605.525200000032783, 102275.619699999690056, 0.0 ], [ 100605.779400000348687, 102276.102299999445677, 0.0 ], [ 100606.033499999903142, 102276.58500000089407, 0.0 ], [ 100606.28760000038892, 102277.067600000649691, 0.0 ], [ 100606.541699999943376, 102277.550300000235438, 0.0 ], [ 100606.795699999667704, 102278.032999999821186, 0.0 ], [ 100607.049700000323355, 102278.515699999406934, 0.0 ], [ 100607.303600000217557, 102278.998500000685453, 0.0 ], [ 100607.557400000281632, 102279.481200000271201, 0.0 ], [ 100607.811200000345707, 102279.964099999517202, 0.0 ], [ 100608.064899999648333, 102280.446900000795722, 0.0 ], [ 100608.318599999882281, 102280.929800000041723, 0.0 ], [ 100608.572200000286102, 102281.412699999287724, 0.0 ], [ 100608.825699999928474, 102281.895600000396371, 0.0 ], [ 100609.079199999570847, 102282.378599999472499, 0.0 ], [ 100609.332600000314415, 102282.861600000411272, 0.0 ], [ 100609.58600000012666, 102283.344699999317527, 0.0 ], [ 100609.839300000108778, 102283.827800000086427, 0.0 ], [ 100610.09250000026077, 102284.310900000855327, 0.0 ], [ 100610.345599999651313, 102284.793999999761581, 0.0 ], [ 100610.598699999973178, 102285.277300000190735, 0.0 ], [ 100624.534599999897182, 102312.164799999445677, 0.0 ], [ 100624.783499999903142, 102312.650200000032783, 0.0 ], [ 100625.032399999909103, 102313.135600000619888, 0.0 ], [ 100625.281200000084937, 102313.620999999344349, 0.0 ], [ 100625.529900000430644, 102314.106499999761581, 0.0 ], [ 100625.778500000014901, 102314.591900000348687, 0.0 ], [ 100626.027099999599159, 102315.077500000596046, 0.0 ], [ 100626.275600000284612, 102315.562999999150634, 0.0 ], [ 100626.524000000208616, 102316.048599999397993, 0.0 ], [ 100626.77240000013262, 102316.534199999645352, 0.0 ], [ 100627.020700000226498, 102317.019899999722838, 0.0 ], [ 100627.269000000320375, 102317.505499999970198, 0.0 ], [ 100627.517199999652803, 102317.99129999987781, 0.0 ], [ 100627.765300000086427, 102318.476999999955297, 0.0 ], [ 100628.013399999588728, 102318.962799999862909, 0.0 ], [ 100628.261500000022352, 102319.448599999770522, 0.0 ], [ 100628.509499999694526, 102319.934399999678135, 0.0 ], [ 100628.757399999536574, 102320.420199999585748, 0.0 ], [ 100629.005300000309944, 102320.906099999323487, 0.0 ], [ 100629.253100000321865, 102321.392000000923872, 0.0 ], [ 100629.500900000333786, 102321.877900000661612, 0.0 ], [ 100629.748599999584258, 102322.363900000229478, 0.0 ], [ 100629.996299999766052, 102322.849899999797344, 0.0 ], [ 100630.243900000117719, 102323.335899999365211, 0.0 ], [ 100630.491499999538064, 102323.821900000795722, 0.0 ], [ 100630.739099999889731, 102324.307900000363588, 0.0 ], [ 100630.986600000411272, 102324.793999999761581, 0.0 ], [ 100631.2341, 102325.279999999329448, 0.0 ], [ 100631.481499999761581, 102325.766100000590086, 0.0 ], [ 100631.728900000452995, 102326.252299999818206, 0.0 ], [ 100631.976300000213087, 102326.738399999216199, 0.0 ], [ 100632.223600000143051, 102327.224600000306964, 0.0 ], [ 100632.470900000073016, 102327.710699999704957, 0.0 ], [ 100632.7182, 102328.196900000795722, 0.0 ], [ 100632.965499999932945, 102328.683100000023842, 0.0 ], [ 100633.212700000032783, 102329.169299999251962, 0.0 ], [ 100633.45990000013262, 102329.655500000342727, 0.0 ], [ 100633.707000000402331, 102330.141799999400973, 0.0 ], [ 100633.954199999570847, 102330.628000000491738, 0.0 ], [ 100634.201299999840558, 102331.114299999549985, 0.0 ], [ 100634.448400000110269, 102331.600600000470877, 0.0 ], [ 100634.69550000037998, 102332.086799999698997, 0.0 ], [ 100634.942499999888241, 102332.573100000619888, 0.0 ], [ 100635.189500000327826, 102333.059399999678135, 0.0 ], [ 100635.436599999666214, 102333.545800000429153, 0.0 ], [ 100635.683600000105798, 102334.0320999994874, 0.0 ], [ 100635.93059999961406, 102334.518400000408292, 0.0 ], [ 100636.177600000053644, 102335.004699999466538, 0.0 ], [ 100636.424499999731779, 102335.491100000217557, 0.0 ], [ 100636.671500000171363, 102335.977399999275804, 0.0 ], [ 100636.918499999679625, 102336.463800000026822, 0.0 ], [ 100637.165400000289083, 102336.950099999085069, 0.0 ], [ 100637.412299999967217, 102337.436499999836087, 0.0 ], [ 100637.659300000406802, 102337.922800000756979, 0.0 ], [ 100637.906200000084937, 102338.409199999645352, 0.0 ], [ 100638.153199999593198, 102338.895600000396371, 0.0 ], [ 100679.295800000429153, 102419.92879999987781, 0.0 ], [ 100679.498499999754131, 102420.32799999974668, 0.0 ], [ 100679.701200000010431, 102420.727299999445677, 0.0 ], [ 100679.903900000266731, 102421.126499999314547, 0.0 ], [ 100680.106599999591708, 102421.525800000876188, 0.0 ], [ 100680.309299999848008, 102421.925000000745058, 0.0 ], [ 100680.512099999934435, 102422.324300000444055, 0.0 ], [ 100680.714800000190735, 102422.723500000312924, 0.0 ], [ 100680.917500000447035, 102423.122700000181794, 0.0 ], [ 100681.120299999602139, 102423.521999999880791, 0.0 ], [ 100681.322999999858439, 102423.92119999974966, 0.0 ], [ 100681.525799999944866, 102424.32039999961853, 0.0 ], [ 100681.728600000031292, 102424.7195999994874, 0.0 ], [ 100681.931400000117719, 102425.11879999935627, 0.0 ], [ 100682.134200000204146, 102425.51799999922514, 0.0 ], [ 100682.337000000290573, 102425.917199999094009, 0.0 ], [ 100682.539800000376999, 102426.316400000825524, 0.0 ], [ 100682.742700000293553, 102426.715600000694394, 0.0 ], [ 100682.945600000210106, 102427.114700000733137, 0.0 ], [ 100683.148400000296533, 102427.513900000602007, 0.0 ], [ 100683.351400000043213, 102427.91300000064075, 0.0 ], [ 100683.554299999959767, 102428.31220000050962, 0.0 ], [ 100683.75719999987632, 102428.711300000548363, 0.0 ], [ 100683.960199999623001, 102429.110400000587106, 0.0 ], [ 100684.163200000301003, 102429.509500000625849, 0.0 ], [ 100684.36629999987781, 102429.908600000664592, 0.0 ], [ 100684.569299999624491, 102430.307600000873208, 0.0 ], [ 100684.77240000013262, 102430.706700000911951, 0.0 ], [ 100684.975499999709427, 102431.105699999257922, 0.0 ], [ 100685.178600000217557, 102431.504799999296665, 0.0 ], [ 100685.381799999624491, 102431.903799999505281, 0.0 ], [ 100685.584999999962747, 102432.302799999713898, 0.0 ], [ 100685.78830000013113, 102432.701700000092387, 0.0 ], [ 100685.991499999538064, 102433.100700000301003, 0.0 ], [ 100686.194799999706447, 102433.499600000679493, 0.0 ], [ 100686.398199999704957, 102433.898600000888109, 0.0 ], [ 100686.601599999703467, 102434.297499999403954, 0.0 ], [ 100686.804999999701977, 102434.696399999782443, 0.0 ], [ 100687.008399999700487, 102435.095200000330806, 0.0 ], [ 100687.211900000460446, 102435.494100000709295, 0.0 ], [ 100687.415500000119209, 102435.892899999395013, 0.0 ], [ 100687.619099999777973, 102436.291699999943376, 0.0 ], [ 100687.822700000368059, 102436.690500000491738, 0.0 ], [ 100688.026300000026822, 102437.089199999347329, 0.0 ], [ 100688.230100000277162, 102437.487999999895692, 0.0 ], [ 100688.433799999766052, 102437.886700000613928, 0.0 ], [ 100688.637600000016391, 102438.285399999469519, 0.0 ], [ 100688.841500000096858, 102438.684000000357628, 0.0 ], [ 100689.045400000177324, 102439.082699999213219, 0.0 ], [ 100689.249400000087917, 102439.481300000101328, 0.0 ], [ 100689.4534, 102439.879799999296665, 0.0 ], [ 100689.65749999973923, 102440.278400000184774, 0.0 ], [ 100689.861600000411272, 102440.676899999380112, 0.0 ], [ 100690.065799999982119, 102441.075400000438094, 0.0 ], [ 100690.269999999552965, 102441.473899999633431, 0.0 ], [ 100690.474299999885261, 102441.872300000861287, 0.0 ], [ 100690.678600000217557, 102442.270700000226498, 0.0 ], [ 100690.88300000037998, 102442.669099999591708, 0.0 ], [ 100691.087500000372529, 102443.067500000819564, 0.0 ], [ 100691.292000000365078, 102443.465800000354648, 0.0 ], [ 100691.496600000187755, 102443.864099999889731, 0.0 ], [ 100691.701299999840558, 102444.262299999594688, 0.0 ], [ 100691.906000000424683, 102444.660499999299645, 0.0 ], [ 100692.110799999907613, 102445.058700000867248, 0.0 ], [ 100692.315700000151992, 102445.456900000572205, 0.0 ], [ 100692.520600000396371, 102445.855000000447035, 0.0 ], [ 100692.725599999539554, 102446.253100000321865, 0.0 ], [ 100692.930700000375509, 102446.651100000366569, 0.0 ], [ 100712.07909999974072, 102483.072000000625849, 0.0 ], [ 100712.29079999960959, 102483.466700000688434, 0.0 ], [ 100712.502500000409782, 102483.86119999922812, 0.0 ], [ 100712.714300000108778, 102484.255699999630451, 0.0 ], [ 100712.926199999637902, 102484.650200000032783, 0.0 ], [ 100713.138100000098348, 102485.044600000604987, 0.0 ], [ 100713.35010000038892, 102485.438999999314547, 0.0 ], [ 100713.562199999578297, 102485.833300000056624, 0.0 ], [ 100713.774299999698997, 102486.227700000628829, 0.0 ], [ 100713.986499999649823, 102486.621999999508262, 0.0 ], [ 100714.198699999600649, 102487.016200000420213, 0.0 ], [ 100714.411000000312924, 102487.410499999299645, 0.0 ], [ 100714.623399999924004, 102487.80460000038147, 0.0 ], [ 100714.835799999535084, 102488.198799999430776, 0.0 ], [ 100715.048299999907613, 102488.5929000005126, 0.0 ], [ 100715.260800000280142, 102488.986999999731779, 0.0 ], [ 100715.473399999551475, 102489.381100000813603, 0.0 ], [ 100715.686099999584258, 102489.775200000032783, 0.0 ], [ 100715.89879999961704, 102490.169199999421835, 0.0 ], [ 100716.111499999649823, 102490.563200000673532, 0.0 ], [ 100716.324300000444055, 102490.957100000232458, 0.0 ], [ 100716.537200000137091, 102491.351099999621511, 0.0 ], [ 100716.750099999830127, 102491.744999999180436, 0.0 ], [ 100716.963000000454485, 102492.138900000602007, 0.0 ], [ 100717.175999999977648, 102492.532700000330806, 0.0 ], [ 100717.389000000432134, 102492.926500000059605, 0.0 ], [ 100717.602099999785423, 102493.32039999961853, 0.0 ], [ 100717.815200000070035, 102493.714099999517202, 0.0 ], [ 100718.028400000184774, 102494.107899999246001, 0.0 ], [ 100718.241600000299513, 102494.501599999144673, 0.0 ], [ 100718.454900000244379, 102494.895400000736117, 0.0 ], [ 100718.668100000359118, 102495.289100000634789, 0.0 ], [ 100718.88150000013411, 102495.682700000703335, 0.0 ], [ 100719.094800000078976, 102496.076400000602007, 0.0 ], [ 100719.308199999853969, 102496.470000000670552, 0.0 ], [ 100719.52170000039041, 102496.863700000569224, 0.0 ], [ 100719.735100000165403, 102497.25730000063777, 0.0 ], [ 100719.948599999770522, 102497.650800000876188, 0.0 ], [ 100720.162100000306964, 102498.044399999082088, 0.0 ], [ 100720.37569999974221, 102498.437899999320507, 0.0 ], [ 100720.589300000108778, 102498.831499999389052, 0.0 ], [ 100720.802899999544024, 102499.224999999627471, 0.0 ], [ 100721.01659999974072, 102499.61849999986589, 0.0 ], [ 100721.230200000107288, 102500.012000000104308, 0.0 ], [ 100721.443900000303984, 102500.405500000342727, 0.0 ], [ 100721.657599999569356, 102500.798900000751019, 0.0 ], [ 100721.871399999596179, 102501.192399999126792, 0.0 ], [ 100722.085099999792874, 102501.585799999535084, 0.0 ], [ 100722.298899999819696, 102501.979199999943376, 0.0 ], [ 100722.512699999846518, 102502.372700000181794, 0.0 ], [ 100722.726599999703467, 102502.766100000590086, 0.0 ], [ 100722.940399999730289, 102503.159499999135733, 0.0 ], [ 100723.154299999587238, 102503.552799999713898, 0.0 ], [ 100723.36809999961406, 102503.94620000012219, 0.0 ], [ 100723.582000000402331, 102504.339600000530481, 0.0 ], [ 100723.79590000025928, 102504.732999999076128, 0.0 ], [ 100724.009899999946356, 102505.126299999654293, 0.0 ], [ 100724.223799999803305, 102505.519700000062585, 0.0 ], [ 100724.437699999660254, 102505.91300000064075, 0.0 ], [ 100724.651700000278652, 102506.30629999935627, 0.0 ], [ 100724.865600000135601, 102506.699699999764562, 0.0 ], [ 100725.079599999822676, 102507.093000000342727, 0.0 ], [ 100725.293600000441074, 102507.486300000920892, 0.0 ], [ 100725.507500000298023, 102507.879699999466538, 0.0 ], [ 100725.721499999985099, 102508.273000000044703, 0.0 ], [ 100725.935499999672174, 102508.666300000622869, 0.0 ], [ 100726.149500000290573, 102509.059599999338388, 0.0 ], [ 100726.363499999977648, 102509.45299999974668, 0.0 ], [ 100785.861999999731779, 102618.814099999144673, 0.0 ], [ 100786.113599999807775, 102619.276499999687076, 0.0 ], [ 100786.365100000053644, 102619.738800000399351, 0.0 ], [ 100786.616600000299513, 102620.201099999248981, 0.0 ], [ 100786.86809999961406, 102620.663399999961257, 0.0 ], [ 100787.119599999859929, 102621.125800000503659, 0.0 ], [ 100787.371100000105798, 102621.58809999935329, 0.0 ], [ 100787.622600000351667, 102622.050499999895692, 0.0 ], [ 100787.873999999836087, 102622.512800000607967, 0.0 ], [ 100788.125500000081956, 102622.975199999287724, 0.0 ], [ 100788.376899999566376, 102623.437599999830127, 0.0 ], [ 100788.628200000151992, 102623.900000000372529, 0.0 ], [ 100788.879599999636412, 102624.362400000914931, 0.0 ], [ 100789.130900000222027, 102624.824899999424815, 0.0 ], [ 100789.38219999987632, 102625.287299999967217, 0.0 ], [ 100789.633399999700487, 102625.749800000339746, 0.0 ], [ 100789.884600000455976, 102626.212300000712276, 0.0 ], [ 100790.135700000450015, 102626.674799999222159, 0.0 ], [ 100790.386800000444055, 102627.137399999424815, 0.0 ], [ 100790.637900000438094, 102627.599999999627471, 0.0 ], [ 100790.888899999670684, 102628.062599999830127, 0.0 ], [ 100791.1398, 102628.525200000032783, 0.0 ], [ 100791.390700000338256, 102628.987900000065565, 0.0 ], [ 100791.641499999910593, 102629.450600000098348, 0.0 ], [ 100791.892300000414252, 102629.91330000013113, 0.0 ], [ 100792.143000000156462, 102630.3761, 0.0 ], [ 100792.393600000068545, 102630.838899999856949, 0.0 ], [ 100792.644199999980628, 102631.301799999549985, 0.0 ], [ 100792.894600000232458, 102631.764699999243021, 0.0 ], [ 100793.144999999552965, 102632.227600000798702, 0.0 ], [ 100793.395399999804795, 102632.690600000321865, 0.0 ], [ 100793.645600000396371, 102633.153599999845028, 0.0 ], [ 100793.895700000226498, 102633.616699999198318, 0.0 ], [ 100794.145800000056624, 102634.079800000414252, 0.0 ], [ 100794.395800000056624, 102634.542999999597669, 0.0 ], [ 100794.645600000396371, 102635.00620000064373, 0.0 ], [ 100794.895399999804795, 102635.469399999827147, 0.0 ], [ 100795.145100000314415, 102635.932800000533462, 0.0 ], [ 100795.394600000232458, 102636.396199999377131, 0.0 ], [ 100795.644100000150502, 102636.859600000083447, 0.0 ], [ 100795.893500000238419, 102637.323100000619888, 0.0 ], [ 100796.142699999734759, 102637.786599999293685, 0.0 ], [ 100796.391800000332296, 102638.25029999949038, 0.0 ], [ 100796.640800000168383, 102638.713899999856949, 0.0 ], [ 100796.889700000174344, 102639.177699999883771, 0.0 ], [ 100797.138500000350177, 102639.641499999910593, 0.0 ], [ 100797.387099999934435, 102640.105399999767542, 0.0 ], [ 100797.635599999688566, 102640.569299999624491, 0.0 ], [ 100797.88399999961257, 102641.033399999141693, 0.0 ], [ 100798.132299999706447, 102641.497400000691414, 0.0 ], [ 100798.380400000140071, 102641.961600000038743, 0.0 ], [ 100798.628399999812245, 102642.425799999386072, 0.0 ], [ 100798.876199999824166, 102642.8902000002563, 0.0 ], [ 100799.1239, 102643.354599999263883, 0.0 ], [ 100799.371399999596179, 102643.81900000013411, 0.0 ], [ 100799.618800000287592, 102644.283600000664592, 0.0 ], [ 100799.86600000038743, 102644.748199999332428, 0.0 ], [ 100800.113099999725819, 102645.212899999693036, 0.0 ], [ 100800.360000000335276, 102645.677699999883771, 0.0 ], [ 100800.606700000353158, 102646.142599999904633, 0.0 ], [ 100800.85329999960959, 102646.607599999755621, 0.0 ], [ 100801.099799999967217, 102647.072699999436736, 0.0 ], [ 100801.345999999903142, 102647.537799999117851, 0.0 ], [ 100801.5921, 102648.003100000321865, 0.0 ], [ 100801.838000000454485, 102648.468399999663234, 0.0 ], [ 100802.083700000308454, 102648.933800000697374, 0.0 ], [ 100802.329199999570847, 102649.399399999529123, 0.0 ], [ 100802.574599999934435, 102649.865000000223517, 0.0 ], [ 100802.81969999987632, 102650.330700000748038, 0.0 ], [ 100803.064699999988079, 102650.796599999070168, 0.0 ], [ 100803.309500000439584, 102651.262499999254942, 0.0 ], [ 100803.554100000299513, 102651.728499999269843, 0.0 ], [ 100803.79839999973774, 102652.194700000807643, 0.0 ], [ 100804.042600000277162, 102652.660900000482798, 0.0 ], [ 100804.286600000225008, 102653.127299999818206, 0.0 ], [ 100804.530399999581277, 102653.593699999153614, 0.0 ], [ 100804.773900000378489, 102654.060300000011921, 0.0 ], [ 100805.017300000414252, 102654.527000000700355, 0.0 ], [ 100805.260400000028312, 102654.99379999935627, 0.0 ], [ 100805.503299999982119, 102655.460699999704957, 0.0 ], [ 100805.746000000275671, 102655.927699999883771, 0.0 ], [ 100805.988400000147521, 102656.394799999892712, 0.0 ], [ 100806.230700000189245, 102656.862099999561906, 0.0 ], [ 100806.472699999809265, 102657.329500000923872, 0.0 ], [ 100806.714399999938905, 102657.79700000025332, 0.0 ], [ 100806.956000000238419, 102658.264599999412894, 0.0 ], [ 100807.197300000116229, 102658.732300000265241, 0.0 ], [ 100807.438299999572337, 102659.200200000777841, 0.0 ], [ 100807.679100000299513, 102659.668199999257922, 0.0 ], [ 100807.919700000435114, 102660.136299999430776, 0.0 ], [ 100808.160000000149012, 102660.604599999263883, 0.0 ], [ 100808.400000000372529, 102661.073000000789762, 0.0 ], [ 100808.6398, 102661.541500000283122, 0.0 ], [ 100808.879399999976158, 102662.010099999606609, 0.0 ], [ 100809.118599999696016, 102662.478900000452995, 0.0 ], [ 100809.357699999585748, 102662.94789999909699, 0.0 ], [ 100820.75040000025183, 102686.113399999216199, 0.0 ], [ 100831.488599999807775, 102709.589400000870228, 0.0 ], [ 100841.564000000245869, 102733.357400000095367, 0.0 ], [ 100850.968500000424683, 102757.398800000548363, 0.0 ], [ 100859.69469999987632, 102781.694599999114871, 0.0 ], [ 100867.73589999973774, 102806.225600000470877, 0.0 ], [ 100875.08559999987483, 102830.972599999979138, 0.0 ], [ 100881.738099999725819, 102855.91609999909997, 0.0 ], [ 100887.688099999912083, 102881.036399999633431, 0.0 ], [ 100887.802099999971688, 102881.550300000235438, 0.0 ], [ 100887.91579999960959, 102882.064200000837445, 0.0 ], [ 100888.029199999757111, 102882.578099999576807, 0.0 ], [ 100888.142300000414252, 102883.0921, 0.0 ], [ 100888.255099999718368, 102883.606200000271201, 0.0 ], [ 100888.367600000463426, 102884.120400000363588, 0.0 ], [ 100888.479899999685585, 102884.634600000455976, 0.0 ], [ 100888.591900000348687, 102885.148800000548363, 0.0 ], [ 100888.703599999658763, 102885.663100000470877, 0.0 ], [ 100888.815100000239909, 102886.177500000223517, 0.0 ], [ 100888.926199999637902, 102886.691899999976158, 0.0 ], [ 100889.037200000137091, 102887.206399999558926, 0.0 ], [ 100889.14780000038445, 102887.721000000834465, 0.0 ], [ 100889.25829999987036, 102888.235600000247359, 0.0 ], [ 100889.368400000035763, 102888.750199999660254, 0.0 ], [ 100889.478400000371039, 102889.265000000596046, 0.0 ], [ 100889.588000000454485, 102889.779699999839067, 0.0 ], [ 100889.697499999776483, 102890.29450000077486, 0.0 ], [ 100889.806699999608099, 102890.809399999678135, 0.0 ], [ 100889.915599999949336, 102891.324300000444055, 0.0 ], [ 100890.024400000460446, 102891.839299999177456, 0.0 ], [ 100890.13289999961853, 102892.354299999773502, 0.0 ], [ 100890.241100000217557, 102892.869300000369549, 0.0 ], [ 100890.349200000055134, 102893.384400000795722, 0.0 ], [ 100890.457000000402331, 102893.899599999189377, 0.0 ], [ 100890.564600000157952, 102894.414799999445677, 0.0 ], [ 100890.67200000025332, 102894.929999999701977, 0.0 ], [ 100890.779199999757111, 102895.445299999788404, 0.0 ], [ 100890.886199999600649, 102895.96059999987483, 0.0 ], [ 100890.992999999783933, 102896.475999999791384, 0.0 ], [ 100891.099499999545515, 102896.991399999707937, 0.0 ], [ 100891.205900000408292, 102897.506899999454618, 0.0 ], [ 100891.31209999974817, 102898.022399999201298, 0.0 ], [ 100891.418100000359118, 102898.537900000810623, 0.0 ], [ 100891.523900000378489, 102899.05350000038743, 0.0 ], [ 100891.629499999806285, 102899.569099999964237, 0.0 ], [ 100891.734899999573827, 102900.084699999541044, 0.0 ], [ 100891.840099999681115, 102900.600400000810623, 0.0 ], [ 100891.945199999958277, 102901.116100000217557, 0.0 ], [ 100892.050099999643862, 102901.631899999454618, 0.0 ], [ 100892.154799999669194, 102902.147700000554323, 0.0 ], [ 100892.259399999864399, 102902.663499999791384, 0.0 ], [ 100892.363800000399351, 102903.179400000721216, 0.0 ], [ 100892.468000000342727, 102903.695199999958277, 0.0 ], [ 100892.572100000455976, 102904.211200000718236, 0.0 ], [ 100892.675999999977648, 102904.727099999785423, 0.0 ], [ 100892.779799999669194, 102905.243100000545382, 0.0 ], [ 100892.883399999700487, 102905.759099999442697, 0.0 ], [ 100892.986800000071526, 102906.275200000032783, 0.0 ], [ 100893.090200000442564, 102906.791200000792742, 0.0 ], [ 100893.193400000222027, 102907.307299999520183, 0.0 ], [ 100893.296400000341237, 102907.823499999940395, 0.0 ], [ 100893.399299999698997, 102908.339600000530481, 0.0 ], [ 100893.502100000157952, 102908.855799999088049, 0.0 ], [ 100893.604799999855459, 102909.371999999508262, 0.0 ], [ 100893.707299999892712, 102909.888199999928474, 0.0 ], [ 100893.809700000099838, 102910.404500000178814, 0.0 ], [ 100893.911999999545515, 102910.920800000429153, 0.0 ], [ 100894.014200000092387, 102911.437100000679493, 0.0 ], [ 100894.11629999987781, 102911.953400000929832, 0.0 ], [ 100894.2182, 102912.469699999317527, 0.0 ], [ 100894.32010000012815, 102912.986099999397993, 0.0 ], [ 100894.421799999661744, 102913.502499999478459, 0.0 ], [ 100894.52350000012666, 102914.018899999558926, 0.0 ], [ 100894.625, 102914.535299999639392, 0.0 ], [ 100894.72649999987334, 102915.051799999549985, 0.0 ], [ 100894.827899999916553, 102915.568199999630451, 0.0 ], [ 100894.929100000299513, 102916.084699999541044, 0.0 ], [ 100895.030299999751151, 102916.601199999451637, 0.0 ], [ 100895.13150000013411, 102917.11769999936223, 0.0 ], [ 100895.232499999925494, 102917.634199999272823, 0.0 ], [ 100895.333499999716878, 102918.150800000876188, 0.0 ], [ 100895.434399999678135, 102918.667300000786781, 0.0 ], [ 100895.535199999809265, 102919.183900000527501, 0.0 ], [ 100895.635900000110269, 102919.700500000268221, 0.0 ], [ 100895.736600000411272, 102920.2171, 0.0 ], [ 100895.837299999780953, 102920.73369999974966, 0.0 ], [ 100895.93790000025183, 102921.25029999949038, 0.0 ], [ 100896.038399999961257, 102921.7668999992311, 0.0 ], [ 100896.138899999670684, 102922.283500000834465, 0.0 ], [ 100896.239299999549985, 102922.800200000405312, 0.0 ], [ 100896.339700000360608, 102923.316800000146031, 0.0 ], [ 100896.440100000239909, 102923.833499999716878, 0.0 ], [ 100896.540400000289083, 102924.350199999287724, 0.0 ], [ 100896.640599999576807, 102924.866800000891089, 0.0 ], [ 100896.740899999625981, 102925.383500000461936, 0.0 ], [ 100896.841099999845028, 102925.900200000032783, 0.0 ], [ 100896.941300000064075, 102926.416899999603629, 0.0 ], [ 100897.041500000283122, 102926.933599999174476, 0.0 ], [ 100897.14159999974072, 102927.450300000607967, 0.0 ], [ 100897.241799999959767, 102927.967000000178814, 0.0 ], [ 100897.341900000348687, 102928.48369999974966, 0.0 ], [ 100897.441999999806285, 102929.000399999320507, 0.0 ], [ 100897.542100000195205, 102929.517100000753999, 0.0 ], [ 100897.642199999652803, 102930.033800000324845, 0.0 ], [ 100937.522900000214577, 103135.878799999132752, 0.0 ], [ 100937.606800000183284, 103136.312000000849366, 0.0 ], [ 100937.690700000151992, 103136.745100000873208, 0.0 ], [ 100937.774600000120699, 103137.17820000089705, 0.0 ], [ 100937.858500000089407, 103137.611400000751019, 0.0 ], [ 100937.942400000058115, 103138.04450000077486, 0.0 ], [ 100938.026300000026822, 103138.477600000798702, 0.0 ], [ 100938.1102, 103138.910700000822544, 0.0 ], [ 100938.194099999964237, 103139.343900000676513, 0.0 ], [ 100938.277999999932945, 103139.777000000700355, 0.0 ], [ 100938.361800000071526, 103140.210100000724196, 0.0 ], [ 100938.445700000040233, 103140.643300000578165, 0.0 ], [ 100938.529500000178814, 103141.076400000602007, 0.0 ], [ 100938.613300000317395, 103141.509500000625849, 0.0 ], [ 100938.697100000455976, 103141.942700000479817, 0.0 ], [ 100938.780899999663234, 103142.375800000503659, 0.0 ], [ 100938.864699999801815, 103142.809000000357628, 0.0 ], [ 100938.948499999940395, 103143.24210000038147, 0.0 ], [ 100939.032200000248849, 103143.675300000235438, 0.0 ], [ 100939.115899999625981, 103144.10840000025928, 0.0 ], [ 100939.199599999934435, 103144.541600000113249, 0.0 ], [ 100939.283300000242889, 103144.974799999967217, 0.0 ], [ 100939.366899999789894, 103145.407999999821186, 0.0 ], [ 100939.450500000268221, 103145.841099999845028, 0.0 ], [ 100939.534099999815226, 103146.274299999698997, 0.0 ], [ 100939.617700000293553, 103146.707499999552965, 0.0 ], [ 100939.701200000010431, 103147.140699999406934, 0.0 ], [ 100939.784699999727309, 103147.573899999260902, 0.0 ], [ 100939.868200000375509, 103148.007099999114871, 0.0 ], [ 100939.95160000026226, 103148.440300000831485, 0.0 ], [ 100940.035000000149012, 103148.873500000685453, 0.0 ], [ 100940.118400000035763, 103149.306800000369549, 0.0 ], [ 100940.201700000092387, 103149.740000000223517, 0.0 ], [ 100940.285000000149012, 103150.173200000077486, 0.0 ], [ 100940.368300000205636, 103150.606499999761581, 0.0 ], [ 100940.451500000432134, 103151.03969999961555, 0.0 ], [ 100940.534699999727309, 103151.472999999299645, 0.0 ], [ 100940.61780000012368, 103151.906300000846386, 0.0 ], [ 100940.700899999588728, 103152.339600000530481, 0.0 ], [ 100940.783900000154972, 103152.77280000038445, 0.0 ], [ 100940.866899999789894, 103153.206100000068545, 0.0 ], [ 100940.949900000356138, 103153.639399999752641, 0.0 ], [ 100941.032800000160933, 103154.072799999266863, 0.0 ], [ 100941.115600000135601, 103154.506100000813603, 0.0 ], [ 100941.198400000110269, 103154.939400000497699, 0.0 ], [ 100941.281200000084937, 103155.372800000011921, 0.0 ], [ 100941.363900000229478, 103155.806099999696016, 0.0 ], [ 100941.44649999961257, 103156.239499999210238, 0.0 ], [ 100941.529099999926984, 103156.672900000587106, 0.0 ], [ 100941.611700000241399, 103157.106200000271201, 0.0 ], [ 100941.694199999794364, 103157.539599999785423, 0.0 ], [ 100941.776600000448525, 103157.973099999129772, 0.0 ], [ 100941.858900000341237, 103158.406500000506639, 0.0 ], [ 100941.941200000233948, 103158.839900000020862, 0.0 ], [ 100942.02350000012666, 103159.273299999535084, 0.0 ], [ 100942.105600000359118, 103159.706800000742078, 0.0 ], [ 100942.187800000421703, 103160.140300000086427, 0.0 ], [ 100942.269799999892712, 103160.573699999600649, 0.0 ], [ 100942.351800000295043, 103161.007200000807643, 0.0 ], [ 100942.433699999935925, 103161.440700000151992, 0.0 ], [ 100942.51549999974668, 103161.874299999326468, 0.0 ], [ 100942.597299999557436, 103162.307800000533462, 0.0 ], [ 100942.678999999538064, 103162.74129999987781, 0.0 ], [ 100942.760599999688566, 103163.174900000914931, 0.0 ], [ 100942.842199999839067, 103163.608500000089407, 0.0 ], [ 100942.923600000329316, 103164.041999999433756, 0.0 ], [ 100943.004999999888241, 103164.475700000301003, 0.0 ], [ 100943.086400000378489, 103164.909299999475479, 0.0 ], [ 100943.167600000277162, 103165.3429000005126, 0.0 ], [ 100949.332399999722838, 103199.637299999594688, 0.0 ], [ 100949.407300000078976, 103200.072100000455976, 0.0 ], [ 100949.481999999843538, 103200.506899999454618, 0.0 ], [ 100949.556800000369549, 103200.941700000315905, 0.0 ], [ 100949.631400000303984, 103201.376599999144673, 0.0 ], [ 100949.705900000408292, 103201.8114, 0.0 ], [ 100949.780399999581277, 103202.246200000867248, 0.0 ], [ 100949.854799999855459, 103202.681099999696016, 0.0 ], [ 100949.92920000012964, 103203.11600000038743, 0.0 ], [ 100950.003399999812245, 103203.550799999386072, 0.0 ], [ 100950.077600000426173, 103203.985700000077486, 0.0 ], [ 100950.151700000278652, 103204.4206000007689, 0.0 ], [ 100950.22580000013113, 103204.855499999597669, 0.0 ], [ 100950.299800000153482, 103205.290500000119209, 0.0 ], [ 100950.373700000345707, 103205.725400000810623, 0.0 ], [ 100950.447599999606609, 103206.160399999469519, 0.0 ], [ 100950.521399999968708, 103206.595300000160933, 0.0 ], [ 100950.595099999569356, 103207.030300000682473, 0.0 ], [ 100950.668800000101328, 103207.465299999341369, 0.0 ], [ 100950.74239999987185, 103207.900200000032783, 0.0 ], [ 100950.815999999642372, 103208.335200000554323, 0.0 ], [ 100950.889499999582767, 103208.770300000905991, 0.0 ], [ 100950.963000000454485, 103209.205299999564886, 0.0 ], [ 100951.036399999633431, 103209.640300000086427, 0.0 ], [ 100951.109699999913573, 103210.075300000607967, 0.0 ], [ 100951.183000000193715, 103210.51039999909699, 0.0 ], [ 100951.256199999712408, 103210.94539999961853, 0.0 ], [ 100951.329400000162423, 103211.380499999970198, 0.0 ], [ 100951.402599999681115, 103211.815600000321865, 0.0 ], [ 100951.475700000301003, 103212.250600000843406, 0.0 ], [ 100951.548700000159442, 103212.685699999332428, 0.0 ], [ 100951.621700000017881, 103213.120799999684095, 0.0 ], [ 100951.69469999987632, 103213.555900000035763, 0.0 ], [ 100951.767599999904633, 103213.99100000038743, 0.0 ], [ 100951.840499999932945, 103214.426100000739098, 0.0 ], [ 100951.913399999961257, 103214.86119999922812, 0.0 ], [ 100951.986200000159442, 103215.296399999409914, 0.0 ], [ 100952.058899999596179, 103215.731499999761581, 0.0 ], [ 100952.131699999794364, 103216.166600000113249, 0.0 ], [ 100952.204400000162423, 103216.601800000295043, 0.0 ], [ 100952.276999999769032, 103217.03690000064671, 0.0 ], [ 100952.349600000306964, 103217.472100000828505, 0.0 ], [ 100952.422199999913573, 103217.907299999147654, 0.0 ], [ 100952.494800000451505, 103218.342399999499321, 0.0 ], [ 100952.567300000227988, 103218.777599999681115, 0.0 ], [ 100952.6398, 103219.212799999862909, 0.0 ], [ 100952.712299999780953, 103219.648000000044703, 0.0 ], [ 100952.784799999557436, 103220.083100000396371, 0.0 ], [ 100952.857200000435114, 103220.518300000578165, 0.0 ], [ 100952.92960000038147, 103220.953500000759959, 0.0 ], [ 100953.002000000327826, 103221.388699999079108, 0.0 ], [ 100953.074400000274181, 103221.823899999260902, 0.0 ], [ 100953.14670000039041, 103222.259099999442697, 0.0 ], [ 100953.218999999575317, 103222.694299999624491, 0.0 ], [ 100953.291299999691546, 103223.129499999806285, 0.0 ], [ 100953.363599999807775, 103223.564699999988079, 0.0 ], [ 100953.435899999924004, 103224.0, 0.0 ], [ 100953.508100000210106, 103224.435200000181794, 0.0 ], [ 100953.580400000326335, 103224.870400000363588, 0.0 ], [ 100953.652599999681115, 103225.305600000545382, 0.0 ], [ 100953.724899999797344, 103225.740800000727177, 0.0 ], [ 100953.797100000083447, 103226.176100000739098, 0.0 ], [ 100953.869300000369549, 103226.611300000920892, 0.0 ], [ 100953.941499999724329, 103227.046499999240041, 0.0 ], [ 100954.013700000010431, 103227.481699999421835, 0.0 ], [ 100954.085900000296533, 103227.916999999433756, 0.0 ], [ 100954.157999999821186, 103228.35219999961555, 0.0 ], [ 100954.230200000107288, 103228.787399999797344, 0.0 ], [ 100954.302400000393391, 103229.222699999809265, 0.0 ], [ 100964.702100000344217, 103291.928899999707937, 0.0 ], [ 100964.824799999594688, 103292.668800000101328, 0.0 ], [ 100964.947499999776483, 103293.408700000494719, 0.0 ], [ 100965.070199999958277, 103294.148600000888109, 0.0 ], [ 100965.192900000140071, 103294.888499999418855, 0.0 ], [ 100965.315700000151992, 103295.628399999812245, 0.0 ], [ 100965.438400000333786, 103296.368200000375509, 0.0 ], [ 100965.561200000345707, 103297.1081000007689, 0.0 ], [ 100965.683899999596179, 103297.847999999299645, 0.0 ], [ 100965.806699999608099, 103298.587899999693036, 0.0 ], [ 100965.92949999962002, 103299.327800000086427, 0.0 ], [ 100966.052299999631941, 103300.067600000649691, 0.0 ], [ 100966.175200000405312, 103300.807499999180436, 0.0 ], [ 100966.298000000417233, 103301.547399999573827, 0.0 ], [ 100966.42090000025928, 103302.287200000137091, 0.0 ], [ 100966.543800000101328, 103303.027100000530481, 0.0 ], [ 100966.666799999773502, 103303.7668999992311, 0.0 ], [ 100966.789800000376999, 103304.506799999624491, 0.0 ], [ 100966.912800000049174, 103305.246600000187755, 0.0 ], [ 100967.035799999721348, 103305.986500000581145, 0.0 ], [ 100967.158900000154972, 103306.726299999281764, 0.0 ], [ 100967.281999999657273, 103307.466099999845028, 0.0 ], [ 100967.405199999921024, 103308.205900000408292, 0.0 ], [ 100967.528400000184774, 103308.945699999108911, 0.0 ], [ 100967.651700000278652, 103309.685499999672174, 0.0 ], [ 100967.775000000372529, 103310.425300000235438, 0.0 ], [ 100967.898299999535084, 103311.165100000798702, 0.0 ], [ 100968.02170000039041, 103311.904899999499321, 0.0 ], [ 100968.145200000144541, 103312.644700000062585, 0.0 ], [ 100968.268699999898672, 103313.384400000795722, 0.0 ], [ 100968.392300000414252, 103314.124199999496341, 0.0 ], [ 100968.5159, 103314.863900000229478, 0.0 ], [ 100968.639600000344217, 103315.60359999909997, 0.0 ], [ 100968.763399999588728, 103316.343299999833107, 0.0 ], [ 100968.887199999764562, 103317.083000000566244, 0.0 ], [ 100969.011099999770522, 103317.822699999436736, 0.0 ], [ 100969.134999999776483, 103318.562400000169873, 0.0 ], [ 100969.259100000374019, 103319.30210000090301, 0.0 ], [ 100969.383200000040233, 103320.041799999773502, 0.0 ], [ 100969.507299999706447, 103320.781400000676513, 0.0 ], [ 100969.631599999964237, 103321.521099999547005, 0.0 ], [ 100976.075600000098348, 103359.235600000247359, 0.0 ], [ 100976.203999999910593, 103359.974600000306964, 0.0 ], [ 100976.332399999722838, 103360.713500000536442, 0.0 ], [ 100976.460900000296533, 103361.45240000076592, 0.0 ], [ 100976.589499999769032, 103362.191299999132752, 0.0 ], [ 100976.7182, 103362.93019999936223, 0.0 ], [ 100976.847000000067055, 103363.669099999591708, 0.0 ], [ 100976.97580000013113, 103364.4079, 0.0 ], [ 100977.104600000195205, 103365.146800000220537, 0.0 ], [ 100977.233599999919534, 103365.885600000619888, 0.0 ], [ 100977.362599999643862, 103366.624399999156594, 0.0 ], [ 100977.491600000299513, 103367.363199999555945, 0.0 ], [ 100977.620699999853969, 103368.101999999955297, 0.0 ], [ 100977.749900000169873, 103368.840800000354648, 0.0 ], [ 100977.879099999554455, 103369.579600000753999, 0.0 ], [ 100978.008399999700487, 103370.318399999290705, 0.0 ], [ 100978.137699999846518, 103371.057099999859929, 0.0 ], [ 100978.267099999822676, 103371.79590000025928, 0.0 ], [ 100978.396499999798834, 103372.534600000828505, 0.0 ], [ 100978.525999999605119, 103373.273399999365211, 0.0 ], [ 100978.655500000342727, 103374.012099999934435, 0.0 ], [ 100978.785000000149012, 103374.750800000503659, 0.0 ], [ 100978.914599999785423, 103375.48960000090301, 0.0 ], [ 100979.044200000353158, 103376.22829999960959, 0.0 ], [ 100979.173899999819696, 103376.967000000178814, 0.0 ], [ 100979.303600000217557, 103377.705700000748038, 0.0 ], [ 100979.433299999684095, 103378.444399999454618, 0.0 ], [ 100979.563000000081956, 103379.183100000023842, 0.0 ], [ 100979.692800000309944, 103379.921800000593066, 0.0 ], [ 100979.822599999606609, 103380.660399999469519, 0.0 ], [ 100979.952399999834597, 103381.399100000038743, 0.0 ], [ 100980.082200000062585, 103382.137800000607967, 0.0 ], [ 100980.212000000290573, 103382.876499999314547, 0.0 ], [ 100980.341900000348687, 103383.615100000053644, 0.0 ], [ 100980.471800000406802, 103384.353800000622869, 0.0 ], [ 100980.601700000464916, 103385.092499999329448, 0.0 ], [ 100980.731599999591708, 103385.831100000068545, 0.0 ], [ 100980.861499999649823, 103386.56980000063777, 0.0 ], [ 100980.991399999707937, 103387.308399999514222, 0.0 ], [ 100981.121299999766052, 103388.047100000083447, 0.0 ], [ 100981.251199999824166, 103388.785800000652671, 0.0 ], [ 100998.581299999728799, 103487.316800000146031, 0.0 ], [ 100998.711199999786913, 103488.055500000715256, 0.0 ], [ 100998.841099999845028, 103488.794199999421835, 0.0 ], [ 100998.970999999903142, 103489.5329, 0.0 ], [ 100999.100999999791384, 103490.271500000730157, 0.0 ], [ 100999.230899999849498, 103491.010199999436736, 0.0 ], [ 100999.360799999907613, 103491.748800000175834, 0.0 ], [ 100999.490799999795854, 103492.487500000745058, 0.0 ], [ 100999.620799999684095, 103493.226099999621511, 0.0 ], [ 100999.750799999572337, 103493.964800000190735, 0.0 ], [ 100999.880800000391901, 103494.703400000929832, 0.0 ], [ 101000.010800000280142, 103495.442099999636412, 0.0 ], [ 101000.1409, 103496.180700000375509, 0.0 ], [ 101000.270899999886751, 103496.919299999251962, 0.0 ], [ 101000.400999999605119, 103497.657999999821186, 0.0 ], [ 101000.531200000084937, 103498.396600000560284, 0.0 ], [ 101000.661299999803305, 103499.135199999436736, 0.0 ], [ 101000.791500000283122, 103499.873800000175834, 0.0 ], [ 101000.921699999831617, 103500.612400000914931, 0.0 ], [ 101001.052000000141561, 103501.350999999791384, 0.0 ], [ 101001.182300000451505, 103502.089600000530481, 0.0 ], [ 101001.312599999830127, 103502.828199999406934, 0.0 ], [ 101001.442999999970198, 103503.566800000146031, 0.0 ], [ 101001.573400000110269, 103504.305299999192357, 0.0 ], [ 101001.703900000080466, 103505.043899999931455, 0.0 ], [ 101001.834400000050664, 103505.782500000670552, 0.0 ], [ 101001.964900000020862, 103506.520999999716878, 0.0 ], [ 101002.095499999821186, 103507.259500000625849, 0.0 ], [ 101002.22620000038296, 103507.998099999502301, 0.0 ], [ 101002.356900000013411, 103508.736600000411272, 0.0 ], [ 101002.487700000405312, 103509.475099999457598, 0.0 ], [ 101002.618599999696016, 103510.213600000366569, 0.0 ], [ 101002.749499999918044, 103510.952099999412894, 0.0 ], [ 101002.880400000140071, 103511.690600000321865, 0.0 ], [ 101003.011400000192225, 103512.428999999538064, 0.0 ], [ 101003.142500000074506, 103513.167500000447035, 0.0 ], [ 101003.273699999786913, 103513.905899999663234, 0.0 ], [ 101003.404900000430644, 103514.644300000742078, 0.0 ], [ 101003.536299999803305, 103515.382699999958277, 0.0 ], [ 101003.667600000277162, 103516.121099999174476, 0.0 ], [ 101003.799100000411272, 103516.859600000083447, 0.0 ], [ 101011.341000000014901, 103558.47859999909997, 0.0 ], [ 101011.476999999955297, 103559.216199999675155, 0.0 ], [ 101011.613099999725819, 103559.95380000025034, 0.0 ], [ 101011.749200000427663, 103560.691299999132752, 0.0 ], [ 101011.885499999858439, 103561.42879999987781, 0.0 ], [ 101012.021800000220537, 103562.166300000622869, 0.0 ], [ 101012.158099999651313, 103562.903799999505281, 0.0 ], [ 101012.294599999673665, 103563.64130000025034, 0.0 ], [ 101012.431099999696016, 103564.378799999132752, 0.0 ], [ 101012.567599999718368, 103565.116200000047684, 0.0 ], [ 101012.704199999570847, 103565.853700000792742, 0.0 ], [ 101012.840900000184774, 103566.591099999845028, 0.0 ], [ 101012.977699999697506, 103567.328600000590086, 0.0 ], [ 101013.114400000311434, 103568.065999999642372, 0.0 ], [ 101013.251299999654293, 103568.803400000557303, 0.0 ], [ 101013.388199999928474, 103569.54079999960959, 0.0 ], [ 101013.525100000202656, 103570.278200000524521, 0.0 ], [ 101013.662100000306964, 103571.01549999974668, 0.0 ], [ 101013.799200000241399, 103571.752900000661612, 0.0 ], [ 101013.936300000175834, 103572.490299999713898, 0.0 ], [ 101014.073400000110269, 103573.227600000798702, 0.0 ], [ 101014.210500000044703, 103573.964999999850988, 0.0 ], [ 101014.347699999809265, 103574.702299999073148, 0.0 ], [ 101014.485000000335276, 103575.439699999988079, 0.0 ], [ 101014.622299999929965, 103576.176999999210238, 0.0 ], [ 101014.759600000455976, 103576.914300000295043, 0.0 ], [ 101014.896900000050664, 103577.651599999517202, 0.0 ], [ 101015.034300000406802, 103578.388900000602007, 0.0 ], [ 101015.1716, 103579.126199999824166, 0.0 ], [ 101015.309000000357628, 103579.863500000908971, 0.0 ], [ 101015.44649999961257, 103580.60080000013113, 0.0 ], [ 101015.583899999968708, 103581.33809999935329, 0.0 ], [ 101015.721400000154972, 103582.075400000438094, 0.0 ], [ 101015.858900000341237, 103582.812699999660254, 0.0 ], [ 101015.996399999596179, 103583.550000000745058, 0.0 ], [ 101016.133899999782443, 103584.287299999967217, 0.0 ], [ 101016.271399999968708, 103585.024599999189377, 0.0 ], [ 101016.408900000154972, 103585.761900000274181, 0.0 ], [ 101016.546500000171363, 103586.499099999666214, 0.0 ], [ 101016.684000000357628, 103587.236400000751019, 0.0 ], [ 101016.821600000374019, 103587.973699999973178, 0.0 ], [ 101028.885900000110269, 103652.644300000742078, 0.0 ], [ 101029.069299999624491, 103653.627399999648333, 0.0 ], [ 101029.252700000070035, 103654.610400000587106, 0.0 ], [ 101029.436099999584258, 103655.593499999493361, 0.0 ], [ 101029.619500000029802, 103656.576500000432134, 0.0 ], [ 101029.802799999713898, 103657.559599999338388, 0.0 ], [ 101029.986200000159442, 103658.542600000277162, 0.0 ], [ 101030.169499999843538, 103659.52559999935329, 0.0 ], [ 101030.352800000458956, 103660.50870000012219, 0.0 ], [ 101030.536100000143051, 103661.491800000891089, 0.0 ], [ 101030.719399999827147, 103662.474799999967217, 0.0 ], [ 101030.902599999681115, 103663.457900000736117, 0.0 ], [ 101031.085799999535084, 103664.440899999812245, 0.0 ], [ 101031.269000000320375, 103665.424000000581145, 0.0 ], [ 101031.452100000344217, 103666.4070999994874, 0.0 ], [ 101031.635200000368059, 103667.3902000002563, 0.0 ], [ 101031.818300000391901, 103668.373299999162555, 0.0 ], [ 101032.001299999654293, 103669.356399999931455, 0.0 ], [ 101032.184299999848008, 103670.339500000700355, 0.0 ], [ 101032.367200000211596, 103671.322599999606609, 0.0 ], [ 101032.550099999643862, 103672.305800000205636, 0.0 ], [ 101032.732900000177324, 103673.288899999111891, 0.0 ], [ 101032.915599999949336, 103674.272099999710917, 0.0 ], [ 101033.098299999721348, 103675.255200000479817, 0.0 ], [ 101033.281000000424683, 103676.238399999216199, 0.0 ], [ 101033.463499999605119, 103677.221599999815226, 0.0 ], [ 101033.645999999716878, 103678.204800000414252, 0.0 ], [ 101033.8284, 103679.187999999150634, 0.0 ], [ 101034.010800000280142, 103680.171299999579787, 0.0 ], [ 101034.193099999800324, 103681.154500000178814, 0.0 ], [ 101034.375300000421703, 103682.137800000607967, 0.0 ], [ 101040.098899999633431, 103713.262399999424815, 0.0 ], [ 101040.278500000014901, 103714.246200000867248, 0.0 ], [ 101040.457899999804795, 103715.230000000447035, 0.0 ], [ 101040.637299999594688, 103716.213800000026822, 0.0 ], [ 101040.816599999554455, 103717.197599999606609, 0.0 ], [ 101040.995799999684095, 103718.181399999186397, 0.0 ], [ 101041.174999999813735, 103719.165200000628829, 0.0 ], [ 101041.354000000283122, 103720.149000000208616, 0.0 ], [ 101041.533099999651313, 103721.132799999788404, 0.0 ], [ 101041.712000000290573, 103722.116699999198318, 0.0 ], [ 101041.8909, 103723.100600000470877, 0.0 ], [ 101042.069799999706447, 103724.084400000050664, 0.0 ], [ 101042.248599999584258, 103725.068299999460578, 0.0 ], [ 101042.427400000393391, 103726.052200000733137, 0.0 ], [ 101042.606100000441074, 103727.036100000143051, 0.0 ], [ 101042.784699999727309, 103728.019999999552965, 0.0 ], [ 101042.963299999944866, 103729.003900000825524, 0.0 ], [ 101043.141900000162423, 103729.987800000235438, 0.0 ], [ 101043.32050000037998, 103730.971799999475479, 0.0 ], [ 101043.498999999836087, 103731.955700000748038, 0.0 ], [ 101043.677500000223517, 103732.939600000157952, 0.0 ], [ 101043.855899999849498, 103733.923599999397993, 0.0 ], [ 101044.034400000236928, 103734.907500000670552, 0.0 ], [ 101044.212799999862909, 103735.891499999910593, 0.0 ], [ 101044.391200000420213, 103736.875399999320507, 0.0 ], [ 101044.569600000046194, 103737.859400000423193, 0.0 ], [ 101044.747899999842048, 103738.843399999663234, 0.0 ], [ 101044.926300000399351, 103739.827299999073148, 0.0 ], [ 101045.104600000195205, 103740.811300000175834, 0.0 ], [ 101045.2829, 103741.795299999415874, 0.0 ], [ 101045.46129999961704, 103742.77930000051856, 0.0 ], [ 101085.230000000447035, 103962.204500000923872, 0.0 ], [ 101085.435800000093877, 103963.339900000020862, 0.0 ], [ 101085.64159999974072, 103964.475299999117851, 0.0 ], [ 101085.847299999557436, 103965.610600000247359, 0.0 ], [ 101086.053100000135601, 103966.745999999344349, 0.0 ], [ 101086.258799999952316, 103967.881300000473857, 0.0 ], [ 101086.464499999769032, 103969.016699999570847, 0.0 ], [ 101086.670199999585748, 103970.152100000530481, 0.0 ], [ 101086.875900000333786, 103971.287399999797344, 0.0 ], [ 101087.081600000150502, 103972.422800000756979, 0.0 ], [ 101087.287200000137091, 103973.558199999853969, 0.0 ], [ 101087.49280000012368, 103974.693499999120831, 0.0 ], [ 101087.698400000110269, 103975.828900000080466, 0.0 ], [ 101087.903900000266731, 103976.964299999177456, 0.0 ], [ 101088.109400000423193, 103978.099700000137091, 0.0 ], [ 101088.314799999818206, 103979.23509999923408, 0.0 ], [ 101088.520200000144541, 103980.370500000193715, 0.0 ], [ 101088.725599999539554, 103981.505899999290705, 0.0 ], [ 101088.930800000205636, 103982.641400000080466, 0.0 ], [ 101089.136099999770522, 103983.776799999177456, 0.0 ], [ 101089.341199999675155, 103984.912299999967217, 0.0 ], [ 101089.546400000341237, 103986.047700000926852, 0.0 ], [ 101089.751400000415742, 103987.183199999853969, 0.0 ], [ 101089.956399999558926, 103988.31870000064373, 0.0 ], [ 101090.161299999803305, 103989.454199999570847, 0.0 ], [ 101090.366100000217557, 103990.589700000360608, 0.0 ], [ 101090.570899999700487, 103991.725299999117851, 0.0 ], [ 101096.469399999827147, 104024.642300000414252, 0.0 ], [ 101096.671699999831617, 104025.778400000184774, 0.0 ], [ 101096.8739, 104026.914300000295043, 0.0 ], [ 101097.076000000350177, 104028.050300000235438, 0.0 ], [ 101097.278099999763072, 104029.1864, 0.0 ], [ 101097.480100000277162, 104030.322399999946356, 0.0 ], [ 101097.682000000029802, 104031.458399999886751, 0.0 ], [ 101097.883899999782443, 104032.594499999657273, 0.0 ], [ 101098.085699999704957, 104033.730499999597669, 0.0 ], [ 101098.287399999797344, 104034.866599999368191, 0.0 ], [ 101098.489099999889731, 104036.002699999138713, 0.0 ], [ 101098.690799999982119, 104037.138699999079108, 0.0 ], [ 101098.892400000244379, 104038.274800000712276, 0.0 ], [ 101099.09389999974519, 104039.410900000482798, 0.0 ], [ 101099.295400000177324, 104040.54700000025332, 0.0 ], [ 101099.496899999678135, 104041.683199999853969, 0.0 ], [ 101099.698400000110269, 104042.819299999624491, 0.0 ], [ 101099.899799999780953, 104043.955399999395013, 0.0 ], [ 101100.10120000038296, 104045.091499999165535, 0.0 ], [ 101100.302500000223517, 104046.227700000628829, 0.0 ], [ 101100.503800000064075, 104047.363800000399351, 0.0 ], [ 101100.705199999734759, 104048.5, 0.0 ], [ 101100.906499999575317, 104049.636099999770522, 0.0 ], [ 101101.107699999585748, 104050.772299999371171, 0.0 ], [ 101101.309000000357628, 104051.908399999141693, 0.0 ], [ 101101.510300000198185, 104053.044600000604987, 0.0 ], [ 101101.711600000038743, 104054.180800000205636, 0.0 ], [ 101129.675099999643862, 104212.034800000488758, 0.0 ], [ 101129.876400000415742, 104213.171000000089407, 0.0 ], [ 101130.0777000002563, 104214.307199999690056, 0.0 ], [ 101130.278900000266731, 104215.443299999460578, 0.0 ], [ 101130.480200000107288, 104216.579500000923872, 0.0 ], [ 101130.681499999947846, 104217.715600000694394, 0.0 ], [ 101130.882799999788404, 104218.851800000295043, 0.0 ], [ 101131.08420000039041, 104219.987900000065565, 0.0 ], [ 101131.285500000230968, 104221.123999999836087, 0.0 ], [ 101131.486899999901652, 104222.260199999436736, 0.0 ], [ 101131.688299999572337, 104223.396299999207258, 0.0 ], [ 101131.8898, 104224.532400000840425, 0.0 ], [ 101132.091199999675155, 104225.668500000610948, 0.0 ], [ 101132.292700000107288, 104226.80460000038147, 0.0 ], [ 101132.494300000369549, 104227.940700000151992, 0.0 ], [ 101132.695899999700487, 104229.076799999922514, 0.0 ], [ 101132.897499999962747, 104230.212899999693036, 0.0 ], [ 101133.099200000055134, 104231.348999999463558, 0.0 ], [ 101133.300999999977648, 104232.48509999923408, 0.0 ], [ 101133.502799999900162, 104233.621099999174476, 0.0 ], [ 101133.704699999652803, 104234.757200000807643, 0.0 ], [ 101133.906600000336766, 104235.893200000748038, 0.0 ], [ 101134.108599999919534, 104237.029200000688434, 0.0 ], [ 101134.310600000433624, 104238.165200000628829, 0.0 ], [ 101134.512799999676645, 104239.301200000569224, 0.0 ], [ 101134.714999999850988, 104240.43720000050962, 0.0 ], [ 101134.917299999855459, 104241.573200000450015, 0.0 ], [ 101140.911000000312924, 104275.018200000748038, 0.0 ], [ 101141.115799999795854, 104276.153799999505281, 0.0 ], [ 101141.320700000040233, 104277.289300000295043, 0.0 ], [ 101141.525600000284612, 104278.424799999222159, 0.0 ], [ 101141.730600000359118, 104279.560300000011921, 0.0 ], [ 101141.935700000263751, 104280.695699999108911, 0.0 ], [ 101142.140800000168383, 104281.831199999898672, 0.0 ], [ 101142.345999999903142, 104282.966600000858307, 0.0 ], [ 101142.551300000399351, 104284.102099999785423, 0.0 ], [ 101142.756599999964237, 104285.237500000745058, 0.0 ], [ 101142.962000000290573, 104286.372899999842048, 0.0 ], [ 101143.167399999685585, 104287.508300000801682, 0.0 ], [ 101143.372899999842048, 104288.643699999898672, 0.0 ], [ 101143.5784, 104289.779100000858307, 0.0 ], [ 101143.783999999985099, 104290.914499999955297, 0.0 ], [ 101143.989599999971688, 104292.049900000914931, 0.0 ], [ 101144.195199999958277, 104293.185200000181794, 0.0 ], [ 101144.400899999774992, 104294.320599999278784, 0.0 ], [ 101144.606599999591708, 104295.456000000238419, 0.0 ], [ 101144.812300000339746, 104296.591299999505281, 0.0 ], [ 101145.018099999986589, 104297.726700000464916, 0.0 ], [ 101145.223799999803305, 104298.861999999731779, 0.0 ], [ 101145.42960000038147, 104299.997400000691414, 0.0 ], [ 101145.635400000028312, 104301.132699999958277, 0.0 ], [ 101145.841199999675155, 104302.26799999922514, 0.0 ], [ 101146.04700000025332, 104303.403400000184774, 0.0 ], [ 101146.252799999900162, 104304.538799999281764, 0.0 ], [ 101166.451799999922514, 104415.965800000354648, 0.0 ], [ 101166.58559999987483, 104416.703900000080466, 0.0 ], [ 101166.7193, 104417.441800000146031, 0.0 ], [ 101166.853099999949336, 104418.179800000041723, 0.0 ], [ 101166.986899999901652, 104418.917799999937415, 0.0 ], [ 101167.120600000023842, 104419.655799999833107, 0.0 ], [ 101167.254399999976158, 104420.393699999898672, 0.0 ], [ 101167.388100000098348, 104421.131699999794364, 0.0 ], [ 101167.521800000220537, 104421.869699999690056, 0.0 ], [ 101167.655500000342727, 104422.607699999585748, 0.0 ], [ 101167.789200000464916, 104423.34569999948144, 0.0 ], [ 101167.922899999655783, 104424.083699999377131, 0.0 ], [ 101168.056499999947846, 104424.821599999442697, 0.0 ], [ 101168.190100000239909, 104425.559599999338388, 0.0 ], [ 101168.323699999600649, 104426.29759999923408, 0.0 ], [ 101168.457299999892712, 104427.035700000822544, 0.0 ], [ 101168.590800000354648, 104427.773700000718236, 0.0 ], [ 101168.724299999885261, 104428.511700000613928, 0.0 ], [ 101168.857800000347197, 104429.24970000050962, 0.0 ], [ 101168.99129999987781, 104429.987700000405312, 0.0 ], [ 101169.124699999578297, 104430.72580000013113, 0.0 ], [ 101169.25800000037998, 104431.463800000026822, 0.0 ], [ 101169.39130000025034, 104432.201899999752641, 0.0 ], [ 101169.524600000120699, 104432.939899999648333, 0.0 ], [ 101169.657800000160933, 104433.677999999374151, 0.0 ], [ 101169.791000000201166, 104434.41609999909997, 0.0 ], [ 101169.924200000241399, 104435.154200000688434, 0.0 ], [ 101170.057199999690056, 104435.892300000414252, 0.0 ], [ 101170.190299999900162, 104436.630400000140071, 0.0 ], [ 101170.323200000450015, 104437.36849999986589, 0.0 ], [ 101170.456199999898672, 104438.106599999591708, 0.0 ], [ 101170.588999999687076, 104438.844799999147654, 0.0 ], [ 101170.721800000406802, 104439.582900000736117, 0.0 ], [ 101170.854500000365078, 104440.321100000292063, 0.0 ], [ 101170.987200000323355, 104441.059200000017881, 0.0 ], [ 101171.119800000451505, 104441.797399999573827, 0.0 ], [ 101171.252299999818206, 104442.535599999129772, 0.0 ], [ 101171.384800000116229, 104443.273800000548363, 0.0 ], [ 101171.517199999652803, 104444.012000000104308, 0.0 ], [ 101171.649500000290573, 104444.75029999949038, 0.0 ], [ 101171.781700000166893, 104445.488600000739098, 0.0 ], [ 101178.306099999696016, 104482.497300000861287, 0.0 ], [ 101178.434299999848008, 104483.236300000920892, 0.0 ], [ 101178.562400000169873, 104483.975199999287724, 0.0 ], [ 101178.690499999560416, 104484.714199999347329, 0.0 ], [ 101178.818400000222027, 104485.453199999406934, 0.0 ], [ 101178.946299999952316, 104486.192199999466538, 0.0 ], [ 101179.074099999852479, 104486.93129999935627, 0.0 ], [ 101179.201899999752641, 104487.670299999415874, 0.0 ], [ 101179.329599999822676, 104488.409399999305606, 0.0 ], [ 101179.457200000062585, 104489.148399999365211, 0.0 ], [ 101179.584800000302494, 104489.887499999254942, 0.0 ], [ 101179.712299999780953, 104490.626599999144673, 0.0 ], [ 101179.839700000360608, 104491.365599999204278, 0.0 ], [ 101179.9671, 104492.104699999094009, 0.0 ], [ 101180.094499999657273, 104492.843900000676513, 0.0 ], [ 101180.221800000406802, 104493.583000000566244, 0.0 ], [ 101180.349000000394881, 104494.322100000455976, 0.0 ], [ 101180.47620000038296, 104495.061200000345707, 0.0 ], [ 101180.60329999960959, 104495.800400000065565, 0.0 ], [ 101180.730399999767542, 104496.539499999955297, 0.0 ], [ 101180.857499999925494, 104497.278699999675155, 0.0 ], [ 101180.98450000025332, 104498.017799999564886, 0.0 ], [ 101181.111499999649823, 104498.756999999284744, 0.0 ], [ 101181.238499999977648, 104499.496200000867248, 0.0 ], [ 101181.365399999544024, 104500.235400000587106, 0.0 ], [ 101181.492300000041723, 104500.974600000306964, 0.0 ], [ 101181.619099999777973, 104501.713700000196695, 0.0 ], [ 101181.745900000445545, 104502.452899999916553, 0.0 ], [ 101181.872700000181794, 104503.192099999636412, 0.0 ], [ 101181.999499999918044, 104503.93129999935627, 0.0 ], [ 101182.126299999654293, 104504.6706000007689, 0.0 ], [ 101182.252999999560416, 104505.409800000488758, 0.0 ], [ 101182.379700000397861, 104506.149000000208616, 0.0 ], [ 101182.506400000303984, 104506.888199999928474, 0.0 ], [ 101182.633100000210106, 104507.627399999648333, 0.0 ], [ 101182.759800000116229, 104508.366599999368191, 0.0 ], [ 101182.886400000192225, 104509.105900000780821, 0.0 ], [ 101183.013100000098348, 104509.845100000500679, 0.0 ], [ 101183.1398, 104510.584300000220537, 0.0 ], [ 101183.266400000080466, 104511.323499999940395, 0.0 ], [ 101183.393099999986589, 104512.06279999949038, 0.0 ], [ 101197.861800000071526, 104596.517200000584126, 0.0 ], [ 101197.998800000175834, 104597.316400000825524, 0.0 ], [ 101198.135700000450015, 104598.115599999204278, 0.0 ], [ 101198.272599999792874, 104598.914799999445677, 0.0 ], [ 101198.409500000067055, 104599.713899999856949, 0.0 ], [ 101198.546500000171363, 104600.513100000098348, 0.0 ], [ 101198.683400000445545, 104601.31220000050962, 0.0 ], [ 101198.82039999961853, 104602.111400000751019, 0.0 ], [ 101198.957299999892712, 104602.910599999129772, 0.0 ], [ 101199.0943, 104603.709699999541044, 0.0 ], [ 101199.231399999931455, 104604.508899999782443, 0.0 ], [ 101199.368400000035763, 104605.308000000193715, 0.0 ], [ 101199.505400000140071, 104606.107100000604987, 0.0 ], [ 101199.642500000074506, 104606.906300000846386, 0.0 ], [ 101199.7796, 104607.705399999395013, 0.0 ], [ 101199.916799999773502, 104608.504499999806285, 0.0 ], [ 101200.053999999538064, 104609.303600000217557, 0.0 ], [ 101200.191200000233948, 104610.102800000458956, 0.0 ], [ 101200.3284, 104610.901900000870228, 0.0 ], [ 101200.465699999593198, 104611.700999999418855, 0.0 ], [ 101200.603000000119209, 104612.500099999830127, 0.0 ], [ 101200.740399999544024, 104613.299100000411272, 0.0 ], [ 101200.877799999900162, 104614.098200000822544, 0.0 ], [ 101201.015300000086427, 104614.897299999371171, 0.0 ], [ 101201.152800000272691, 104615.696399999782443, 0.0 ], [ 101201.290400000289083, 104616.495400000363588, 0.0 ], [ 101201.428000000305474, 104617.29450000077486, 0.0 ], [ 101201.565700000151992, 104618.093499999493361, 0.0 ], [ 101201.7034, 104618.892500000074506, 0.0 ], [ 101201.841199999675155, 104619.691500000655651, 0.0 ], [ 101201.979100000113249, 104620.490499999374151, 0.0 ], [ 101202.11699999962002, 104621.289499999955297, 0.0 ], [ 101202.254999999888241, 104622.088500000536442, 0.0 ], [ 101202.393099999986589, 104622.887499999254942, 0.0 ], [ 101202.531299999915063, 104623.6864, 0.0 ], [ 101202.669499999843538, 104624.485300000756979, 0.0 ], [ 101202.807799999602139, 104625.284299999475479, 0.0 ], [ 101202.946100000292063, 104626.083200000226498, 0.0 ], [ 101209.294200000353158, 104662.231100000441074, 0.0 ], [ 101209.4364, 104663.029400000348687, 0.0 ], [ 101209.578599999658763, 104663.827600000426173, 0.0 ], [ 101209.720800000242889, 104664.625900000333786, 0.0 ], [ 101209.863199999555945, 104665.424100000411272, 0.0 ], [ 101210.005599999800324, 104666.222300000488758, 0.0 ], [ 101210.14809999987483, 104667.020500000566244, 0.0 ], [ 101210.290599999949336, 104667.818600000813603, 0.0 ], [ 101210.433299999684095, 104668.616800000891089, 0.0 ], [ 101210.575899999588728, 104669.41499999910593, 0.0 ], [ 101210.718700000084937, 104670.21309999935329, 0.0 ], [ 101210.861499999649823, 104671.011199999600649, 0.0 ], [ 101211.004399999976158, 104671.809399999678135, 0.0 ], [ 101211.147300000302494, 104672.607499999925494, 0.0 ], [ 101211.290199999697506, 104673.405600000172853, 0.0 ], [ 101211.433299999684095, 104674.203700000420213, 0.0 ], [ 101211.576299999840558, 104675.001800000667572, 0.0 ], [ 101211.719399999827147, 104675.799799999222159, 0.0 ], [ 101211.862599999643862, 104676.597899999469519, 0.0 ], [ 101212.005800000391901, 104677.395999999716878, 0.0 ], [ 101212.149000000208616, 104678.19400000013411, 0.0 ], [ 101212.292299999855459, 104678.99210000038147, 0.0 ], [ 101212.435600000433624, 104679.790100000798702, 0.0 ], [ 101212.578999999910593, 104680.588199999183416, 0.0 ], [ 101212.722299999557436, 104681.386199999600649, 0.0 ], [ 101212.865699999965727, 104682.184200000017881, 0.0 ], [ 101213.009200000204146, 104682.982200000435114, 0.0 ], [ 101213.152599999681115, 104683.780300000682473, 0.0 ], [ 101213.296099999919534, 104684.578299999237061, 0.0 ], [ 101213.439600000157952, 104685.376299999654293, 0.0 ], [ 101213.583100000396371, 104686.174300000071526, 0.0 ], [ 101213.726599999703467, 104686.972300000488758, 0.0 ], [ 101213.870099999941885, 104687.770300000905991, 0.0 ], [ 101214.013700000010431, 104688.568299999460578, 0.0 ], [ 101214.157300000078976, 104689.36629999987781, 0.0 ], [ 101214.300800000317395, 104690.164300000295043, 0.0 ], [ 101214.44440000038594, 104690.962300000712276, 0.0 ], [ 101214.588000000454485, 104691.760299999266863, 0.0 ], [ 101237.267, 104817.814200000837445, 0.0 ], [ 101237.418800000101328, 104818.6579, 0.0 ], [ 101237.570600000210106, 104819.501499999314547, 0.0 ], [ 101237.722400000318885, 104820.345100000500679, 0.0 ], [ 101237.874099999666214, 104821.188699999824166, 0.0 ], [ 101238.025899999774992, 104822.032299999147654, 0.0 ], [ 101238.177600000053644, 104822.875900000333786, 0.0 ], [ 101238.329300000332296, 104823.719499999657273, 0.0 ], [ 101238.480999999679625, 104824.563100000843406, 0.0 ], [ 101238.632699999958277, 104825.406700000166893, 0.0 ], [ 101238.784400000236928, 104826.25029999949038, 0.0 ], [ 101238.936099999584258, 104827.093900000676513, 0.0 ], [ 101239.087700000032783, 104827.9375, 0.0 ], [ 101239.239299999549985, 104828.781199999153614, 0.0 ], [ 101239.390800000168383, 104829.624800000339746, 0.0 ], [ 101239.542399999685585, 104830.468399999663234, 0.0 ], [ 101239.693900000303984, 104831.312100000679493, 0.0 ], [ 101239.845300000160933, 104832.1557, 0.0 ], [ 101239.996799999848008, 104832.999399999156594, 0.0 ], [ 101240.148199999704957, 104833.843100000172853, 0.0 ], [ 101240.299499999731779, 104834.686699999496341, 0.0 ], [ 101240.450799999758601, 104835.5304000005126, 0.0 ], [ 101240.601999999955297, 104836.374099999666214, 0.0 ], [ 101240.753200000151992, 104837.217800000682473, 0.0 ], [ 101240.904400000348687, 104838.061499999836087, 0.0 ], [ 101241.055499999783933, 104838.905200000852346, 0.0 ], [ 101241.206500000320375, 104839.748999999836087, 0.0 ], [ 101241.357499999925494, 104840.592700000852346, 0.0 ], [ 101241.508399999700487, 104841.4364, 0.0 ], [ 101241.659199999645352, 104842.280200000852346, 0.0 ], [ 101241.809999999590218, 104843.123999999836087, 0.0 ], [ 101241.960699999704957, 104843.967800000682473, 0.0 ], [ 101242.111299999989569, 104844.811599999666214, 0.0 ], [ 101242.261900000274181, 104845.6554000005126, 0.0 ], [ 101242.412399999797344, 104846.499199999496341, 0.0 ], [ 101242.562800000421703, 104847.343100000172853, 0.0 ], [ 101248.745400000363588, 104882.440700000151992, 0.0 ], [ 101248.892400000244379, 104883.285199999809265, 0.0 ], [ 101249.039300000295043, 104884.129599999636412, 0.0 ], [ 101249.186099999584258, 104884.974099999293685, 0.0 ], [ 101249.332899999804795, 104885.818600000813603, 0.0 ], [ 101249.479500000365078, 104886.663100000470877, 0.0 ], [ 101249.626199999824166, 104887.50760000012815, 0.0 ], [ 101249.772699999623001, 104888.352099999785423, 0.0 ], [ 101249.919200000353158, 104889.196599999442697, 0.0 ], [ 101250.065600000321865, 104890.041200000792742, 0.0 ], [ 101250.212000000290573, 104890.885700000450015, 0.0 ], [ 101250.358300000429153, 104891.730299999937415, 0.0 ], [ 101250.504599999636412, 104892.574899999424815, 0.0 ], [ 101250.650799999944866, 104893.41950000077486, 0.0 ], [ 101250.796900000423193, 104894.264000000432134, 0.0 ], [ 101250.942999999970198, 104895.108599999919534, 0.0 ], [ 101251.089100000448525, 104895.953199999406934, 0.0 ], [ 101251.235100000165403, 104896.797900000587106, 0.0 ], [ 101251.381099999882281, 104897.642500000074506, 0.0 ], [ 101251.526999999769032, 104898.487099999561906, 0.0 ], [ 101251.672899999655783, 104899.331700000911951, 0.0 ], [ 101251.818699999712408, 104900.176400000229478, 0.0 ], [ 101251.964599999599159, 104901.020999999716878, 0.0 ], [ 101252.110399999655783, 104901.86570000089705, 0.0 ], [ 101252.256099999882281, 104902.71030000038445, 0.0 ], [ 101252.401899999938905, 104903.554999999701977, 0.0 ], [ 101252.547600000165403, 104904.399599999189377, 0.0 ], [ 101252.693300000391901, 104905.244300000369549, 0.0 ], [ 101252.838999999687076, 104906.088999999687076, 0.0 ], [ 101252.984699999913573, 104906.933599999174476, 0.0 ], [ 101253.130300000309944, 104907.778300000354648, 0.0 ], [ 101253.275999999605119, 104908.622999999672174, 0.0 ], [ 101253.4216, 104909.467700000852346, 0.0 ], [ 101253.567200000397861, 104910.312300000339746, 0.0 ], [ 101253.712899999693036, 104911.156999999657273, 0.0 ], [ 101253.858500000089407, 104912.001800000667572, 0.0 ], [ 101291.967699999921024, 105133.057800000533462, 0.0 ], [ 101292.113300000317395, 105133.902499999850988, 0.0 ], [ 101292.258899999782443, 105134.747199999168515, 0.0 ], [ 101292.4046, 105135.591900000348687, 0.0 ], [ 101292.550200000405312, 105136.436499999836087, 0.0 ], [ 101292.69579999987036, 105137.281199999153614, 0.0 ], [ 101292.841500000096858, 105138.125900000333786, 0.0 ], [ 101292.987200000323355, 105138.970599999651313, 0.0 ], [ 101293.132799999788404, 105139.815199999138713, 0.0 ], [ 101293.278500000014901, 105140.659900000318885, 0.0 ], [ 101293.424300000071526, 105141.504599999636412, 0.0 ], [ 101293.570000000298023, 105142.349199999123812, 0.0 ], [ 101293.715800000354648, 105143.193900000303984, 0.0 ], [ 101293.861600000411272, 105144.038499999791384, 0.0 ], [ 101294.007399999536574, 105144.883199999108911, 0.0 ], [ 101294.153300000354648, 105145.727800000458956, 0.0 ], [ 101294.299200000241399, 105146.572399999946356, 0.0 ], [ 101294.44510000012815, 105147.417099999263883, 0.0 ], [ 101294.591099999845028, 105148.261700000613928, 0.0 ], [ 101294.737099999561906, 105149.106300000101328, 0.0 ], [ 101294.883100000210106, 105149.950899999588728, 0.0 ], [ 101295.029199999757111, 105150.795499999076128, 0.0 ], [ 101295.175400000065565, 105151.640100000426173, 0.0 ], [ 101295.321600000374019, 105152.484699999913573, 0.0 ], [ 101295.467899999581277, 105153.329199999570847, 0.0 ], [ 101295.614199999719858, 105154.173800000920892, 0.0 ], [ 101295.760499999858439, 105155.018300000578165, 0.0 ], [ 101295.906999999657273, 105155.862900000065565, 0.0 ], [ 101296.053399999625981, 105156.707399999722838, 0.0 ], [ 101296.200000000186265, 105157.551899999380112, 0.0 ], [ 101296.346599999815226, 105158.39640000090003, 0.0 ], [ 101296.493300000205636, 105159.240900000557303, 0.0 ], [ 101296.640100000426173, 105160.085400000214577, 0.0 ], [ 101296.786899999715388, 105160.92989999987185, 0.0 ], [ 101296.933799999766052, 105161.774299999698997, 0.0 ], [ 101297.080799999646842, 105162.61879999935627, 0.0 ], [ 101302.913200000301003, 105195.749800000339746, 0.0 ], [ 101303.063400000333786, 105196.593699999153614, 0.0 ], [ 101303.213700000196695, 105197.437599999830127, 0.0 ], [ 101303.364099999889731, 105198.281400000676513, 0.0 ], [ 101303.514499999582767, 105199.12529999949038, 0.0 ], [ 101303.665000000037253, 105199.969100000336766, 0.0 ], [ 101303.815600000321865, 105200.812899999320507, 0.0 ], [ 101303.966300000436604, 105201.656700000166893, 0.0 ], [ 101304.11699999962002, 105202.500499999150634, 0.0 ], [ 101304.267799999564886, 105203.3443, 0.0 ], [ 101304.418600000441074, 105204.187999999150634, 0.0 ], [ 101304.569500000216067, 105205.0318, 0.0 ], [ 101304.720499999821186, 105205.875499999150634, 0.0 ], [ 101304.871500000357628, 105206.719200000166893, 0.0 ], [ 101305.022499999962747, 105207.562999999150634, 0.0 ], [ 101305.173600000329316, 105208.406700000166893, 0.0 ], [ 101305.324799999594688, 105209.250399999320507, 0.0 ], [ 101305.475999999791384, 105210.094100000336766, 0.0 ], [ 101305.627199999988079, 105210.93779999949038, 0.0 ], [ 101305.778500000014901, 105211.781500000506639, 0.0 ], [ 101305.929800000041723, 105212.625199999660254, 0.0 ], [ 101306.081199999898672, 105213.468800000846386, 0.0 ], [ 101306.232499999925494, 105214.3125, 0.0 ], [ 101306.38399999961257, 105215.156199999153614, 0.0 ], [ 101306.535400000400841, 105215.999800000339746, 0.0 ], [ 101306.686900000087917, 105216.843499999493361, 0.0 ], [ 101306.838299999944866, 105217.687100000679493, 0.0 ], [ 101306.989799999631941, 105218.530799999833107, 0.0 ], [ 101307.141400000080466, 105219.374399999156594, 0.0 ], [ 101307.292899999767542, 105220.218000000342727, 0.0 ], [ 101307.444500000216067, 105221.061699999496341, 0.0 ], [ 101307.595999999903142, 105221.905300000682473, 0.0 ], [ 101307.747600000351667, 105222.7489, 0.0 ], [ 101307.89919999986887, 105223.592599999159575, 0.0 ], [ 101308.050800000317395, 105224.436200000345707, 0.0 ], [ 101308.202399999834597, 105225.279899999499321, 0.0 ], [ 101322.342400000430644, 105303.972899999469519, 0.0 ], [ 101322.519299999810755, 105304.957200000062585, 0.0 ], [ 101322.69620000012219, 105305.941400000825524, 0.0 ], [ 101322.872999999672174, 105306.925699999555945, 0.0 ], [ 101323.049899999983609, 105307.909900000318885, 0.0 ], [ 101323.226800000295043, 105308.894099999219179, 0.0 ], [ 101323.403699999675155, 105309.878399999812245, 0.0 ], [ 101323.580599999986589, 105310.862600000575185, 0.0 ], [ 101323.757500000298023, 105311.846799999475479, 0.0 ], [ 101323.934500000439584, 105312.831000000238419, 0.0 ], [ 101324.111399999819696, 105313.815199999138713, 0.0 ], [ 101324.288399999961257, 105314.799399999901652, 0.0 ], [ 101324.465499999932945, 105315.783600000664592, 0.0 ], [ 101324.642500000074506, 105316.767799999564886, 0.0 ], [ 101324.81969999987632, 105317.752000000327826, 0.0 ], [ 101324.996799999848008, 105318.73619999922812, 0.0 ], [ 101325.173999999649823, 105319.7204, 0.0 ], [ 101325.35120000038296, 105320.704600000753999, 0.0 ], [ 101325.528500000014901, 105321.688699999824166, 0.0 ], [ 101325.705799999646842, 105322.672900000587106, 0.0 ], [ 101325.883200000040233, 105323.656999999657273, 0.0 ], [ 101326.060600000433624, 105324.641100000590086, 0.0 ], [ 101326.238099999725819, 105325.625199999660254, 0.0 ], [ 101326.415599999949336, 105326.609400000423193, 0.0 ], [ 101326.5932, 105327.593499999493361, 0.0 ], [ 101326.770899999886751, 105328.577500000596046, 0.0 ], [ 101326.948699999600649, 105329.561599999666214, 0.0 ], [ 101327.126500000245869, 105330.545700000599027, 0.0 ], [ 101327.304399999789894, 105331.529699999839067, 0.0 ], [ 101327.482300000265241, 105332.51380000077188, 0.0 ], [ 101327.660400000400841, 105333.497800000011921, 0.0 ], [ 101335.128700000233948, 105374.360700000077486, 0.0 ], [ 101335.310200000181794, 105375.344100000336766, 0.0 ], [ 101335.491799999959767, 105376.327500000596046, 0.0 ], [ 101335.673499999567866, 105377.310799999162555, 0.0 ], [ 101335.855299999937415, 105378.294199999421835, 0.0 ], [ 101336.037100000306964, 105379.277499999850988, 0.0 ], [ 101336.218999999575317, 105380.260800000280142, 0.0 ], [ 101336.400999999605119, 105381.244100000709295, 0.0 ], [ 101336.582999999634922, 105382.227399999275804, 0.0 ], [ 101336.765100000426173, 105383.210699999704957, 0.0 ], [ 101336.947200000286102, 105384.193900000303984, 0.0 ], [ 101337.129399999976158, 105385.177200000733137, 0.0 ], [ 101337.311700000427663, 105386.160399999469519, 0.0 ], [ 101337.493999999947846, 105387.143699999898672, 0.0 ], [ 101337.676300000399351, 105388.126900000497699, 0.0 ], [ 101337.85869999974966, 105389.11009999923408, 0.0 ], [ 101338.041100000031292, 105390.093399999663234, 0.0 ], [ 101338.223600000143051, 105391.07660000026226, 0.0 ], [ 101338.40610000025481, 105392.059800000861287, 0.0 ], [ 101338.588600000366569, 105393.042999999597669, 0.0 ], [ 101338.771200000308454, 105394.026200000196695, 0.0 ], [ 101338.95380000025034, 105395.00929999910295, 0.0 ], [ 101339.136400000192225, 105395.992499999701977, 0.0 ], [ 101339.319099999964237, 105396.975700000301003, 0.0 ], [ 101339.501699999906123, 105397.95890000090003, 0.0 ], [ 101339.684399999678135, 105398.941999999806285, 0.0 ], [ 101339.86710000038147, 105399.925200000405312, 0.0 ], [ 101340.049800000153482, 105400.908399999141693, 0.0 ], [ 101340.232499999925494, 105401.891499999910593, 0.0 ], [ 101340.415199999697506, 105402.87470000050962, 0.0 ], [ 101340.597900000400841, 105403.857899999246001, 0.0 ], [ 101347.947700000368059, 105443.4054000005126, 0.0 ], [ 101348.104299999773502, 105444.248099999502301, 0.0 ], [ 101348.260999999940395, 105445.090800000354648, 0.0 ], [ 101348.417600000277162, 105445.933599999174476, 0.0 ], [ 101348.574199999682605, 105446.776300000026822, 0.0 ], [ 101348.730800000019372, 105447.619000000879169, 0.0 ], [ 101348.887299999594688, 105448.46169999986887, 0.0 ], [ 101349.043899999931455, 105449.304400000721216, 0.0 ], [ 101349.200500000268221, 105450.147099999710917, 0.0 ], [ 101349.356999999843538, 105450.989900000393391, 0.0 ], [ 101349.513500000350177, 105451.832599999383092, 0.0 ], [ 101349.669999999925494, 105452.675300000235438, 0.0 ], [ 101349.826500000432134, 105453.518100000917912, 0.0 ], [ 101349.982900000177324, 105454.360799999907613, 0.0 ], [ 101350.139299999922514, 105455.203600000590086, 0.0 ], [ 101350.295699999667704, 105456.046299999579787, 0.0 ], [ 101350.451999999582767, 105456.88910000026226, 0.0 ], [ 101350.608300000429153, 105457.731799999251962, 0.0 ], [ 101350.764600000344217, 105458.574599999934435, 0.0 ], [ 101350.920800000429153, 105459.417400000616908, 0.0 ], [ 101351.076999999582767, 105460.260199999436736, 0.0 ], [ 101351.233099999837577, 105461.103000000119209, 0.0 ], [ 101351.389200000092387, 105461.945800000801682, 0.0 ], [ 101351.545199999585748, 105462.788599999621511, 0.0 ], [ 101351.701200000010431, 105463.63150000013411, 0.0 ], [ 101351.857099999673665, 105464.474300000816584, 0.0 ], [ 101352.013000000268221, 105465.317099999636412, 0.0 ], [ 101352.168800000101328, 105466.160000000149012, 0.0 ], [ 101352.324599999934435, 105467.002900000661612, 0.0 ], [ 101352.480299999937415, 105467.845799999311566, 0.0 ], [ 101352.635900000110269, 105468.6886, 0.0 ], [ 101352.791400000452995, 105469.531600000336766, 0.0 ], [ 101352.946899999864399, 105470.374500000849366, 0.0 ], [ 101353.102300000376999, 105471.217399999499321, 0.0 ], [ 101353.25760000012815, 105472.060399999842048, 0.0 ], [ 101353.412899999879301, 105472.903400000184774, 0.0 ], [ 101360.160899999551475, 105509.988700000569224, 0.0 ], [ 101360.312599999830127, 105510.832399999722838, 0.0 ], [ 101360.464100000448525, 105511.676000000908971, 0.0 ], [ 101360.615600000135601, 105512.519700000062585, 0.0 ], [ 101360.767, 105513.363399999216199, 0.0 ], [ 101360.918399999849498, 105514.207000000402331, 0.0 ], [ 101361.069600000046194, 105515.050699999555945, 0.0 ], [ 101361.220800000242889, 105515.894400000572205, 0.0 ], [ 101361.372000000439584, 105516.738099999725819, 0.0 ], [ 101361.52309999987483, 105517.581800000742078, 0.0 ], [ 101361.674100000411272, 105518.425599999725819, 0.0 ], [ 101361.825000000186265, 105519.269300000742078, 0.0 ], [ 101361.975999999791384, 105520.113099999725819, 0.0 ], [ 101362.126799999736249, 105520.956800000742078, 0.0 ], [ 101362.277599999681115, 105521.800599999725819, 0.0 ], [ 101362.428399999625981, 105522.644400000572205, 0.0 ], [ 101362.57909999974072, 105523.488199999555945, 0.0 ], [ 101362.729700000025332, 105524.332000000402331, 0.0 ], [ 101362.880400000140071, 105525.175799999386072, 0.0 ], [ 101363.030899999663234, 105526.019600000232458, 0.0 ], [ 101363.181499999947846, 105526.863399999216199, 0.0 ], [ 101363.332000000402331, 105527.707200000062585, 0.0 ], [ 101363.482499999925494, 105528.551000000908971, 0.0 ], [ 101363.63289999961853, 105529.394899999722838, 0.0 ], [ 101363.783400000073016, 105530.238700000569224, 0.0 ], [ 101363.933799999766052, 105531.082499999552965, 0.0 ], [ 101364.084099999628961, 105531.926400000229478, 0.0 ], [ 101364.23450000025332, 105532.770199999213219, 0.0 ], [ 101364.384800000116229, 105533.614099999889731, 0.0 ], [ 101364.535199999809265, 105534.457900000736117, 0.0 ], [ 101364.685499999672174, 105535.301799999549985, 0.0 ], [ 101364.835799999535084, 105536.145700000226498, 0.0 ], [ 101364.985999999567866, 105536.989499999210238, 0.0 ], [ 101365.136300000362098, 105537.833399999886751, 0.0 ], [ 101365.286600000225008, 105538.677300000563264, 0.0 ], [ 101365.436900000087917, 105539.521199999377131, 0.0 ], [ 101430.778099999763072, 105906.448799999430776, 0.0 ], [ 101430.889999999664724, 105907.077299999073148, 0.0 ], [ 101431.001899999566376, 105907.705700000748038, 0.0 ], [ 101431.113800000399351, 105908.334100000560284, 0.0 ], [ 101431.225700000301003, 105908.962500000372529, 0.0 ], [ 101431.337700000032783, 105909.590900000184774, 0.0 ], [ 101431.449599999934435, 105910.2193, 0.0 ], [ 101431.561499999836087, 105910.847699999809265, 0.0 ], [ 101431.673499999567866, 105911.476099999621511, 0.0 ], [ 101431.785500000230968, 105912.104499999433756, 0.0 ], [ 101431.89740000013262, 105912.732899999246001, 0.0 ], [ 101432.009399999864399, 105913.361300000920892, 0.0 ], [ 101432.121500000357628, 105913.989700000733137, 0.0 ], [ 101432.233500000089407, 105914.618100000545382, 0.0 ], [ 101432.345599999651313, 105915.246400000527501, 0.0 ], [ 101432.457600000314415, 105915.874800000339746, 0.0 ], [ 101432.569799999706447, 105916.503200000151992, 0.0 ], [ 101432.681900000199676, 105917.131599999964237, 0.0 ], [ 101432.794099999591708, 105917.759899999946356, 0.0 ], [ 101432.906299999915063, 105918.388299999758601, 0.0 ], [ 101433.018500000238419, 105919.01659999974072, 0.0 ], [ 101433.130800000391901, 105919.644999999552965, 0.0 ], [ 101433.242999999783933, 105920.273299999535084, 0.0 ], [ 101433.355399999767542, 105920.901699999347329, 0.0 ], [ 101433.467799999751151, 105921.529999999329448, 0.0 ], [ 101433.580199999734759, 105922.158299999311566, 0.0 ], [ 101433.692599999718368, 105922.786599999293685, 0.0 ], [ 101433.805100000463426, 105923.414899999275804, 0.0 ], [ 101433.917700000107288, 105924.043199999257922, 0.0 ], [ 101434.030299999751151, 105924.671499999240041, 0.0 ], [ 101434.142900000326335, 105925.299799999222159, 0.0 ], [ 101434.255599999800324, 105925.927999999374151, 0.0 ], [ 101434.368400000035763, 105926.55629999935627, 0.0 ], [ 101434.481200000271201, 105927.184499999508262, 0.0 ], [ 101434.594100000336766, 105927.81279999949038, 0.0 ], [ 101434.707000000402331, 105928.440999999642372, 0.0 ], [ 101434.820000000298023, 105929.069199999794364, 0.0 ], [ 101434.933000000193715, 105929.697399999946356, 0.0 ], [ 101435.046099999919534, 105930.325600000098348, 0.0 ], [ 101435.159300000406802, 105930.95380000025034, 0.0 ], [ 101435.272499999962747, 105931.582000000402331, 0.0 ], [ 101435.385800000280142, 105932.210100000724196, 0.0 ], [ 101435.499200000427663, 105932.838300000876188, 0.0 ], [ 101435.612599999643862, 105933.466399999335408, 0.0 ], [ 101435.72620000038296, 105934.094499999657273, 0.0 ], [ 101435.839800000190735, 105934.722699999809265, 0.0 ], [ 101435.9534, 105935.350700000301003, 0.0 ], [ 101436.067200000397861, 105935.978900000452995, 0.0 ], [ 101446.172100000083447, 105990.056199999526143, 0.0 ], [ 101446.292899999767542, 105990.683000000193715, 0.0 ], [ 101446.41370000038296, 105991.309800000861287, 0.0 ], [ 101446.534599999897182, 105991.936499999836087, 0.0 ], [ 101446.655500000342727, 105992.563200000673532, 0.0 ], [ 101446.776600000448525, 105993.189999999478459, 0.0 ], [ 101446.897699999623001, 105993.816700000315905, 0.0 ], [ 101447.018899999558926, 105994.443299999460578, 0.0 ], [ 101447.140100000426173, 105995.070000000298023, 0.0 ], [ 101447.261400000192225, 105995.696699999272823, 0.0 ], [ 101447.382799999788404, 105996.323300000280142, 0.0 ], [ 101447.504200000315905, 105996.949999999254942, 0.0 ], [ 101447.62569999974221, 105997.57660000026226, 0.0 ], [ 101447.747299999929965, 105998.203199999406934, 0.0 ], [ 101447.868900000117719, 105998.829800000414252, 0.0 ], [ 101447.990600000135601, 105999.456399999558926, 0.0 ], [ 101448.112300000153482, 106000.083000000566244, 0.0 ], [ 101448.2341, 106000.709499999880791, 0.0 ], [ 101448.355899999849498, 106001.336100000888109, 0.0 ], [ 101448.477800000458956, 106001.962700000032783, 0.0 ], [ 101448.599700000137091, 106002.589199999347329, 0.0 ], [ 101448.721699999645352, 106003.215700000524521, 0.0 ], [ 101448.843700000084937, 106003.842299999669194, 0.0 ], [ 101448.965800000354648, 106004.468800000846386, 0.0 ], [ 101449.087899999693036, 106005.095300000160933, 0.0 ], [ 101449.209999999962747, 106005.721799999475479, 0.0 ], [ 101449.332200000062585, 106006.348300000652671, 0.0 ], [ 101449.454400000162423, 106006.974799999967217, 0.0 ], [ 101449.576700000092387, 106007.601199999451637, 0.0 ], [ 101449.699000000022352, 106008.227700000628829, 0.0 ], [ 101449.821299999952316, 106008.854199999943376, 0.0 ], [ 101449.943599999882281, 106009.480599999427795, 0.0 ], [ 101450.065999999642372, 106010.107100000604987, 0.0 ], [ 101450.188400000333786, 106010.733599999919534, 0.0 ], [ 101450.310800000093877, 106011.359999999403954, 0.0 ], [ 101450.433199999853969, 106011.986400000751019, 0.0 ], [ 101450.555700000375509, 106012.612900000065565, 0.0 ], [ 101450.678199999965727, 106013.239299999549985, 0.0 ], [ 101450.800699999555945, 106013.86570000089705, 0.0 ], [ 101450.923200000077486, 106014.492200000211596, 0.0 ], [ 101451.045699999667704, 106015.118599999696016, 0.0 ], [ 101451.168200000189245, 106015.744999999180436, 0.0 ], [ 101451.29079999960959, 106016.371400000527501, 0.0 ], [ 101451.413399999961257, 106016.997899999842048, 0.0 ], [ 101451.535899999551475, 106017.624299999326468, 0.0 ], [ 101451.658499999903142, 106018.250700000673532, 0.0 ], [ 101451.78110000025481, 106018.877100000157952, 0.0 ], [ 101451.903599999845028, 106019.503599999472499, 0.0 ], [ 101486.012299999594688, 106193.817700000479817, 0.0 ], [ 101486.113400000147521, 106194.334300000220537, 0.0 ], [ 101486.214399999938905, 106194.85080000013113, 0.0 ], [ 101486.315499999560416, 106195.367300000041723, 0.0 ], [ 101486.416699999943376, 106195.883799999952316, 0.0 ], [ 101486.517799999564886, 106196.400299999862909, 0.0 ], [ 101486.618999999947846, 106196.916799999773502, 0.0 ], [ 101486.720200000330806, 106197.433299999684095, 0.0 ], [ 101486.82149999961257, 106197.949799999594688, 0.0 ], [ 101486.922899999655783, 106198.466199999675155, 0.0 ], [ 101487.024299999698997, 106198.982699999585748, 0.0 ], [ 101487.125900000333786, 106199.499099999666214, 0.0 ], [ 101487.227500000037253, 106200.01549999974668, 0.0 ], [ 101487.329199999570847, 106200.531899999827147, 0.0 ], [ 101487.43099999986589, 106201.048299999907613, 0.0 ], [ 101487.5329, 106201.564699999988079, 0.0 ], [ 101487.634999999776483, 106202.081000000238419, 0.0 ], [ 101487.737200000323355, 106202.597300000488758, 0.0 ], [ 101487.839499999769032, 106203.113600000739098, 0.0 ], [ 101487.941999999806285, 106203.629799999296665, 0.0 ], [ 101488.044599999673665, 106204.145999999716878, 0.0 ], [ 101488.14740000013262, 106204.662200000137091, 0.0 ], [ 101488.250300000421703, 106205.178300000727177, 0.0 ], [ 101488.353500000201166, 106205.694399999454618, 0.0 ], [ 101488.456799999810755, 106206.210500000044703, 0.0 ], [ 101488.560300000011921, 106206.726600000634789, 0.0 ], [ 101488.66399999987334, 106207.242499999701977, 0.0 ], [ 101488.768000000156462, 106207.758500000461936, 0.0 ], [ 101488.872100000269711, 106208.274399999529123, 0.0 ], [ 101488.97649999987334, 106208.790300000458956, 0.0 ], [ 101489.081100000068545, 106209.306099999696016, 0.0 ], [ 101489.185999999754131, 106209.82179999910295, 0.0 ], [ 101489.291100000031292, 106210.337500000372529, 0.0 ], [ 101489.396499999798834, 106210.853199999779463, 0.0 ], [ 101489.502199999988079, 106211.36879999935627, 0.0 ], [ 101489.608099999837577, 106211.88429999910295, 0.0 ], [ 101489.714300000108778, 106212.399800000712276, 0.0 ], [ 101489.82079999987036, 106212.915300000458956, 0.0 ], [ 101489.927600000053644, 106213.430600000545382, 0.0 ], [ 101490.034799999557436, 106213.945900000631809, 0.0 ], [ 101490.142199999652803, 106214.461100000888109, 0.0 ], [ 101490.25, 106214.976299999281764, 0.0 ], [ 101490.358099999837577, 106215.491399999707937, 0.0 ], [ 101490.466500000096858, 106216.006400000303984, 0.0 ], [ 101490.575299999676645, 106216.52140000090003, 0.0 ], [ 101490.684500000439584, 106217.036199999973178, 0.0 ], [ 101490.793999999761581, 106217.551000000908971, 0.0 ], [ 101490.903900000266731, 106218.065799999982119, 0.0 ], [ 101491.01410000026226, 106218.580399999395013, 0.0 ], [ 101491.124800000339746, 106219.094900000840425, 0.0 ], [ 101491.23589999973774, 106219.609400000423193, 0.0 ], [ 101491.347400000318885, 106220.123800000175834, 0.0 ], [ 101491.45920000039041, 106220.638100000098348, 0.0 ], [ 101491.571600000374019, 106221.152200000360608, 0.0 ], [ 101491.684299999848008, 106221.666300000622869, 0.0 ], [ 101491.797500000335276, 106222.180299999192357, 0.0 ], [ 101491.911100000143051, 106222.694199999794364, 0.0 ], [ 101492.025200000032783, 106223.208000000566244, 0.0 ], [ 101492.139700000174344, 106223.721699999645352, 0.0 ], [ 101492.254800000227988, 106224.235300000756979, 0.0 ], [ 101492.370299999602139, 106224.748800000175834, 0.0 ], [ 101492.486299999989569, 106225.262199999764562, 0.0 ], [ 101492.602699999697506, 106225.775499999523163, 0.0 ], [ 101492.719700000248849, 106226.288599999621511, 0.0 ], [ 101492.837199999950826, 106226.801599999889731, 0.0 ], [ 101492.955199999734759, 106227.314500000327826, 0.0 ], [ 101493.073800000362098, 106227.827299999073148, 0.0 ], [ 101493.192900000140071, 106228.339999999850988, 0.0 ], [ 101493.3125, 106228.85249999910593, 0.0 ], [ 101493.432699999772012, 106229.365000000223517, 0.0 ], [ 101493.553399999625981, 106229.877199999988079, 0.0 ], [ 101493.674700000323355, 106230.389399999752641, 0.0 ], [ 101493.7966, 106230.901399999856949, 0.0 ], [ 101493.919099999591708, 106231.41330000013113, 0.0 ], [ 101494.042100000195205, 106231.925000000745058, 0.0 ], [ 101494.16579999960959, 106232.436599999666214, 0.0 ], [ 101494.290000000037253, 106232.948000000789762, 0.0 ], [ 101494.414900000207126, 106233.459300000220537, 0.0 ], [ 101494.540400000289083, 106233.9704, 0.0 ], [ 101494.666500000283122, 106234.481399999931455, 0.0 ], [ 101494.793300000019372, 106234.992200000211596, 0.0 ], [ 101494.920699999667704, 106235.502900000661612, 0.0 ], [ 101495.048799999989569, 106236.013399999588728, 0.0 ], [ 101495.177500000223517, 106236.523700000718236, 0.0 ], [ 101495.306900000199676, 106237.033900000154972, 0.0 ], [ 101495.436999999918044, 106237.543800000101328, 0.0 ], [ 101495.567800000309944, 106238.053700000047684, 0.0 ], [ 101495.699199999682605, 106238.563300000503659, 0.0 ], [ 101495.831399999558926, 106239.072699999436736, 0.0 ], [ 101495.964300000108778, 106239.582000000402331, 0.0 ], [ 101496.097900000400841, 106240.091099999845028, 0.0 ], [ 101496.232200000435114, 106240.599999999627471, 0.0 ], [ 101496.367200000211596, 106241.10869999974966, 0.0 ], [ 101496.502999999560416, 106241.617200000211596, 0.0 ], [ 101496.639600000344217, 106242.125499999150634, 0.0 ], [ 101496.776899999938905, 106242.633600000292063, 0.0 ], [ 101500.36809999961406, 106254.981399999931455, 0.0 ], [ 101504.410600000061095, 106267.188999999314547, 0.0 ], [ 101508.898699999786913, 106279.239800000563264, 0.0 ], [ 101509.091799999587238, 106279.729499999433756, 0.0 ], [ 101509.285600000061095, 106280.218800000846386, 0.0 ], [ 101509.480100000277162, 106280.707800000905991, 0.0 ], [ 101509.675400000065565, 106281.196599999442697, 0.0 ], [ 101509.871299999766052, 106281.685100000351667, 0.0 ], [ 101510.067999999970198, 106282.173299999907613, 0.0 ], [ 101510.265300000086427, 106282.661199999973178, 0.0 ], [ 101510.463299999944866, 106283.148800000548363, 0.0 ], [ 101510.661999999545515, 106283.636199999600649, 0.0 ], [ 101510.861299999989569, 106284.123299999162555, 0.0 ], [ 101511.0614, 106284.61009999923408, 0.0 ], [ 101511.262000000104308, 106285.096699999645352, 0.0 ], [ 101511.463299999944866, 106285.583000000566244, 0.0 ], [ 101511.665199999697506, 106286.06900000013411, 0.0 ], [ 101511.86780000012368, 106286.554800000041723, 0.0 ], [ 101512.070899999700487, 106287.040300000458956, 0.0 ], [ 101512.274699999950826, 106287.52559999935329, 0.0 ], [ 101512.479100000113249, 106288.010600000619888, 0.0 ], [ 101512.684000000357628, 106288.495400000363588, 0.0 ], [ 101512.889600000344217, 106288.979900000616908, 0.0 ], [ 101513.095700000412762, 106289.464199999347329, 0.0 ], [ 101513.302299999631941, 106289.948200000450015, 0.0 ], [ 101513.509600000455976, 106290.432000000029802, 0.0 ], [ 101513.717400000430644, 106290.915599999949336, 0.0 ], [ 101513.925699999555945, 106291.398900000378489, 0.0 ], [ 101514.134600000455976, 106291.881999999284744, 0.0 ], [ 101514.343999999575317, 106292.364900000393391, 0.0 ], [ 101514.553899999707937, 106292.847500000149012, 0.0 ], [ 101514.764299999922514, 106293.329900000244379, 0.0 ], [ 101514.975300000049174, 106293.812100000679493, 0.0 ], [ 101515.186700000427663, 106294.294099999591708, 0.0 ], [ 101515.398599999956787, 106294.775900000706315, 0.0 ], [ 101515.610999999567866, 106295.257400000467896, 0.0 ], [ 101515.823900000192225, 106295.738800000399351, 0.0 ], [ 101516.037200000137091, 106296.219900000840425, 0.0 ], [ 101516.251000000163913, 106296.700799999758601, 0.0 ], [ 101516.465300000272691, 106297.181600000709295, 0.0 ], [ 101516.67989999987185, 106297.662100000306964, 0.0 ], [ 101516.895100000314415, 106298.142500000074506, 0.0 ], [ 101517.110600000247359, 106298.622600000351667, 0.0 ], [ 101517.32660000026226, 106299.102600000798702, 0.0 ], [ 101517.542899999767542, 106299.582399999722838, 0.0 ], [ 101517.759700000286102, 106300.062000000849366, 0.0 ], [ 101517.97690000012517, 106300.541400000452995, 0.0 ], [ 101518.19440000038594, 106301.020600000396371, 0.0 ], [ 101518.412399999797344, 106301.49970000050962, 0.0 ], [ 101518.630699999630451, 106301.97859999909997, 0.0 ], [ 101518.849299999885261, 106302.457399999722838, 0.0 ], [ 101519.068400000222027, 106302.935900000855327, 0.0 ], [ 101519.287700000219047, 106303.414300000295043, 0.0 ], [ 101519.507399999536574, 106303.892599999904633, 0.0 ], [ 101519.727500000037253, 106304.370699999853969, 0.0 ], [ 101519.947900000028312, 106304.848699999973178, 0.0 ], [ 101520.168600000441074, 106305.326500000432134, 0.0 ], [ 101520.389600000344217, 106305.804099999368191, 0.0 ], [ 101520.61089999973774, 106306.281700000166893, 0.0 ], [ 101520.832499999552965, 106306.759099999442697, 0.0 ], [ 101521.054299999959767, 106307.236300000920892, 0.0 ], [ 101521.276499999687076, 106307.713500000536442, 0.0 ], [ 101521.4989, 106308.190500000491738, 0.0 ], [ 101521.721599999815226, 106308.667300000786781, 0.0 ], [ 101521.944600000046194, 106309.144099999219179, 0.0 ], [ 101522.167799999937415, 106309.620699999853969, 0.0 ], [ 101522.39130000025034, 106310.097300000488758, 0.0 ], [ 101522.614900000393391, 106310.573699999600649, 0.0 ], [ 101522.838800000026822, 106311.050000000745058, 0.0 ], [ 101523.063000000081956, 106311.526200000196695, 0.0 ], [ 101523.287299999967217, 106312.002299999818206, 0.0 ], [ 101523.511800000444055, 106312.47829999960959, 0.0 ], [ 101523.736600000411272, 106312.954199999570847, 0.0 ], [ 101523.961500000208616, 106313.430099999532104, 0.0 ], [ 101524.186599999666214, 106313.905799999833107, 0.0 ], [ 101524.411899999715388, 106314.38150000013411, 0.0 ], [ 101524.637299999594688, 106314.857100000604987, 0.0 ], [ 101524.862900000065565, 106315.332599999383092, 0.0 ], [ 101525.088700000196695, 106315.808000000193715, 0.0 ], [ 101525.314600000157952, 106316.283399999141693, 0.0 ], [ 101525.540599999949336, 106316.75870000012219, 0.0 ], [ 101525.766800000332296, 106317.233899999409914, 0.0 ], [ 101525.99309999961406, 106317.709100000560284, 0.0 ], [ 101526.219399999827147, 106318.184299999848008, 0.0 ], [ 101526.445899999700487, 106318.659399999305606, 0.0 ], [ 101526.672500000335276, 106319.134400000795722, 0.0 ], [ 101526.89919999986887, 106319.609400000423193, 0.0 ], [ 101527.126000000163913, 106320.084300000220537, 0.0 ], [ 101527.352800000458956, 106320.559299999848008, 0.0 ], [ 101527.579699999652803, 106321.034199999645352, 0.0 ], [ 101527.806699999608099, 106321.50899999961257, 0.0 ], [ 101528.033699999563396, 106321.983799999579787, 0.0 ], [ 101528.260800000280142, 106322.458699999377131, 0.0 ], [ 101528.487900000065565, 106322.933499999344349, 0.0 ], [ 101528.715099999681115, 106323.40819999948144, 0.0 ], [ 101528.942200000397861, 106323.882999999448657, 0.0 ], [ 101529.169400000013411, 106324.357799999415874, 0.0 ], [ 101529.396599999628961, 106324.832599999383092, 0.0 ], [ 101579.864299999549985, 106430.298000000417233, 0.0 ], [ 101580.000599999912083, 106430.582900000736117, 0.0 ], [ 101580.136900000274181, 106430.867799999192357, 0.0 ], [ 101580.273199999704957, 106431.152599999681115, 0.0 ], [ 101580.409599999897182, 106431.4375, 0.0 ], [ 101580.54590000025928, 106431.722300000488758, 0.0 ], [ 101580.682199999690056, 106432.007200000807643, 0.0 ], [ 101580.818500000052154, 106432.291999999433756, 0.0 ], [ 101580.954900000244379, 106432.576899999752641, 0.0 ], [ 101581.091199999675155, 106432.861700000241399, 0.0 ], [ 101581.227500000037253, 106433.146600000560284, 0.0 ], [ 101581.363900000229478, 106433.431399999186397, 0.0 ], [ 101581.500300000421703, 106433.716199999675155, 0.0 ], [ 101581.636599999852479, 106434.001000000163913, 0.0 ], [ 101581.773000000044703, 106434.285900000482798, 0.0 ], [ 101581.909400000236928, 106434.570699999108911, 0.0 ], [ 101582.04590000025928, 106434.855499999597669, 0.0 ], [ 101582.182300000451505, 106435.140300000086427, 0.0 ], [ 101582.318699999712408, 106435.425100000575185, 0.0 ], [ 101582.455199999734759, 106435.709799999371171, 0.0 ], [ 101582.591599999926984, 106435.994599999859929, 0.0 ], [ 101582.728099999949336, 106436.279400000348687, 0.0 ], [ 101582.864599999971688, 106436.564099999144673, 0.0 ], [ 101583.001199999824166, 106436.848899999633431, 0.0 ], [ 101583.137699999846518, 106437.133600000292063, 0.0 ], [ 101583.274299999698997, 106437.418400000780821, 0.0 ], [ 101583.410899999551475, 106437.703099999576807, 0.0 ], [ 101583.547500000335276, 106437.987800000235438, 0.0 ], [ 101583.684100000187755, 106438.27250000089407, 0.0 ], [ 101583.82079999987036, 106438.557199999690056, 0.0 ], [ 101583.957499999552965, 106438.841900000348687, 0.0 ], [ 101584.094200000166893, 106439.126499999314547, 0.0 ], [ 101584.230899999849498, 106439.411199999973178, 0.0 ], [ 101584.367700000293553, 106439.695800000801682, 0.0 ], [ 101584.504499999806285, 106439.980399999767542, 0.0 ], [ 101584.64130000025034, 106440.265000000596046, 0.0 ], [ 101584.778099999763072, 106440.549599999561906, 0.0 ], [ 101584.915000000037253, 106440.83420000039041, 0.0 ], [ 101585.051900000311434, 106441.11879999935627, 0.0 ], [ 101585.188900000415742, 106441.403300000354648, 0.0 ], [ 101585.325899999588728, 106441.687899999320507, 0.0 ], [ 101585.462899999693036, 106441.972400000318885, 0.0 ], [ 101585.599899999797344, 106442.256899999454618, 0.0 ], [ 101585.736999999731779, 106442.541400000452995, 0.0 ], [ 101585.874099999666214, 106442.825799999758601, 0.0 ], [ 101586.011300000362098, 106443.110300000756979, 0.0 ], [ 101586.14850000012666, 106443.394700000062585, 0.0 ], [ 101586.285699999891222, 106443.679099999368191, 0.0 ], [ 101586.423000000417233, 106443.963500000536442, 0.0 ], [ 101586.560300000011921, 106444.247899999842048, 0.0 ], [ 101586.697700000368059, 106444.532199999317527, 0.0 ], [ 101586.835099999792874, 106444.816500000655651, 0.0 ], [ 101586.972599999979138, 106445.10080000013113, 0.0 ], [ 101587.110100000165403, 106445.385099999606609, 0.0 ], [ 101587.247600000351667, 106445.669399999082088, 0.0 ], [ 101587.385200000368059, 106445.953600000590086, 0.0 ], [ 101587.52280000038445, 106446.237800000235438, 0.0 ], [ 101587.660500000230968, 106446.521999999880791, 0.0 ], [ 101587.798200000077486, 106446.806199999526143, 0.0 ], [ 101587.935999999754131, 106447.090299999341369, 0.0 ], [ 101588.073800000362098, 106447.374500000849366, 0.0 ], [ 101588.21169999986887, 106447.658600000664592, 0.0 ], [ 101588.349700000137091, 106447.942600000649691, 0.0 ], [ 101588.487700000405312, 106448.226700000464916, 0.0 ], [ 101588.62569999974221, 106448.510700000450015, 0.0 ], [ 101588.763799999840558, 106448.794700000435114, 0.0 ], [ 101588.901899999938905, 106449.078700000420213, 0.0 ], [ 101589.040199999697506, 106449.362600000575185, 0.0 ], [ 101589.178399999625981, 106449.646500000730157, 0.0 ], [ 101589.316700000315905, 106449.930400000885129, 0.0 ], [ 101589.455099999904633, 106450.214199999347329, 0.0 ], [ 101589.59360000025481, 106450.498099999502301, 0.0 ], [ 101589.732099999673665, 106450.7818, 0.0 ], [ 101589.870699999853969, 106451.065600000321865, 0.0 ], [ 101590.009300000034273, 106451.349300000816584, 0.0 ], [ 101590.148000000044703, 106451.632999999448657, 0.0 ], [ 101590.286700000055134, 106451.916699999943376, 0.0 ], [ 101590.425599999725819, 106452.200400000438094, 0.0 ], [ 101590.564399999566376, 106452.483999999240041, 0.0 ], [ 101590.7034, 106452.767500000074506, 0.0 ], [ 101590.842400000430644, 106453.051100000739098, 0.0 ], [ 101590.981499999761581, 106453.334599999710917, 0.0 ], [ 101591.120699999853969, 106453.618000000715256, 0.0 ], [ 101591.259899999946356, 106453.901499999687076, 0.0 ], [ 101591.39919999986887, 106454.184900000691414, 0.0 ], [ 101591.538599999621511, 106454.468299999833107, 0.0 ], [ 101591.678000000305474, 106454.751599999144673, 0.0 ], [ 101591.817599999718368, 106455.034900000318885, 0.0 ], [ 101591.957200000062585, 106455.318099999800324, 0.0 ], [ 101592.096800000406802, 106455.601399999111891, 0.0 ], [ 101592.236600000411272, 106455.884500000625849, 0.0 ], [ 101592.376400000415742, 106456.167700000107288, 0.0 ], [ 101592.51630000025034, 106456.450799999758601, 0.0 ], [ 101592.656299999915063, 106456.733899999409914, 0.0 ], [ 101592.796299999579787, 106457.0168999992311, 0.0 ], [ 101592.936499999836087, 106457.299900000914931, 0.0 ], [ 101600.787800000049174, 106472.838300000876188, 0.0 ], [ 101608.884100000374019, 106488.250399999320507, 0.0 ], [ 101609.033200000412762, 106488.528799999505281, 0.0 ], [ 101609.182400000281632, 106488.807099999859929, 0.0 ], [ 101609.331699999980628, 106489.085400000214577, 0.0 ], [ 101609.480999999679625, 106489.363700000569224, 0.0 ], [ 101609.630400000140071, 106489.6418999992311, 0.0 ], [ 101609.779900000430644, 106489.919999999925494, 0.0 ], [ 101609.92949999962002, 106490.198200000450015, 0.0 ], [ 101610.07909999974072, 106490.476199999451637, 0.0 ], [ 101610.228799999691546, 106490.754300000146031, 0.0 ], [ 101610.378600000403821, 106491.032299999147654, 0.0 ], [ 101610.528500000014901, 106491.310200000181794, 0.0 ], [ 101610.678399999625981, 106491.588199999183416, 0.0 ], [ 101610.8284, 106491.866100000217557, 0.0 ], [ 101610.978500000201166, 106492.143899999558926, 0.0 ], [ 101611.128600000403821, 106492.421700000762939, 0.0 ], [ 101611.278800000436604, 106492.699500000104308, 0.0 ], [ 101611.429100000299513, 106492.977299999445677, 0.0 ], [ 101611.579400000162423, 106493.255000000819564, 0.0 ], [ 101611.729799999855459, 106493.532600000500679, 0.0 ], [ 101611.880300000309944, 106493.810300000011921, 0.0 ], [ 101612.030799999833107, 106494.087899999693036, 0.0 ], [ 101612.181400000117719, 106494.365399999544024, 0.0 ], [ 101612.332100000232458, 106494.64299999922514, 0.0 ], [ 101612.482800000347197, 106494.920499999076128, 0.0 ], [ 101612.633500000461936, 106495.198000000789762, 0.0 ], [ 101612.784400000236928, 106495.475400000810623, 0.0 ], [ 101612.935200000181794, 106495.752800000831485, 0.0 ], [ 101613.086199999786913, 106496.030200000852346, 0.0 ], [ 101613.237200000323355, 106496.307499999180436, 0.0 ], [ 101613.388199999928474, 106496.584899999201298, 0.0 ], [ 101613.53940000012517, 106496.862099999561906, 0.0 ], [ 101613.690499999560416, 106497.139399999752641, 0.0 ], [ 101613.841699999757111, 106497.416600000113249, 0.0 ], [ 101613.992999999783933, 106497.693800000473857, 0.0 ], [ 101614.144299999810755, 106497.971000000834465, 0.0 ], [ 101614.295699999667704, 106498.248199999332428, 0.0 ], [ 101614.447100000455976, 106498.525299999862909, 0.0 ], [ 101614.598600000143051, 106498.802400000393391, 0.0 ], [ 101614.750099999830127, 106499.0793999992311, 0.0 ], [ 101614.901600000448525, 106499.356499999761581, 0.0 ], [ 101615.053199999965727, 106499.633500000461936, 0.0 ], [ 101615.204900000244379, 106499.910499999299645, 0.0 ], [ 101615.356599999591708, 106500.187400000169873, 0.0 ], [ 101615.50829999987036, 106500.464400000870228, 0.0 ], [ 101615.660099999979138, 106500.74129999987781, 0.0 ], [ 101615.811900000087917, 106501.018200000748038, 0.0 ], [ 101615.963800000026822, 106501.295099999755621, 0.0 ], [ 101616.115699999965727, 106501.571900000795722, 0.0 ], [ 101616.267699999734759, 106501.848799999803305, 0.0 ], [ 101616.419599999673665, 106502.125600000843406, 0.0 ], [ 101616.571700000204146, 106502.402400000020862, 0.0 ], [ 101616.723699999973178, 106502.679099999368191, 0.0 ], [ 101616.875799999572337, 106502.955900000408292, 0.0 ], [ 101617.027900000102818, 106503.232599999755621, 0.0 ], [ 101617.180100000463426, 106503.50929999910295, 0.0 ], [ 101617.332299999892712, 106503.786000000312924, 0.0 ], [ 101617.48450000025332, 106504.062699999660254, 0.0 ], [ 101617.636800000444055, 106504.339299999177456, 0.0 ], [ 101617.789099999703467, 106504.61600000038743, 0.0 ], [ 101617.941399999894202, 106504.892599999904633, 0.0 ], [ 101618.093799999915063, 106505.169199999421835, 0.0 ], [ 101618.246100000105798, 106505.445800000801682, 0.0 ], [ 101618.39850000012666, 106505.722400000318885, 0.0 ], [ 101618.550999999977648, 106505.9989, 0.0 ], [ 101618.7034, 106506.275499999523163, 0.0 ], [ 101618.855899999849498, 106506.551999999210238, 0.0 ], [ 101619.008399999700487, 106506.828500000759959, 0.0 ], [ 101619.161000000312924, 106507.105000000447035, 0.0 ], [ 101619.313500000163913, 106507.38150000013411, 0.0 ], [ 101619.466099999845028, 106507.657999999821186, 0.0 ], [ 101619.618700000457466, 106507.934499999508262, 0.0 ], [ 101619.771300000138581, 106508.210999999195337, 0.0 ], [ 101619.923999999649823, 106508.487400000914931, 0.0 ], [ 101620.07660000026226, 106508.76380000077188, 0.0 ], [ 101620.229299999773502, 106509.040300000458956, 0.0 ], [ 101620.382000000216067, 106509.316700000315905, 0.0 ], [ 101620.534699999727309, 106509.593100000172853, 0.0 ], [ 101620.687400000169873, 106509.869500000029802, 0.0 ], [ 101620.840099999681115, 106510.145899999886751, 0.0 ], [ 101620.992899999953806, 106510.4222999997437, 0.0 ], [ 101621.145600000396371, 106510.698699999600649, 0.0 ], [ 101621.29839999973774, 106510.974999999627471, 0.0 ], [ 101621.451200000010431, 106511.25139999948442, 0.0 ], [ 101621.604000000283122, 106511.527799999341369, 0.0 ], [ 101621.756799999624491, 106511.804099999368191, 0.0 ], [ 101621.909599999897182, 106512.08049999922514, 0.0 ], [ 101622.062400000169873, 106512.356799999251962, 0.0 ], [ 101622.215200000442564, 106512.633199999108911, 0.0 ], [ 101622.36809999961406, 106512.909499999135733, 0.0 ], [ 101622.520899999886751, 106513.185900000855327, 0.0 ], [ 101622.673799999989569, 106513.462200000882149, 0.0 ], [ 101622.82660000026226, 106513.738500000908971, 0.0 ], [ 101622.979399999603629, 106514.01490000076592, 0.0 ], [ 101623.132299999706447, 106514.291200000792742, 0.0 ], [ 101623.285199999809265, 106514.567600000649691, 0.0 ], [ 101637.805800000205636, 106540.819199999794364, 0.0 ], [ 101638.009700000286102, 106541.187699999660254, 0.0 ], [ 101638.213399999774992, 106541.556199999526143, 0.0 ], [ 101638.417200000025332, 106541.924599999561906, 0.0 ], [ 101638.621000000275671, 106542.293099999427795, 0.0 ], [ 101638.824699999764562, 106542.661599999293685, 0.0 ], [ 101639.028400000184774, 106543.030099999159575, 0.0 ], [ 101639.232099999673665, 106543.398600000888109, 0.0 ], [ 101639.435700000263751, 106543.767100000753999, 0.0 ], [ 101639.639299999922514, 106544.135700000450015, 0.0 ], [ 101639.842799999751151, 106544.504300000146031, 0.0 ], [ 101640.04619999974966, 106544.872999999672174, 0.0 ], [ 101640.24959999974817, 106545.241699999198318, 0.0 ], [ 101640.452800000086427, 106545.610400000587106, 0.0 ], [ 101640.656000000424683, 106545.979199999943376, 0.0 ], [ 101640.859199999831617, 106546.347999999299645, 0.0 ], [ 101641.062199999578297, 106546.716900000348687, 0.0 ], [ 101641.265100000426173, 106547.085799999535084, 0.0 ], [ 101641.467899999581277, 106547.454800000414252, 0.0 ], [ 101641.670599999837577, 106547.823799999430776, 0.0 ], [ 101641.873100000433624, 106548.192999999970198, 0.0 ], [ 101642.075500000268221, 106548.56220000050962, 0.0 ], [ 101642.277800000272691, 106548.931399999186397, 0.0 ], [ 101642.480000000447035, 106549.300799999386072, 0.0 ], [ 101642.682000000029802, 106549.670199999585748, 0.0 ], [ 101642.883799999952316, 106550.039799999445677, 0.0 ], [ 101643.085500000044703, 106550.409399999305606, 0.0 ], [ 101643.286999999545515, 106550.779100000858307, 0.0 ], [ 101643.488300000317395, 106551.148900000378489, 0.0 ], [ 101643.689399999566376, 106551.518799999728799, 0.0 ], [ 101643.890399999916553, 106551.88880000077188, 0.0 ], [ 101644.091099999845028, 106552.258899999782443, 0.0 ], [ 101644.291699999943376, 106552.629100000485778, 0.0 ], [ 101644.49199999962002, 106552.999500000849366, 0.0 ], [ 101644.692099999636412, 106553.369899999350309, 0.0 ], [ 101644.892, 106553.740499999374151, 0.0 ], [ 101645.091699999757111, 106554.11119999922812, 0.0 ], [ 101645.291100000031292, 106554.48200000077486, 0.0 ], [ 101645.490299999713898, 106554.853000000119209, 0.0 ], [ 101645.689299999736249, 106555.223999999463558, 0.0 ], [ 101645.888000000268221, 106555.595300000160933, 0.0 ], [ 101646.086400000378489, 106555.966600000858307, 0.0 ], [ 101646.284500000067055, 106556.338199999183416, 0.0 ], [ 101646.482400000095367, 106556.709799999371171, 0.0 ], [ 101646.679999999701977, 106557.081599999219179, 0.0 ], [ 101646.877299999818206, 106557.453600000590086, 0.0 ], [ 101647.074300000444055, 106557.825699999928474, 0.0 ], [ 101647.270999999716878, 106558.198000000789762, 0.0 ], [ 101647.467400000430644, 106558.57039999961853, 0.0 ], [ 101647.663499999791384, 106558.943099999800324, 0.0 ], [ 101647.859199999831617, 106559.315799999982119, 0.0 ], [ 101648.05460000038147, 106559.688799999654293, 0.0 ], [ 101648.249699999578297, 106560.061899999156594, 0.0 ], [ 101648.44440000038594, 106560.435200000181794, 0.0 ], [ 101648.638799999840558, 106560.808700000867248, 0.0 ], [ 101648.832799999974668, 106561.182399999350309, 0.0 ], [ 101649.026499999687076, 106561.55629999935627, 0.0 ], [ 101649.219800000078976, 106561.930299999192357, 0.0 ], [ 101649.412700000219047, 106562.30460000038147, 0.0 ], [ 101649.605200000107288, 106562.679099999368191, 0.0 ], [ 101649.797399999573827, 106563.053700000047684, 0.0 ], [ 101649.989099999889731, 106563.428600000217557, 0.0 ], [ 101650.180499999783933, 106563.803600000217557, 0.0 ], [ 101650.371399999596179, 106564.178899999707937, 0.0 ], [ 101650.561900000087917, 106564.554400000721216, 0.0 ], [ 101650.752000000327826, 106564.930099999532104, 0.0 ], [ 101650.941599999554455, 106565.30599999986589, 0.0 ], [ 101651.130800000391901, 106565.682199999690056, 0.0 ], [ 101651.319600000046194, 106566.058599999174476, 0.0 ], [ 101651.50789999961853, 106566.435200000181794, 0.0 ], [ 101651.695700000040233, 106566.812000000849366, 0.0 ], [ 101651.883100000210106, 106567.189099999144673, 0.0 ], [ 101652.070000000298023, 106567.566400000825524, 0.0 ], [ 101652.256400000303984, 106567.943900000303984, 0.0 ], [ 101652.442300000227988, 106568.321699999272823, 0.0 ], [ 101652.627700000070035, 106568.699699999764562, 0.0 ], [ 101652.812699999660254, 106569.07799999974668, 0.0 ], [ 101652.997100000269711, 106569.456499999389052, 0.0 ], [ 101653.18099999986589, 106569.835200000554323, 0.0 ], [ 101653.364400000311434, 106570.214299999177456, 0.0 ], [ 101653.547199999913573, 106570.593499999493361, 0.0 ], [ 101653.729500000365078, 106570.973099999129772, 0.0 ], [ 101653.911299999803305, 106571.352900000289083, 0.0 ], [ 101654.09250000026077, 106571.732899999246001, 0.0 ], [ 101654.273199999704957, 106572.113299999386072, 0.0 ], [ 101654.453200000338256, 106572.493899999186397, 0.0 ], [ 101654.632799999788404, 106572.87470000050962, 0.0 ], [ 101654.811700000427663, 106573.255899999290705, 0.0 ], [ 101654.990000000223517, 106573.637299999594688, 0.0 ], [ 101655.167799999937415, 106574.018999999389052, 0.0 ], [ 101655.344899999909103, 106574.400900000706315, 0.0 ], [ 101655.521499999798834, 106574.78319999948144, 0.0 ], [ 101655.697399999946356, 106575.165699999779463, 0.0 ], [ 101655.872700000181794, 106575.548599999397993, 0.0 ], [ 101656.0472999997437, 106575.931700000539422, 0.0 ], [ 101656.221400000154972, 106576.315099999308586, 0.0 ], [ 101661.466099999845028, 106588.782800000160933, 0.0 ], [ 101666.028699999675155, 106601.515799999237061, 0.0 ], [ 101669.896099999547005, 106614.476999999955297, 0.0 ], [ 101670.005199999548495, 106614.88370000012219, 0.0 ], [ 101670.113599999807775, 106615.290599999949336, 0.0 ], [ 101670.221300000324845, 106615.697599999606609, 0.0 ], [ 101670.3284, 106616.104800000786781, 0.0 ], [ 101670.434799999929965, 106616.512199999764562, 0.0 ], [ 101670.540599999949336, 106616.919700000435114, 0.0 ], [ 101670.645700000226498, 106617.327500000596046, 0.0 ], [ 101670.750199999660254, 106617.735300000756979, 0.0 ], [ 101670.854100000113249, 106618.143400000408292, 0.0 ], [ 101670.957299999892712, 106618.551599999889731, 0.0 ], [ 101671.059899999760091, 106618.959899999201298, 0.0 ], [ 101671.161999999545515, 106619.368400000035763, 0.0 ], [ 101671.263399999588728, 106619.777100000530481, 0.0 ], [ 101671.364199999719858, 106620.185900000855327, 0.0 ], [ 101671.464399999938905, 106620.594799999147654, 0.0 ], [ 101671.564100000075996, 106621.003900000825524, 0.0 ], [ 101671.663200000301003, 106621.413200000301003, 0.0 ], [ 101671.761699999682605, 106621.822499999776483, 0.0 ], [ 101671.859600000083447, 106622.23200000077486, 0.0 ], [ 101671.957000000402331, 106622.641699999570847, 0.0 ], [ 101672.053899999707937, 106623.051400000229478, 0.0 ], [ 101672.150200000032783, 106623.461300000548363, 0.0 ], [ 101672.246000000275671, 106623.871300000697374, 0.0 ], [ 101672.341300000436604, 106624.281400000676513, 0.0 ], [ 101672.435999999754131, 106624.691700000315905, 0.0 ], [ 101672.530199999921024, 106625.102099999785423, 0.0 ], [ 101672.623999999836087, 106625.512599999085069, 0.0 ], [ 101672.717199999839067, 106625.923100000247359, 0.0 ], [ 101672.809999999590218, 106626.33390000090003, 0.0 ], [ 101672.902300000190735, 106626.744699999690056, 0.0 ], [ 101672.994099999777973, 106627.155600000172853, 0.0 ], [ 101673.085400000214577, 106627.566600000485778, 0.0 ], [ 101673.176300000399351, 106627.977700000628829, 0.0 ], [ 101673.266699999570847, 106628.389000000432134, 0.0 ], [ 101673.356700000353158, 106628.800300000235438, 0.0 ], [ 101673.44620000012219, 106629.21169999986887, 0.0 ], [ 101673.535299999639392, 106629.623199999332428, 0.0 ], [ 101673.623999999836087, 106630.034800000488758, 0.0 ], [ 101673.712299999780953, 106630.44649999961257, 0.0 ], [ 101673.800099999643862, 106630.858300000429153, 0.0 ], [ 101673.887600000016391, 106631.270199999213219, 0.0 ], [ 101673.974700000137091, 106631.682099999859929, 0.0 ], [ 101674.061300000175834, 106632.094200000166893, 0.0 ], [ 101674.147699999623001, 106632.506300000473857, 0.0 ], [ 101674.233599999919534, 106632.918500000610948, 0.0 ], [ 101674.319099999964237, 106633.330700000748038, 0.0 ], [ 101674.404299999587238, 106633.743100000545382, 0.0 ], [ 101674.489199999719858, 106634.155500000342727, 0.0 ], [ 101674.573699999600649, 106634.567999999970198, 0.0 ], [ 101674.6579, 106634.980499999597669, 0.0 ], [ 101674.74170000012964, 106635.393100000917912, 0.0 ], [ 101674.825199999846518, 106635.805800000205636, 0.0 ], [ 101674.908499999903142, 106636.218599999323487, 0.0 ], [ 101674.991399999707937, 106636.631400000303984, 0.0 ], [ 101675.074000000022352, 106637.044299999251962, 0.0 ], [ 101675.156299999915063, 106637.457200000062585, 0.0 ], [ 101675.238300000317395, 106637.870200000703335, 0.0 ], [ 101675.320000000298023, 106638.28319999948144, 0.0 ], [ 101675.401499999687076, 106638.696299999952316, 0.0 ], [ 101675.482699999585748, 106639.10950000025332, 0.0 ], [ 101675.563699999824166, 106639.522600000724196, 0.0 ], [ 101675.644399999640882, 106639.935900000855327, 0.0 ], [ 101675.724799999967217, 106640.349199999123812, 0.0 ], [ 101675.805100000463426, 106640.762499999254942, 0.0 ], [ 101675.885099999606609, 106641.175899999216199, 0.0 ], [ 101675.964800000190735, 106641.589299999177456, 0.0 ], [ 101676.044400000013411, 106642.002800000831485, 0.0 ], [ 101676.123800000175834, 106642.416300000622869, 0.0 ], [ 101676.202899999916553, 106642.829800000414252, 0.0 ], [ 101676.281899999827147, 106643.243400000035763, 0.0 ], [ 101676.360700000077486, 106643.656999999657273, 0.0 ], [ 101676.439299999736249, 106644.070699999108911, 0.0 ], [ 101676.517699999734759, 106644.484400000423193, 0.0 ], [ 101676.595999999903142, 106644.89809999987483, 0.0 ], [ 101676.674200000241399, 106645.311799999326468, 0.0 ], [ 101676.752100000157952, 106645.725600000470877, 0.0 ], [ 101676.830000000074506, 106646.139399999752641, 0.0 ], [ 101676.907700000330806, 106646.55320000089705, 0.0 ], [ 101676.985299999825656, 106646.967000000178814, 0.0 ], [ 101677.062800000421703, 106647.380899999290705, 0.0 ], [ 101677.140100000426173, 106647.794800000265241, 0.0 ], [ 101677.217400000430644, 106648.208699999377131, 0.0 ], [ 101677.294499999843538, 106648.622600000351667, 0.0 ], [ 101677.371600000187755, 106649.036499999463558, 0.0 ], [ 101677.448599999770522, 106649.450500000268221, 0.0 ], [ 101677.525500000454485, 106649.864499999210238, 0.0 ], [ 101677.602400000207126, 106650.278400000184774, 0.0 ], [ 101677.67920000012964, 106650.692399999126792, 0.0 ], [ 101677.755900000222027, 106651.106399999931455, 0.0 ], [ 101677.832600000314415, 106651.520400000736117, 0.0 ], [ 101677.909300000406802, 106651.934399999678135, 0.0 ], [ 101677.98589999973774, 106652.348500000312924, 0.0 ], [ 101678.0625, 106652.762499999254942, 0.0 ], [ 101678.13910000026226, 106653.176500000059605, 0.0 ], [ 101678.215699999593198, 106653.590600000694394, 0.0 ], [ 101690.222000000067055, 106718.495200000703335, 0.0 ], [ 101690.338100000284612, 106719.122899999842048, 0.0 ], [ 101690.454199999570847, 106719.750600000843406, 0.0 ], [ 101690.570299999788404, 106720.378200000151992, 0.0 ], [ 101690.6864, 106721.005899999290705, 0.0 ], [ 101690.802500000223517, 106721.633500000461936, 0.0 ], [ 101690.918600000441074, 106722.261199999600649, 0.0 ], [ 101691.034599999897182, 106722.88880000077188, 0.0 ], [ 101691.150700000114739, 106723.516499999910593, 0.0 ], [ 101691.266699999570847, 106724.144200000911951, 0.0 ], [ 101691.382799999788404, 106724.771800000220537, 0.0 ], [ 101691.498800000175834, 106725.39949999935925, 0.0 ], [ 101691.614799999631941, 106726.027100000530481, 0.0 ], [ 101691.730700000189245, 106726.654799999669194, 0.0 ], [ 101691.846699999645352, 106727.282500000670552, 0.0 ], [ 101691.962600000202656, 106727.910199999809265, 0.0 ], [ 101692.078499999828637, 106728.537900000810623, 0.0 ], [ 101692.19440000038594, 106729.165599999949336, 0.0 ], [ 101692.310200000181794, 106729.793199999257922, 0.0 ], [ 101692.425999999977648, 106730.42090000025928, 0.0 ], [ 101692.541799999773502, 106731.04869999922812, 0.0 ], [ 101692.657599999569356, 106731.676400000229478, 0.0 ], [ 101692.773299999535084, 106732.304099999368191, 0.0 ], [ 101692.888899999670684, 106732.931800000369549, 0.0 ], [ 101693.004599999636412, 106733.559599999338388, 0.0 ], [ 101693.120199999772012, 106734.187300000339746, 0.0 ], [ 101693.235700000077486, 106734.814999999478459, 0.0 ], [ 101693.35120000038296, 106735.442800000309944, 0.0 ], [ 101693.466699999757111, 106736.070599999278784, 0.0 ], [ 101693.582100000232458, 106736.698300000280142, 0.0 ], [ 101693.697499999776483, 106737.326099999248981, 0.0 ], [ 101693.812800000421703, 106737.953900000080466, 0.0 ], [ 101693.928000000305474, 106738.581700000911951, 0.0 ], [ 101694.043200000189245, 106739.209499999880791, 0.0 ], [ 101694.158400000073016, 106739.837400000542402, 0.0 ], [ 101694.27350000012666, 106740.465199999511242, 0.0 ], [ 101694.388500000350177, 106741.093000000342727, 0.0 ], [ 101694.503499999642372, 106741.720899999141693, 0.0 ], [ 101694.618400000035763, 106742.348799999803305, 0.0 ], [ 101694.733199999667704, 106742.976600000634789, 0.0 ], [ 101694.848000000230968, 106743.604499999433756, 0.0 ], [ 101694.962700000032783, 106744.232400000095367, 0.0 ], [ 101695.0773, 106744.860400000587106, 0.0 ], [ 101695.191899999976158, 106745.488299999386072, 0.0 ], [ 101695.306400000117719, 106746.116200000047684, 0.0 ], [ 101695.420800000429153, 106746.744200000539422, 0.0 ], [ 101695.535099999979138, 106747.372199999168515, 0.0 ], [ 101695.649400000460446, 106748.000199999660254, 0.0 ], [ 101700.563900000415742, 106775.455299999564886, 0.0 ], [ 101700.674599999561906, 106776.084000000730157, 0.0 ], [ 101700.785199999809265, 106776.712600000202656, 0.0 ], [ 101700.895700000226498, 106777.341299999505281, 0.0 ], [ 101701.006199999712408, 106777.969900000840425, 0.0 ], [ 101701.116600000299513, 106778.598600000143051, 0.0 ], [ 101701.22690000012517, 106779.227299999445677, 0.0 ], [ 101701.337100000120699, 106779.856000000610948, 0.0 ], [ 101701.447200000286102, 106780.484699999913573, 0.0 ], [ 101701.557300000451505, 106781.113500000908971, 0.0 ], [ 101701.667399999685585, 106781.742200000211596, 0.0 ], [ 101701.777300000190735, 106782.370999999344349, 0.0 ], [ 101701.887199999764562, 106782.99970000050962, 0.0 ], [ 101701.997100000269711, 106783.628499999642372, 0.0 ], [ 101702.106900000013411, 106784.25730000063777, 0.0 ], [ 101702.216599999926984, 106784.886099999770522, 0.0 ], [ 101702.326299999840558, 106785.51490000076592, 0.0 ], [ 101702.435899999924004, 106786.143699999898672, 0.0 ], [ 101702.5455, 106786.77250000089407, 0.0 ], [ 101702.65500000026077, 106787.401300000026822, 0.0 ], [ 101702.764499999582767, 106788.030200000852346, 0.0 ], [ 101702.8739, 106788.658999999985099, 0.0 ], [ 101702.983300000429153, 106789.287900000810623, 0.0 ], [ 101703.092600000090897, 106789.916699999943376, 0.0 ], [ 101703.201899999752641, 106790.5456000007689, 0.0 ], [ 101703.311200000345707, 106791.174499999731779, 0.0 ], [ 101703.420400000177324, 106791.803300000727177, 0.0 ], [ 101703.5296, 106792.432199999690056, 0.0 ], [ 101703.638799999840558, 106793.06110000051558, 0.0 ], [ 101703.747899999842048, 106793.689999999478459, 0.0 ], [ 101703.856999999843538, 106794.318900000303984, 0.0 ], [ 101703.966000000014901, 106794.947799999266863, 0.0 ], [ 101704.075100000016391, 106795.576799999922514, 0.0 ], [ 101704.184100000187755, 106796.205700000748038, 0.0 ], [ 101704.293100000359118, 106796.834599999710917, 0.0 ], [ 101704.401999999769032, 106797.463500000536442, 0.0 ], [ 101704.510999999940395, 106798.092499999329448, 0.0 ], [ 101704.619900000281632, 106798.721400000154972, 0.0 ], [ 101704.728799999691546, 106799.350299999117851, 0.0 ], [ 101704.837700000032783, 106799.979299999773502, 0.0 ], [ 101704.946600000374019, 106800.608200000599027, 0.0 ], [ 101705.055399999953806, 106801.237099999561906, 0.0 ], [ 101705.164300000295043, 106801.866100000217557, 0.0 ], [ 101705.273199999704957, 106802.494999999180436, 0.0 ], [ 101705.382000000216067, 106803.123999999836087, 0.0 ], [ 101705.490799999795854, 106803.752900000661612, 0.0 ], [ 101705.599700000137091, 106804.381899999454618, 0.0 ], [ 101705.708499999716878, 106805.010900000110269, 0.0 ], [ 101798.386199999600649, 107340.615199999883771, 0.0 ], [ 101798.449000000022352, 107340.97829999960959, 0.0 ], [ 101798.511800000444055, 107341.341299999505281, 0.0 ], [ 101798.574599999934435, 107341.704299999400973, 0.0 ], [ 101798.637400000356138, 107342.067299999296665, 0.0 ], [ 101798.700299999676645, 107342.430400000885129, 0.0 ], [ 101798.763100000098348, 107342.793400000780821, 0.0 ], [ 101798.826000000350177, 107343.156400000676513, 0.0 ], [ 101798.888799999840558, 107343.519400000572205, 0.0 ], [ 101798.951700000092387, 107343.882400000467896, 0.0 ], [ 101799.014600000344217, 107344.245400000363588, 0.0 ], [ 101799.077499999664724, 107344.608500000089407, 0.0 ], [ 101799.140399999916553, 107344.971499999985099, 0.0 ], [ 101799.203300000168383, 107345.334499999880791, 0.0 ], [ 101799.26630000025034, 107345.697499999776483, 0.0 ], [ 101799.329199999570847, 107346.060499999672174, 0.0 ], [ 101799.392199999652803, 107346.423499999567866, 0.0 ], [ 101799.455199999734759, 107346.786499999463558, 0.0 ], [ 101799.518299999646842, 107347.149399999529123, 0.0 ], [ 101799.581399999558926, 107347.512399999424815, 0.0 ], [ 101799.644399999640882, 107347.875399999320507, 0.0 ], [ 101799.707600000314415, 107348.238399999216199, 0.0 ], [ 101799.770700000226498, 107348.601299999281764, 0.0 ], [ 101799.833899999968708, 107348.964299999177456, 0.0 ], [ 101799.897099999710917, 107349.327299999073148, 0.0 ], [ 101799.960400000214577, 107349.690199999138713, 0.0 ], [ 101800.023699999786913, 107350.053099999204278, 0.0 ], [ 101800.087000000290573, 107350.41609999909997, 0.0 ], [ 101800.150399999693036, 107350.778999999165535, 0.0 ], [ 101800.213800000026822, 107351.1418999992311, 0.0 ], [ 101800.277300000190735, 107351.504799999296665, 0.0 ], [ 101800.340800000354648, 107351.86769999936223, 0.0 ], [ 101800.404400000348687, 107352.230599999427795, 0.0 ], [ 101800.468000000342727, 107352.593499999493361, 0.0 ], [ 101800.531600000336766, 107352.956399999558926, 0.0 ], [ 101800.595300000160933, 107353.319299999624491, 0.0 ], [ 101800.658999999985099, 107353.682099999859929, 0.0 ], [ 101800.722799999639392, 107354.044999999925494, 0.0 ], [ 101800.786700000055134, 107354.407800000160933, 0.0 ], [ 101800.850599999539554, 107354.770700000226498, 0.0 ], [ 101800.914599999785423, 107355.133500000461936, 0.0 ], [ 101800.978600000031292, 107355.496300000697374, 0.0 ], [ 101801.042700000107288, 107355.859099999070168, 0.0 ], [ 101801.106900000013411, 107356.221899999305606, 0.0 ], [ 101801.171099999919534, 107356.584699999541044, 0.0 ], [ 101801.235399999655783, 107356.947499999776483, 0.0 ], [ 101801.299700000323355, 107357.310200000181794, 0.0 ], [ 101801.364099999889731, 107357.673000000417233, 0.0 ], [ 101801.428600000217557, 107358.035700000822544, 0.0 ], [ 101801.493200000375509, 107358.398399999365211, 0.0 ], [ 101801.557799999602139, 107358.761099999770522, 0.0 ], [ 101801.622499999590218, 107359.123800000175834, 0.0 ], [ 101801.687300000339746, 107359.486500000581145, 0.0 ], [ 101801.752199999988079, 107359.849199999123812, 0.0 ], [ 101801.817099999636412, 107360.211799999698997, 0.0 ], [ 101801.882100000046194, 107360.574400000274181, 0.0 ], [ 101801.947200000286102, 107360.937100000679493, 0.0 ], [ 101802.012400000356138, 107361.299699999392033, 0.0 ], [ 101802.077600000426173, 107361.662299999967217, 0.0 ], [ 101802.143000000156462, 107362.024800000712276, 0.0 ], [ 101802.208399999886751, 107362.387399999424815, 0.0 ], [ 101802.274000000208616, 107362.75, 0.0 ], [ 101802.339599999599159, 107363.112500000745058, 0.0 ], [ 101802.405299999751151, 107363.474999999627471, 0.0 ], [ 101802.471099999733269, 107363.837500000372529, 0.0 ], [ 101802.536999999545515, 107364.199999999254942, 0.0 ], [ 101802.603000000119209, 107364.562400000169873, 0.0 ], [ 101802.669099999591708, 107364.924900000914931, 0.0 ], [ 101802.7352, 107365.287299999967217, 0.0 ], [ 101802.801500000059605, 107365.649700000882149, 0.0 ], [ 101802.867899999953806, 107366.012099999934435, 0.0 ], [ 101802.934399999678135, 107366.374500000849366, 0.0 ], [ 101803.001000000163913, 107366.736800000071526, 0.0 ], [ 101803.067699999548495, 107367.099199999123812, 0.0 ], [ 101803.134499999694526, 107367.461500000208616, 0.0 ], [ 101803.201500000432134, 107367.823799999430776, 0.0 ], [ 101803.268500000238419, 107368.186000000685453, 0.0 ], [ 101803.335699999704957, 107368.548299999907613, 0.0 ], [ 101803.402900000102818, 107368.910499999299645, 0.0 ], [ 101803.470300000160933, 107369.272700000554323, 0.0 ], [ 101803.537800000049174, 107369.634899999946356, 0.0 ], [ 101803.605399999767542, 107369.997099999338388, 0.0 ], [ 101803.673100000247359, 107370.359200000762939, 0.0 ], [ 101803.74100000038743, 107370.721300000324845, 0.0 ], [ 101803.809000000357628, 107371.083399999886751, 0.0 ], [ 101803.877100000157952, 107371.445499999448657, 0.0 ], [ 101803.945299999788404, 107371.807499999180436, 0.0 ], [ 101804.013600000180304, 107372.169600000604987, 0.0 ], [ 101804.082100000232458, 107372.531600000336766, 0.0 ], [ 101804.150700000114739, 107372.893500000238419, 0.0 ], [ 101804.219499999657273, 107373.255499999970198, 0.0 ], [ 101804.28830000013113, 107373.61739999987185, 0.0 ], [ 101804.357400000095367, 107373.979299999773502, 0.0 ], [ 101804.426500000059605, 107374.341199999675155, 0.0 ], [ 101804.495799999684095, 107374.70299999974668, 0.0 ], [ 101804.565200000070035, 107375.064899999648333, 0.0 ], [ 101808.912999999709427, 107396.380899999290705, 0.0 ], [ 101813.747800000011921, 107417.59180000051856, 0.0 ], [ 101813.833800000138581, 107417.950099999085069, 0.0 ], [ 101813.919999999925494, 107418.308299999684095, 0.0 ], [ 101814.006400000303984, 107418.666400000452995, 0.0 ], [ 101814.092799999751151, 107419.024599999189377, 0.0 ], [ 101814.179399999789894, 107419.382699999958277, 0.0 ], [ 101814.266099999658763, 107419.74070000089705, 0.0 ], [ 101814.353000000119209, 107420.098799999803305, 0.0 ], [ 101814.440000000409782, 107420.456800000742078, 0.0 ], [ 101814.527099999599159, 107420.814799999818206, 0.0 ], [ 101814.614299999549985, 107421.172700000926852, 0.0 ], [ 101814.701700000092387, 107421.530600000172853, 0.0 ], [ 101814.789200000464916, 107421.888499999418855, 0.0 ], [ 101814.876799999736249, 107422.246300000697374, 0.0 ], [ 101814.964499999769032, 107422.604199999943376, 0.0 ], [ 101815.052400000393391, 107422.96199999935925, 0.0 ], [ 101815.140300000086427, 107423.319700000807643, 0.0 ], [ 101815.228400000371039, 107423.677500000223517, 0.0 ], [ 101815.316599999554455, 107424.035199999809265, 0.0 ], [ 101815.404900000430644, 107424.392899999395013, 0.0 ], [ 101815.493300000205636, 107424.750499999150634, 0.0 ], [ 101815.581799999810755, 107425.1081000007689, 0.0 ], [ 101815.6705, 107425.465700000524521, 0.0 ], [ 101815.759200000204146, 107425.823300000280142, 0.0 ], [ 101815.848000000230968, 107426.180900000035763, 0.0 ], [ 101815.936999999918044, 107426.538399999961257, 0.0 ], [ 101816.025999999605119, 107426.895899999886751, 0.0 ], [ 101816.115199999883771, 107427.253399999812245, 0.0 ], [ 101816.204400000162423, 107427.610799999907613, 0.0 ], [ 101816.293800000101328, 107427.9682, 0.0 ], [ 101816.383200000040233, 107428.325600000098348, 0.0 ], [ 101816.472799999639392, 107428.683000000193715, 0.0 ], [ 101816.562400000169873, 107429.040300000458956, 0.0 ], [ 101816.652099999599159, 107429.397700000554323, 0.0 ], [ 101816.741899999789894, 107429.755000000819564, 0.0 ], [ 101816.831799999810755, 107430.112299999222159, 0.0 ], [ 101816.921799999661744, 107430.469499999657273, 0.0 ], [ 101817.011900000274181, 107430.826799999922514, 0.0 ], [ 101817.101999999955297, 107431.184000000357628, 0.0 ], [ 101817.192300000227988, 107431.541200000792742, 0.0 ], [ 101817.282599999569356, 107431.898299999535084, 0.0 ], [ 101817.372999999672174, 107432.255499999970198, 0.0 ], [ 101817.463499999605119, 107432.612600000575185, 0.0 ], [ 101817.554100000299513, 107432.969799999147654, 0.0 ], [ 101817.644700000062585, 107433.326899999752641, 0.0 ], [ 101817.735399999655783, 107433.683900000527501, 0.0 ], [ 101817.826200000010431, 107434.040999999269843, 0.0 ], [ 101817.917000000365078, 107434.398000000044703, 0.0 ], [ 101818.00800000037998, 107434.755100000649691, 0.0 ], [ 101818.099000000394881, 107435.112099999561906, 0.0 ], [ 101818.190000000409782, 107435.469100000336766, 0.0 ], [ 101818.281200000084937, 107435.825999999418855, 0.0 ], [ 101818.372299999929965, 107436.183000000193715, 0.0 ], [ 101818.463600000366569, 107436.539899999275804, 0.0 ], [ 101818.55489999987185, 107436.896800000220537, 0.0 ], [ 101818.646300000138581, 107437.253799999132752, 0.0 ], [ 101818.737700000405312, 107437.610600000247359, 0.0 ], [ 101818.829199999570847, 107437.967499999329448, 0.0 ], [ 101818.920800000429153, 107438.324400000274181, 0.0 ], [ 101819.012400000356138, 107438.681199999526143, 0.0 ], [ 101819.104000000283122, 107439.038100000470877, 0.0 ], [ 101819.195700000040233, 107439.394899999722838, 0.0 ], [ 101819.287499999627471, 107439.751700000837445, 0.0 ], [ 101819.379300000146031, 107440.108500000089407, 0.0 ], [ 101819.471099999733269, 107440.465299999341369, 0.0 ], [ 101819.563000000081956, 107440.822100000455976, 0.0 ], [ 101819.654900000430644, 107441.17879999987781, 0.0 ], [ 101819.746899999678135, 107441.535599999129772, 0.0 ], [ 101819.838899999856949, 107441.892300000414252, 0.0 ], [ 101819.93099999986589, 107442.249099999666214, 0.0 ], [ 101820.02309999987483, 107442.605799999088049, 0.0 ], [ 101820.115199999883771, 107442.962500000372529, 0.0 ], [ 101820.207399999722838, 107443.319199999794364, 0.0 ], [ 101820.299599999561906, 107443.675899999216199, 0.0 ], [ 101820.391800000332296, 107444.032600000500679, 0.0 ], [ 101820.4841, 107444.389299999922514, 0.0 ], [ 101820.576399999670684, 107444.745999999344349, 0.0 ], [ 101820.668700000271201, 107445.102600000798702, 0.0 ], [ 101820.760999999940395, 107445.459300000220537, 0.0 ], [ 101820.853400000371039, 107445.815899999812245, 0.0 ], [ 101820.94579999987036, 107446.17259999923408, 0.0 ], [ 101821.038200000301003, 107446.529200000688434, 0.0 ], [ 101821.130599999800324, 107446.885900000110269, 0.0 ], [ 101821.223100000061095, 107447.242499999701977, 0.0 ], [ 101821.315600000321865, 107447.599099999293685, 0.0 ], [ 101821.408099999651313, 107447.955700000748038, 0.0 ], [ 101821.500599999912083, 107448.312400000169873, 0.0 ], [ 101821.593100000172853, 107448.668999999761581, 0.0 ], [ 101821.685600000433624, 107449.02559999935329, 0.0 ], [ 101821.778099999763072, 107449.382200000807643, 0.0 ], [ 101821.870699999853969, 107449.738800000399351, 0.0 ], [ 101821.963200000114739, 107450.0954, 0.0 ], [ 101822.055800000205636, 107450.451999999582767, 0.0 ], [ 101822.148400000296533, 107450.808599999174476, 0.0 ], [ 101822.240899999625981, 107451.165200000628829, 0.0 ], [ 101822.333499999716878, 107451.521900000050664, 0.0 ], [ 101856.253399999812245, 107582.191099999472499, 0.0 ], [ 101856.359199999831617, 107582.598699999973178, 0.0 ], [ 101856.464999999850988, 107583.00620000064373, 0.0 ], [ 101856.57079999987036, 107583.413799999281764, 0.0 ], [ 101856.676500000059605, 107583.821299999952316, 0.0 ], [ 101856.782300000078976, 107584.228900000452995, 0.0 ], [ 101856.888000000268221, 107584.636399999260902, 0.0 ], [ 101856.993700000457466, 107585.043999999761581, 0.0 ], [ 101857.099299999885261, 107585.45160000026226, 0.0 ], [ 101857.205000000074506, 107585.859200000762939, 0.0 ], [ 101857.310499999672174, 107586.266799999400973, 0.0 ], [ 101857.416100000031292, 107586.674399999901652, 0.0 ], [ 101857.521499999798834, 107587.082000000402331, 0.0 ], [ 101857.626899999566376, 107587.489700000733137, 0.0 ], [ 101857.732300000265241, 107587.897299999371171, 0.0 ], [ 101857.837600000202656, 107588.304999999701977, 0.0 ], [ 101857.942800000309944, 107588.712700000032783, 0.0 ], [ 101858.047899999655783, 107589.120400000363588, 0.0 ], [ 101858.152900000102818, 107589.528100000694394, 0.0 ], [ 101858.25789999961853, 107589.935900000855327, 0.0 ], [ 101858.362800000235438, 107590.343699999153614, 0.0 ], [ 101858.46750000026077, 107590.751499999314547, 0.0 ], [ 101858.572200000286102, 107591.159299999475479, 0.0 ], [ 101858.676799999549985, 107591.567199999466538, 0.0 ], [ 101858.781200000084937, 107591.975099999457598, 0.0 ], [ 101858.885499999858439, 107592.382999999448657, 0.0 ], [ 101858.989699999801815, 107592.790999999269843, 0.0 ], [ 101859.093799999915063, 107593.198899999260902, 0.0 ], [ 101859.197800000198185, 107593.60700000077486, 0.0 ], [ 101859.301599999889731, 107594.015000000596046, 0.0 ], [ 101859.405199999921024, 107594.423100000247359, 0.0 ], [ 101859.50870000012219, 107594.831199999898672, 0.0 ], [ 101859.612099999561906, 107595.239399999380112, 0.0 ], [ 101859.715300000272691, 107595.647600000724196, 0.0 ], [ 101859.818400000222027, 107596.055900000035763, 0.0 ], [ 101859.921299999579787, 107596.464099999517202, 0.0 ], [ 101860.024000000208616, 107596.872500000521541, 0.0 ], [ 101860.126500000245869, 107597.280799999833107, 0.0 ], [ 101860.228900000452995, 107597.689300000667572, 0.0 ], [ 101860.331000000238419, 107598.097699999809265, 0.0 ], [ 101860.433000000193715, 107598.506300000473857, 0.0 ], [ 101860.534799999557436, 107598.914799999445677, 0.0 ], [ 101860.636400000192225, 107599.323400000110269, 0.0 ], [ 101860.737800000235438, 107599.732100000604987, 0.0 ], [ 101860.838899999856949, 107600.140799999237061, 0.0 ], [ 101860.939899999648333, 107600.549599999561906, 0.0 ], [ 101861.040599999949336, 107600.958399999886751, 0.0 ], [ 101861.141099999658763, 107601.367300000041723, 0.0 ], [ 101861.241399999707937, 107601.776200000196695, 0.0 ], [ 101861.341400000266731, 107602.185200000181794, 0.0 ], [ 101861.441200000233948, 107602.5943, 0.0 ], [ 101861.54079999960959, 107603.003399999812245, 0.0 ], [ 101861.640100000426173, 107603.412599999457598, 0.0 ], [ 101861.739099999889731, 107603.82179999910295, 0.0 ], [ 101861.837899999693036, 107604.231100000441074, 0.0 ], [ 101861.936499999836087, 107604.64049999974668, 0.0 ], [ 101862.034699999727309, 107605.049900000914931, 0.0 ], [ 101862.132699999958277, 107605.459400000050664, 0.0 ], [ 101862.230399999767542, 107605.868899999186397, 0.0 ], [ 101862.327800000086427, 107606.278599999845028, 0.0 ], [ 101862.424999999813735, 107606.688300000503659, 0.0 ], [ 101862.521800000220537, 107607.097999999299645, 0.0 ], [ 101862.618300000205636, 107607.50789999961853, 0.0 ], [ 101862.714499999769032, 107607.917799999937415, 0.0 ], [ 101862.810499999672174, 107608.3277000002563, 0.0 ], [ 101862.90610000025481, 107608.737800000235438, 0.0 ], [ 101863.001400000415742, 107609.147900000214577, 0.0 ], [ 101863.096300000324845, 107609.558100000023842, 0.0 ], [ 101863.190999999642372, 107609.968399999663234, 0.0 ], [ 101863.285299999639392, 107610.378799999132752, 0.0 ], [ 101863.379200000315905, 107610.789200000464916, 0.0 ], [ 101863.472799999639392, 107611.199699999764562, 0.0 ], [ 101863.566100000403821, 107611.610300000756979, 0.0 ], [ 101863.658999999985099, 107612.020999999716878, 0.0 ], [ 101863.751600000075996, 107612.431700000539422, 0.0 ], [ 101863.843799999915063, 107612.842599999159575, 0.0 ], [ 101863.935600000433624, 107613.253499999642372, 0.0 ], [ 101864.026999999769032, 107613.664499999955297, 0.0 ], [ 101864.11809999961406, 107614.075600000098348, 0.0 ], [ 101864.208800000138581, 107614.486700000241399, 0.0 ], [ 101864.299100000411272, 107614.898000000044703, 0.0 ], [ 101864.389000000432134, 107615.309299999848008, 0.0 ], [ 101864.478500000201166, 107615.720799999311566, 0.0 ], [ 101864.567599999718368, 107616.13230000063777, 0.0 ], [ 101864.656200000084937, 107616.543899999931455, 0.0 ], [ 101864.744500000029802, 107616.955600000917912, 0.0 ], [ 101864.832399999722838, 107617.36739999987185, 0.0 ], [ 101864.919800000265241, 107617.779200000688434, 0.0 ], [ 101865.006799999624491, 107618.191199999302626, 0.0 ], [ 101865.093399999663234, 107618.60329999960959, 0.0 ], [ 101865.17949999962002, 107619.015399999916553, 0.0 ], [ 101865.2652000002563, 107619.427699999883771, 0.0 ], [ 101865.350399999879301, 107619.839999999850988, 0.0 ], [ 101865.435200000181794, 107620.252399999648333, 0.0 ], [ 101865.519500000402331, 107620.664899999275804, 0.0 ], [ 101865.603400000371039, 107621.077600000426173, 0.0 ], [ 101868.405899999663234, 107636.601299999281764, 0.0 ], [ 101870.544099999591708, 107652.230399999767542, 0.0 ], [ 101870.5921, 107652.648700000718236, 0.0 ], [ 101870.639499999582767, 107653.067099999636412, 0.0 ], [ 101870.686499999836087, 107653.485500000417233, 0.0 ], [ 101870.733099999837577, 107653.903999999165535, 0.0 ], [ 101870.779099999926984, 107654.322499999776483, 0.0 ], [ 101870.824799999594688, 107654.741100000217557, 0.0 ], [ 101870.870000000111759, 107655.159700000658631, 0.0 ], [ 101870.91469999961555, 107655.578400000929832, 0.0 ], [ 101870.958999999798834, 107655.997099999338388, 0.0 ], [ 101871.002899999730289, 107656.41579999960959, 0.0 ], [ 101871.046299999579787, 107656.834599999710917, 0.0 ], [ 101871.089300000108778, 107657.253499999642372, 0.0 ], [ 101871.13190000038594, 107657.672399999573827, 0.0 ], [ 101871.174100000411272, 107658.091299999505281, 0.0 ], [ 101871.215900000184774, 107658.510299999266863, 0.0 ], [ 101871.257299999706447, 107658.929300000891089, 0.0 ], [ 101871.298299999907613, 107659.348400000482798, 0.0 ], [ 101871.338899999856949, 107659.767400000244379, 0.0 ], [ 101871.379099999554455, 107660.186599999666214, 0.0 ], [ 101871.418899999931455, 107660.605699999257922, 0.0 ], [ 101871.458399999886751, 107661.024900000542402, 0.0 ], [ 101871.497499999590218, 107661.444199999794364, 0.0 ], [ 101871.536199999973178, 107661.863399999216199, 0.0 ], [ 101871.574500000104308, 107662.282700000330806, 0.0 ], [ 101871.612499999813735, 107662.702099999412894, 0.0 ], [ 101871.650200000032783, 107663.121400000527501, 0.0 ], [ 101871.6875, 107663.54079999960959, 0.0 ], [ 101871.724399999715388, 107663.96030000038445, 0.0 ], [ 101871.761099999770522, 107664.379699999466538, 0.0 ], [ 101871.7972999997437, 107664.799200000241399, 0.0 ], [ 101871.833300000056624, 107665.218699999153614, 0.0 ], [ 101871.868999999947846, 107665.638299999758601, 0.0 ], [ 101871.904299999587238, 107666.057800000533462, 0.0 ], [ 101871.939299999736249, 107666.477399999275804, 0.0 ], [ 101871.974000000394881, 107666.896999999880791, 0.0 ], [ 101872.008399999700487, 107667.316700000315905, 0.0 ], [ 101872.042500000447035, 107667.736300000920892, 0.0 ], [ 101872.076299999840558, 107668.155999999493361, 0.0 ], [ 101872.109899999573827, 107668.575699999928474, 0.0 ], [ 101872.143099999986589, 107668.995500000193715, 0.0 ], [ 101872.176099999807775, 107669.415200000628829, 0.0 ], [ 101872.208800000138581, 107669.83500000089407, 0.0 ], [ 101872.241200000047684, 107670.254799999296665, 0.0 ], [ 101872.273400000296533, 107670.674599999561906, 0.0 ], [ 101872.30530000012368, 107671.094499999657273, 0.0 ], [ 101872.337000000290573, 107671.514299999922514, 0.0 ], [ 101872.368400000035763, 107671.934200000017881, 0.0 ], [ 101872.399500000290573, 107672.354100000113249, 0.0 ], [ 101872.430499999783933, 107672.774000000208616, 0.0 ], [ 101872.461199999786913, 107673.19400000013411, 0.0 ], [ 101872.49170000012964, 107673.613900000229478, 0.0 ], [ 101872.521900000050664, 107674.033900000154972, 0.0 ], [ 101872.552000000141561, 107674.45380000025034, 0.0 ], [ 101872.581799999810755, 107674.873800000175834, 0.0 ], [ 101872.611399999819696, 107675.293899999931455, 0.0 ], [ 101872.6409, 107675.713899999856949, 0.0 ], [ 101872.670099999755621, 107676.133899999782443, 0.0 ], [ 101872.699099999852479, 107676.553999999538064, 0.0 ], [ 101872.728000000119209, 107676.973999999463558, 0.0 ], [ 101872.756699999794364, 107677.394099999219179, 0.0 ], [ 101872.785199999809265, 107677.814200000837445, 0.0 ], [ 101872.813500000163913, 107678.234300000593066, 0.0 ], [ 101872.841599999926984, 107678.654400000348687, 0.0 ], [ 101872.869599999859929, 107679.074500000104308, 0.0 ], [ 101872.897499999962747, 107679.494599999859929, 0.0 ], [ 101872.925200000405312, 107679.914799999445677, 0.0 ], [ 101872.9527000002563, 107680.334899999201298, 0.0 ], [ 101872.980100000277162, 107680.755100000649691, 0.0 ], [ 101873.007399999536574, 107681.175300000235438, 0.0 ], [ 101873.034500000067055, 107681.5954, 0.0 ], [ 101873.061499999836087, 107682.015599999576807, 0.0 ], [ 101873.088399999774992, 107682.435799999162555, 0.0 ], [ 101873.115199999883771, 107682.856000000610948, 0.0 ], [ 101873.141800000332296, 107683.276200000196695, 0.0 ], [ 101873.168399999849498, 107683.696399999782443, 0.0 ], [ 101873.194899999536574, 107684.116599999368191, 0.0 ], [ 101873.221199999563396, 107684.53690000064671, 0.0 ], [ 101873.247499999590218, 107684.957100000232458, 0.0 ], [ 101873.273699999786913, 107685.377299999818206, 0.0 ], [ 101873.299800000153482, 107685.79759999923408, 0.0 ], [ 101873.325799999758601, 107686.217800000682473, 0.0 ], [ 101873.351800000295043, 107686.638100000098348, 0.0 ], [ 101873.377700000070035, 107687.058299999684095, 0.0 ], [ 101873.403500000014901, 107687.47859999909997, 0.0 ], [ 101873.429299999959767, 107687.898900000378489, 0.0 ], [ 101873.455000000074506, 107688.319099999964237, 0.0 ], [ 101873.480700000189245, 107688.739399999380112, 0.0 ], [ 101873.506299999542534, 107689.159700000658631, 0.0 ], [ 101873.531899999827147, 107689.579900000244379, 0.0 ], [ 101873.557500000111759, 107690.000199999660254, 0.0 ], [ 101873.582999999634922, 107690.420499999076128, 0.0 ], [ 101873.608599999919534, 107690.840800000354648, 0.0 ], [ 101873.634100000374019, 107691.260999999940395, 0.0 ], [ 101873.659599999897182, 107691.68129999935627, 0.0 ], [ 101873.685100000351667, 107692.101600000634789, 0.0 ], [ 101875.804700000211596, 107727.037399999797344, 0.0 ], [ 101875.830199999734759, 107727.457699999213219, 0.0 ], [ 101875.855700000189245, 107727.878000000491738, 0.0 ], [ 101875.881199999712408, 107728.298299999907613, 0.0 ], [ 101875.906700000166893, 107728.718599999323487, 0.0 ], [ 101875.932300000451505, 107729.13880000077188, 0.0 ], [ 101875.957799999974668, 107729.559100000187755, 0.0 ], [ 101875.98340000025928, 107729.979399999603629, 0.0 ], [ 101876.00899999961257, 107730.399700000882149, 0.0 ], [ 101876.034599999897182, 107730.819900000467896, 0.0 ], [ 101876.060200000181794, 107731.240199999883771, 0.0 ], [ 101876.085900000296533, 107731.660499999299645, 0.0 ], [ 101876.111600000411272, 107732.080700000748038, 0.0 ], [ 101876.137299999594688, 107732.501000000163913, 0.0 ], [ 101876.163099999539554, 107732.921299999579787, 0.0 ], [ 101876.188900000415742, 107733.341499999165535, 0.0 ], [ 101876.214800000190735, 107733.761800000444055, 0.0 ], [ 101876.240699999965727, 107734.182000000029802, 0.0 ], [ 101876.266699999570847, 107734.602299999445677, 0.0 ], [ 101876.292700000107288, 107735.02250000089407, 0.0 ], [ 101876.318799999542534, 107735.442800000309944, 0.0 ], [ 101876.34499999973923, 107735.862999999895692, 0.0 ], [ 101876.371199999935925, 107736.28319999948144, 0.0 ], [ 101876.397499999962747, 107736.703500000759959, 0.0 ], [ 101876.423799999989569, 107737.123700000345707, 0.0 ], [ 101876.450299999676645, 107737.543899999931455, 0.0 ], [ 101876.476800000295043, 107737.964099999517202, 0.0 ], [ 101876.503399999812245, 107738.38429999910295, 0.0 ], [ 101876.53000000026077, 107738.80460000038147, 0.0 ], [ 101876.556800000369549, 107739.224799999967217, 0.0 ], [ 101876.583599999547005, 107739.644899999722838, 0.0 ], [ 101876.610600000247359, 107740.065099999308586, 0.0 ], [ 101876.637600000016391, 107740.485300000756979, 0.0 ], [ 101876.664800000376999, 107740.905500000342727, 0.0 ], [ 101876.691999999806285, 107741.325699999928474, 0.0 ], [ 101876.719399999827147, 107741.745799999684095, 0.0 ], [ 101876.746799999848008, 107742.165999999269843, 0.0 ], [ 101876.774400000460446, 107742.586100000888109, 0.0 ], [ 101876.802099999971688, 107743.006300000473857, 0.0 ], [ 101876.829900000244379, 107743.426400000229478, 0.0 ], [ 101876.857800000347197, 107743.846499999985099, 0.0 ], [ 101876.885800000280142, 107744.26659999974072, 0.0 ], [ 101876.91399999987334, 107744.686799999326468, 0.0 ], [ 101876.942300000227988, 107745.106899999082088, 0.0 ], [ 101876.970700000412762, 107745.526900000870228, 0.0 ], [ 101876.99930000025779, 107745.947000000625849, 0.0 ], [ 101877.027999999932945, 107746.36710000038147, 0.0 ], [ 101877.056900000199676, 107746.787200000137091, 0.0 ], [ 101877.085900000296533, 107747.207200000062585, 0.0 ], [ 101877.115000000223517, 107747.627299999818206, 0.0 ], [ 101877.144299999810755, 107748.0472999997437, 0.0 ], [ 101877.173799999989569, 107748.467299999669194, 0.0 ], [ 101877.2034, 107748.887299999594688, 0.0 ], [ 101877.233199999667704, 107749.307299999520183, 0.0 ], [ 101877.263100000098348, 107749.727299999445677, 0.0 ], [ 101877.293200000189245, 107750.147299999371171, 0.0 ], [ 101877.323499999940395, 107750.567199999466538, 0.0 ], [ 101877.353900000452995, 107750.987199999392033, 0.0 ], [ 101877.384600000455976, 107751.4070999994874, 0.0 ], [ 101877.415400000289083, 107751.826999999582767, 0.0 ], [ 101877.446399999782443, 107752.246899999678135, 0.0 ], [ 101877.47759999986738, 107752.666799999773502, 0.0 ], [ 101877.508899999782443, 107753.08669999986887, 0.0 ], [ 101877.540500000119209, 107753.506599999964237, 0.0 ], [ 101877.572200000286102, 107753.926400000229478, 0.0 ], [ 101877.604199999943376, 107754.346300000324845, 0.0 ], [ 101877.636400000192225, 107754.766100000590086, 0.0 ], [ 101877.668700000271201, 107755.185900000855327, 0.0 ], [ 101877.701299999840558, 107755.605699999257922, 0.0 ], [ 101877.7341, 107756.025499999523163, 0.0 ], [ 101877.767, 107756.445199999958277, 0.0 ], [ 101877.800300000235438, 107756.865000000223517, 0.0 ], [ 101877.833700000308454, 107757.284700000658631, 0.0 ], [ 101877.867300000041723, 107757.7043999992311, 0.0 ], [ 101877.901200000196695, 107758.124099999666214, 0.0 ], [ 101877.935300000011921, 107758.543700000271201, 0.0 ], [ 101877.969700000248849, 107758.963400000706315, 0.0 ], [ 101878.004200000315905, 107759.382999999448657, 0.0 ], [ 101878.039099999703467, 107759.802600000053644, 0.0 ], [ 101878.074099999852479, 107760.222200000658631, 0.0 ], [ 101878.109400000423193, 107760.641799999400973, 0.0 ], [ 101878.144999999552965, 107761.061300000175834, 0.0 ], [ 101878.180800000205636, 107761.480900000780821, 0.0 ], [ 101878.216799999587238, 107761.900399999693036, 0.0 ], [ 101878.253100000321865, 107762.319900000467896, 0.0 ], [ 101878.28969999961555, 107762.739299999549985, 0.0 ], [ 101878.326500000432134, 107763.158800000324845, 0.0 ], [ 101878.363699999637902, 107763.578199999406934, 0.0 ], [ 101878.400999999605119, 107763.997600000351667, 0.0 ], [ 101878.438699999824166, 107764.416899999603629, 0.0 ], [ 101878.476599999703467, 107764.836300000548363, 0.0 ], [ 101878.5148, 107765.255599999800324, 0.0 ], [ 101878.553299999795854, 107765.674900000914931, 0.0 ], [ 101878.592000000178814, 107766.094100000336766, 0.0 ], [ 101878.631099999882281, 107766.513399999588728, 0.0 ], [ 101878.670400000177324, 107766.932600000873208, 0.0 ], [ 101880.630400000140071, 107784.850899999961257, 0.0 ], [ 101883.127799999900162, 107802.702299999073148, 0.0 ], [ 101883.192499999888241, 107803.118400000035763, 0.0 ], [ 101883.25760000012815, 107803.534399999305606, 0.0 ], [ 101883.322900000028312, 107803.950400000438094, 0.0 ], [ 101883.388500000350177, 107804.36629999987781, 0.0 ], [ 101883.454400000162423, 107804.7820999994874, 0.0 ], [ 101883.520499999634922, 107805.198000000789762, 0.0 ], [ 101883.586900000460446, 107805.613700000569224, 0.0 ], [ 101883.653599999845028, 107806.029500000178814, 0.0 ], [ 101883.720599999651313, 107806.445199999958277, 0.0 ], [ 101883.787800000049174, 107806.860799999907613, 0.0 ], [ 101883.855299999937415, 107807.276399999856949, 0.0 ], [ 101883.923100000247359, 107807.691999999806285, 0.0 ], [ 101883.991100000217557, 107808.107499999925494, 0.0 ], [ 101884.059299999848008, 107808.523000000044703, 0.0 ], [ 101884.127799999900162, 107808.938400000333786, 0.0 ], [ 101884.19649999961257, 107809.353800000622869, 0.0 ], [ 101884.26549999974668, 107809.769200000911951, 0.0 ], [ 101884.334800000302494, 107810.184499999508262, 0.0 ], [ 101884.404199999757111, 107810.599799999967217, 0.0 ], [ 101884.473899999633431, 107811.015100000426173, 0.0 ], [ 101884.543899999931455, 107811.430299999192357, 0.0 ], [ 101884.614000000059605, 107811.8454, 0.0 ], [ 101884.684399999678135, 107812.260600000619888, 0.0 ], [ 101884.754999999888241, 107812.675599999725819, 0.0 ], [ 101884.825799999758601, 107813.090700000524521, 0.0 ], [ 101884.896800000220537, 107813.505699999630451, 0.0 ], [ 101884.968100000172853, 107813.920700000599027, 0.0 ], [ 101885.039499999955297, 107814.33559999987483, 0.0 ], [ 101885.111200000159442, 107814.750499999150634, 0.0 ], [ 101885.183000000193715, 107815.165400000289083, 0.0 ], [ 101885.255099999718368, 107815.580299999564886, 0.0 ], [ 101885.327399999834597, 107815.995100000873208, 0.0 ], [ 101885.399799999780953, 107816.409800000488758, 0.0 ], [ 101885.472400000318885, 107816.824599999934435, 0.0 ], [ 101885.545300000347197, 107817.239299999549985, 0.0 ], [ 101885.618300000205636, 107817.653999999165535, 0.0 ], [ 101885.691499999724329, 107818.068600000813603, 0.0 ], [ 101885.7648, 107818.483200000599027, 0.0 ], [ 101885.838399999774992, 107818.89780000038445, 0.0 ], [ 101885.912100000306964, 107819.312300000339746, 0.0 ], [ 101885.985999999567866, 107819.72690000012517, 0.0 ], [ 101886.059999999590218, 107820.14130000025034, 0.0 ], [ 101886.134200000204146, 107820.555800000205636, 0.0 ], [ 101886.208599999547005, 107820.970200000330806, 0.0 ], [ 101886.283099999651313, 107821.384600000455976, 0.0 ], [ 101886.357800000347197, 107821.799000000581145, 0.0 ], [ 101886.432599999941885, 107822.213400000706315, 0.0 ], [ 101886.50760000012815, 107822.627699999138713, 0.0 ], [ 101886.582700000144541, 107823.041999999433756, 0.0 ], [ 101886.6579, 107823.456299999728799, 0.0 ], [ 101886.733300000429153, 107823.870500000193715, 0.0 ], [ 101886.808899999596179, 107824.284700000658631, 0.0 ], [ 101886.884499999694526, 107824.698899999260902, 0.0 ], [ 101886.96030000038445, 107825.113099999725819, 0.0 ], [ 101887.036199999973178, 107825.527300000190735, 0.0 ], [ 101887.112300000153482, 107825.941400000825524, 0.0 ], [ 101887.188400000333786, 107826.355499999597669, 0.0 ], [ 101887.264700000174344, 107826.769600000232458, 0.0 ], [ 101887.341099999845028, 107827.183599999174476, 0.0 ], [ 101887.417600000277162, 107827.597699999809265, 0.0 ], [ 101887.494199999608099, 107828.011700000613928, 0.0 ], [ 101887.570899999700487, 107828.425699999555945, 0.0 ], [ 101887.647699999623001, 107828.839700000360608, 0.0 ], [ 101887.724600000306964, 107829.253699999302626, 0.0 ], [ 101887.801599999889731, 107829.667600000277162, 0.0 ], [ 101887.878700000233948, 107830.081599999219179, 0.0 ], [ 101887.955900000408292, 107830.495500000193715, 0.0 ], [ 101888.033200000412762, 107830.909399999305606, 0.0 ], [ 101888.110500000417233, 107831.323300000280142, 0.0 ], [ 101888.18790000025183, 107831.737099999561906, 0.0 ], [ 101888.26549999974668, 107832.151000000536442, 0.0 ], [ 101888.343000000342727, 107832.564799999818206, 0.0 ], [ 101888.420699999667704, 107832.978700000792742, 0.0 ], [ 101888.498399999924004, 107833.392500000074506, 0.0 ], [ 101888.576200000010431, 107833.80629999935627, 0.0 ], [ 101888.654000000096858, 107834.220100000500679, 0.0 ], [ 101888.731900000013411, 107834.633899999782443, 0.0 ], [ 101888.809899999760091, 107835.04759999923408, 0.0 ], [ 101888.887900000438094, 107835.461400000378489, 0.0 ], [ 101888.965900000184774, 107835.875099999830127, 0.0 ], [ 101889.043999999761581, 107836.288899999111891, 0.0 ], [ 101889.122200000099838, 107836.702600000426173, 0.0 ], [ 101889.200400000438094, 107837.116399999707937, 0.0 ], [ 101889.278599999845028, 107837.530099999159575, 0.0 ], [ 101889.356800000183284, 107837.943800000473857, 0.0 ], [ 101889.435100000351667, 107838.357499999925494, 0.0 ], [ 101889.513399999588728, 107838.771199999377131, 0.0 ], [ 101889.591799999587238, 107839.184900000691414, 0.0 ], [ 101889.670099999755621, 107839.598600000143051, 0.0 ], [ 101889.748499999754131, 107840.012299999594688, 0.0 ], [ 101889.826899999752641, 107840.426000000908971, 0.0 ], [ 101889.905299999751151, 107840.839700000360608, 0.0 ], [ 101889.98369999974966, 107841.253399999812245, 0.0 ], [ 101890.062199999578297, 107841.666999999433756, 0.0 ], [ 101890.140599999576807, 107842.080800000578165, 0.0 ], [ 101895.72829999960959, 107871.555800000205636, 0.0 ] ] ] } }
]
}
