{
"type": "FeatureCollection",
"name": "Regiotram_Occidente",
"crs": { "type": "name", "properties": { "name": "urn:ogc:def:crs:OGC:1.3:CRS84" } },
"features": [
{ "type": "Feature", "properties": { "OBJECTID_1": 3, "OBJECTID": 3, "EXPEDIENTE": "LAV0053-00-2022", "SECTOR": 102, "OPERADOR": "Concesionaria Férrea de Occidente S.A.S.", "PROYECTO": "Regiotram de Occidente", "NUM_ACT_AD": ".", "FEC_ACT_AD": null, "ART_ACT_AD": ".", "CONTRATO": "001 de 2020", "DESCRIP": "Ejes vía ferrea carril central", "NOMENCLAT": "EVFCC", "OBSERV": "CENTRAL", "LONGITUD_M": 39588.424416876886, "SHAPE_Leng": 39588.424416900001, "TRAMO": "SABANA DE OCCIDENTE", "LON_TRAMO": 25.029364161441062, "Shape__Length": 0.22596094729418914 }, "geometry": { "type": "LineString", "coordinates": [ [ -74.169307104406997, 4.69925681917223 ], [ -74.169984543410706, 4.69963248965995 ], [ -74.169999811595702, 4.69964095599857 ], [ -74.170015080681395, 4.69964942143041 ], [ -74.170030351565003, 4.69965788323942 ], [ -74.170045625145505, 4.6996663396144 ], [ -74.170060902324593, 4.69967479055384 ], [ -74.170076183098004, 4.69968323334322 ], [ -74.170091469266097, 4.69969166616981 ], [ -74.170106762631406, 4.69970008812575 ], [ -74.170122061388497, 4.69970849830922 ], [ -74.1701373691387, 4.69971689309479 ], [ -74.170152684980394, 4.69972527248398 ], [ -74.1701680107127, 4.69973363375922 ], [ -74.1701833463339, 4.69974197601571 ], [ -74.170198693646498, 4.69975029834552 ], [ -74.170214052644198, 4.69975859712931 ], [ -74.170229424230499, 4.69976687327041 ], [ -74.170244810203101, 4.6997751231464 ], [ -74.170260209658494, 4.69978334585397 ], [ -74.170275625299396, 4.69979153957891 ], [ -74.170291056220904, 4.699799702513 ], [ -74.170306505127002, 4.69980783374688 ], [ -74.170321970210907, 4.69981593147391 ], [ -74.170337454175296, 4.69982399387982 ], [ -74.170352957918993, 4.69983201915345 ], [ -74.170368480536993, 4.69984000548659 ], [ -74.170384024733593, 4.69984795196989 ], [ -74.170399588700306, 4.69985585589183 ], [ -74.170415176043093, 4.69986371634151 ], [ -74.170430785857207, 4.69987153151078 ], [ -74.170446418137999, 4.69987929868506 ], [ -74.170462074689297, 4.69988701786138 ], [ -74.170629906373705, 4.69996589992666 ], [ -74.170800322173605, 4.70003899111731 ], [ -74.170973124438703, 4.70010620851876 ], [ -74.171148111015498, 4.70016747284354 ], [ -74.1713250779584, 4.7002227120463 ], [ -74.171503820436499, 4.70027186403662 ], [ -74.171684130015905, 4.70031486944501 ], [ -74.171865796475501, 4.70035167885844 ], [ -74.172048609604602, 4.70038224919808 ], [ -74.172232354698494, 4.70040654644133 ], [ -74.172416819763896, 4.70042454018068 ], [ -74.172601788316499, 4.70043621087452 ], [ -74.172787046586507, 4.70044154440598 ], [ -74.172972378112306, 4.70044053480658 ], [ -74.173157567346607, 4.70043318334525 ], [ -74.173174983271295, 4.70043216502768 ], [ -74.173192395497594, 4.70043109242528 ], [ -74.173209804029995, 4.70042996825258 ], [ -74.173227209770403, 4.70042879250802 ], [ -74.173244611822994, 4.70042756881253 ], [ -74.173262011089705, 4.70042629716458 ], [ -74.173279406673004, 4.70042498028019 ], [ -74.173296798577695, 4.70042362087392 ], [ -74.173314187706893, 4.70042221984909 ], [ -74.173331574062303, 4.70042077811049 ], [ -74.173348956748001, 4.70041929927909 ], [ -74.173366335765607, 4.70041778425967 ], [ -74.173383712018307, 4.70041623395558 ], [ -74.173401085512396, 4.70041465198619 ], [ -74.173418457151101, 4.70041303925479 ], [ -74.173435825133694, 4.70041139757413 ], [ -74.173453190365095, 4.70040972875239 ], [ -74.173470553751699, 4.70040803550253 ], [ -74.1734879143917, 4.70040631782611 ], [ -74.173505273191495, 4.70040457843613 ], [ -74.173522629253696, 4.70040282004862 ], [ -74.173539984382103, 4.70040104266054 ], [ -74.173557337680805, 4.7003992498928 ], [ -74.173574689149902, 4.70039744174536 ], [ -74.173592039697297, 4.70039562183611 ], [ -74.173609389322905, 4.70039379016502 ], [ -74.173626737130903, 4.700391950353 ], [ -74.173644084926707, 4.70039010330183 ], [ -74.173661431811297, 4.70038825082272 ], [ -74.173678778688199, 4.700386393819 ], [ -74.173696124661504, 4.70038453591154 ], [ -74.178841725555799, 4.69983323640629 ], [ -74.178850398963107, 4.69983230693856 ], [ -74.178859072371907, 4.69983137837559 ], [ -74.178867744877195, 4.69983044890919 ], [ -74.178876418285896, 4.69982952034602 ], [ -74.178885091694497, 4.69982859178274 ], [ -74.178893765104604, 4.69982766412419 ], [ -74.178902438514598, 4.69982673646554 ], [ -74.178911111926098, 4.69982580971163 ], [ -74.178919785339104, 4.69982488386246 ], [ -74.178928458753504, 4.69982395891801 ], [ -74.178937133069795, 4.69982303397197 ], [ -74.178945806487206, 4.699822110837 ], [ -74.178954480807903, 4.69982118860526 ], [ -74.178963154229706, 4.6998202681846 ], [ -74.178971828553401, 4.69981934776234 ], [ -74.178980502881601, 4.69981843005447 ], [ -74.178989177211193, 4.69981751325135 ], [ -74.178997852444198, 4.69981659735144 ], [ -74.179006526778295, 4.69981568326264 ], [ -74.179015202018803, 4.69981477188672 ], [ -74.179023877260704, 4.69981386141554 ], [ -74.179032552505603, 4.69981295275394 ], [ -74.179041227755107, 4.69981204680676 ], [ -74.179049903909402, 4.69981114266762 ], [ -74.179058580066695, 4.69981024033807 ], [ -74.179067256228507, 4.69980934072294 ], [ -74.179075932393303, 4.69980844291737 ], [ -74.179084609464397, 4.6998075478247 ], [ -74.179093286540095, 4.69980665544644 ], [ -74.179101963620298, 4.6998057657826 ], [ -74.179110641606897, 4.69980487883164 ], [ -74.179349089694895, 4.69978160907232 ], [ -74.179587735213502, 4.69976046075569 ], [ -74.179596426990003, 4.69975973121816 ], [ -74.179605119671294, 4.69975900348867 ], [ -74.179613811456804, 4.69975827937995 ], [ -74.179622504147105, 4.6997575570793 ], [ -74.179631197743902, 4.69975683749152 ], [ -74.179639890443198, 4.69975612061969 ], [ -74.179648584047499, 4.69975540555592 ], [ -74.179657277654698, 4.69975469230171 ], [ -74.179665971266502, 4.69975398176192 ], [ -74.179674664881205, 4.69975327303169 ], [ -74.179683359400798, 4.69975256610953 ], [ -74.179692053021597, 4.69975186099846 ], [ -74.179700747547201, 4.69975115769543 ], [ -74.179709442075804, 4.69975045620199 ], [ -74.179718136607406, 4.69974975651812 ], [ -74.179726831140499, 4.69974905773898 ], [ -74.179735525675, 4.69974835986458 ], [ -74.179744220212598, 4.69974766379977 ], [ -74.179752915655001, 4.69974696954298 ], [ -74.179761610195499, 4.69974627528763 ], [ -74.179770305640901, 4.69974558284031 ], [ -74.179779001087695, 4.69974489129775 ], [ -74.179787696534504, 4.69974419975508 ], [ -74.179796391082405, 4.6997435100235 ], [ -74.179805086532198, 4.6997428202903 ], [ -74.179813781981906, 4.69974213055698 ], [ -74.179822477434598, 4.69974144263325 ], [ -74.179831172885798, 4.69974075380456 ], [ -74.179839868338405, 4.69974006588062 ], [ -74.179848563790998, 4.69973937795657 ], [ -74.179857260145297, 4.69973869003089 ], [ -74.181814325649199, 4.69958389892192 ], [ -74.181818672921096, 4.69958355585367 ], [ -74.181823021093294, 4.69958321187904 ], [ -74.181827368362093, 4.69958286700107 ], [ -74.181831716534305, 4.69958252302637 ], [ -74.181836063803104, 4.69958217814835 ], [ -74.181840411973695, 4.69958183326877 ], [ -74.181844759240903, 4.69958148748585 ], [ -74.181849106508196, 4.69958114170292 ], [ -74.181853454675704, 4.69958079501359 ], [ -74.181857801941405, 4.69958044832576 ], [ -74.181862149204093, 4.69958009982822 ], [ -74.181866496466697, 4.69957975133066 ], [ -74.181870843726202, 4.69957940102339 ], [ -74.181875190985807, 4.69957905071611 ], [ -74.181879538242299, 4.6995786985991 ], [ -74.1818838854972, 4.69957834557725 ], [ -74.181888231848802, 4.69957799165205 ], [ -74.181892579099099, 4.69957763591562 ], [ -74.181896925446097, 4.69957727927587 ], [ -74.181901272691903, 4.69957692082488 ], [ -74.181905619032705, 4.6995765605657 ], [ -74.181909965372, 4.69957619940166 ], [ -74.181914311708297, 4.69957583642794 ], [ -74.181918657139605, 4.69957547164603 ], [ -74.181923003469706, 4.69957510505287 ], [ -74.181927348895002, 4.69957473665156 ], [ -74.1819316943171, 4.69957436644053 ], [ -74.181936039734694, 4.69957399351498 ], [ -74.181940385149204, 4.69957361877971 ], [ -74.181944730560701, 4.69957324223473 ], [ -74.181949075065702, 4.69957286297676 ], [ -74.182104658566502, 4.6995577307405 ], [ -74.182108994809496, 4.69955726553566 ], [ -74.182113331048001, 4.69955679761629 ], [ -74.182117667283407, 4.6995563278872 ], [ -74.182122003515701, 4.69955585634841 ], [ -74.182126338841698, 4.69955538209662 ], [ -74.182130674166004, 4.69955490693996 ], [ -74.182135009485805, 4.69955442906876 ], [ -74.182139344802493, 4.69955394938785 ], [ -74.182143679214306, 4.69955346789877 ], [ -74.182148013623006, 4.69955298459998 ], [ -74.182152348030201, 4.69955250039634 ], [ -74.182156682434396, 4.699552014383 ], [ -74.182161016835494, 4.69955152655995 ], [ -74.182165350333193, 4.69955103783356 ], [ -74.182169684731207, 4.69955054820078 ], [ -74.182174018224202, 4.69955005675984 ], [ -74.182178351715805, 4.69954956441402 ], [ -74.182182685204296, 4.6995490702585 ], [ -74.182187018692701, 4.69954857610296 ], [ -74.182191351277794, 4.69954808104407 ], [ -74.182195684761695, 4.69954758417397 ], [ -74.182200017343703, 4.69954708730537 ], [ -74.182204350825998, 4.69954658953035 ], [ -74.1822086834065, 4.69954609175687 ], [ -74.182213015985397, 4.6995455930785 ], [ -74.182217348562801, 4.69954509349528 ], [ -74.182221682041998, 4.6995445939105 ], [ -74.182226014619403, 4.69954409432724 ], [ -74.182230347195201, 4.6995435938391 ], [ -74.182234679771, 4.69954309335093 ], [ -74.182239012346798, 4.69954259286273 ], [ -74.182374267157101, 4.69952697205635 ], [ -74.182378599732502, 4.69952647156733 ], [ -74.182382932307902, 4.69952597107831 ], [ -74.182387264884696, 4.69952547149409 ], [ -74.182391597460096, 4.699524971005 ], [ -74.182395930036904, 4.69952447142074 ], [ -74.182400262615303, 4.69952397274128 ], [ -74.182404596094003, 4.69952347315544 ], [ -74.182408928673894, 4.69952297538076 ], [ -74.1824132612537, 4.69952247760607 ], [ -74.182417594736904, 4.69952198073465 ], [ -74.182421927318302, 4.69952148386475 ], [ -74.182426260804505, 4.69952098880297 ], [ -74.182430594290693, 4.69952049374116 ], [ -74.182434927778502, 4.69951999958416 ], [ -74.182439261269195, 4.69951950723682 ], [ -74.182443594761494, 4.69951901579428 ], [ -74.1824479282553, 4.69951852525655 ], [ -74.182452262652504, 4.69951803562213 ], [ -74.1824565961508, 4.69951754779887 ], [ -74.1824609305541, 4.69951706178374 ], [ -74.182465264958907, 4.69951657667342 ], [ -74.182469599366598, 4.69951609337275 ], [ -74.182473934677802, 4.69951561097536 ], [ -74.182478269090097, 4.69951513038915 ], [ -74.182482604408904, 4.69951465251591 ], [ -74.182486939729202, 4.69951417554749 ], [ -74.182491275054005, 4.69951370129355 ], [ -74.1824956103803, 4.69951322794442 ], [ -74.182499946613106, 4.69951275730825 ], [ -74.182504282848896, 4.69951228848172 ], [ -74.182508619089305, 4.6995118223697 ], [ -74.182673403555896, 4.69949579037115 ], [ -74.182677748962206, 4.69949541201216 ], [ -74.1826820934713, 4.69949503636918 ], [ -74.182686438883806, 4.69949466162949 ], [ -74.182690784302395, 4.69949429050911 ], [ -74.182695129722404, 4.69949392029357 ], [ -74.182699476048896, 4.69949355279095 ], [ -74.182703821475101, 4.6994931861947 ], [ -74.182708167807604, 4.69949282231141 ], [ -74.182712514141699, 4.69949245933293 ], [ -74.182716860478806, 4.6994920981641 ], [ -74.182721206818997, 4.69949173880491 ], [ -74.1827255540625, 4.69949138034902 ], [ -74.182729900407296, 4.69949102370431 ], [ -74.182734247656896, 4.6994906688677 ], [ -74.182738594006096, 4.69949031493746 ], [ -74.182742941258795, 4.69948996191048 ], [ -74.1827472885129, 4.69948960978832 ], [ -74.182751635768597, 4.69948925857096 ], [ -74.182755983027306, 4.69948890916327 ], [ -74.182760330286001, 4.69948855975556 ], [ -74.182764677547695, 4.69948821215747 ], [ -74.182769024809403, 4.69948786455938 ], [ -74.182773372974495, 4.69948751786457 ], [ -74.182777720237794, 4.69948717117126 ], [ -74.182782067503993, 4.6994868262876 ], [ -74.182786415670606, 4.69948648049752 ], [ -74.182790762936904, 4.69948613561382 ], [ -74.182795111104994, 4.69948579072855 ], [ -74.182799458372699, 4.69948544674962 ], [ -74.182803806542296, 4.69948510276915 ], [ -74.182808153810001, 4.69948475879017 ], [ -74.184260136035405, 4.69936982764388 ], [ -74.1842673823773, 4.6993692543295 ], [ -74.184274628719095, 4.69936868101504 ], [ -74.184281875061004, 4.69936810770049 ], [ -74.184289121402799, 4.6993675343859 ], [ -74.1842963677461, 4.69936696197605 ], [ -74.184303614089401, 4.69936638956614 ], [ -74.184310860434096, 4.699365818061 ], [ -74.184318106780395, 4.69936524746061 ], [ -74.184325353126596, 4.69936467686016 ], [ -74.184332599475894, 4.69936410806931 ], [ -74.184339846726999, 4.69936353927685 ], [ -74.184347093079197, 4.69936297229553 ], [ -74.184354340334806, 4.69936240621745 ], [ -74.184361586690102, 4.69936184104565 ], [ -74.184368833950202, 4.69936127768195 ], [ -74.184376081211795, 4.69936071522299 ], [ -74.1843833284764, 4.69936015457364 ], [ -74.184390575744104, 4.69935959573389 ], [ -74.184397823013299, 4.69935903779891 ], [ -74.184405070286999, 4.69935848257836 ], [ -74.184412318465604, 4.69935792916591 ], [ -74.184419566645701, 4.69935737665819 ], [ -74.184426813930003, 4.6993568277713 ], [ -74.184434062117703, 4.69935627978765 ], [ -74.1844413112117, 4.69935573451691 ], [ -74.184448559408494, 4.69935519196212 ], [ -74.184455808510194, 4.69935465121542 ], [ -74.184463057617904, 4.69935411408799 ], [ -74.184470306728699, 4.69935357877016 ], [ -74.184477555843998, 4.69935304616678 ], [ -74.184484804963901, 4.69935251627785 ], [ -74.184764341274899, 4.6993343424585 ], [ -74.184771597804001, 4.69933392837364 ], [ -74.184778855241106, 4.69933351790654 ], [ -74.184786112682701, 4.69933311015387 ], [ -74.184793370127295, 4.69933270421082 ], [ -74.184800627578099, 4.69933230188702 ], [ -74.184807885933694, 4.6993319013713 ], [ -74.184815143392001, 4.69933150357156 ], [ -74.184822401755198, 4.69933110757989 ], [ -74.184829660122901, 4.69933071430265 ], [ -74.184836917591895, 4.69933032283655 ], [ -74.184844175965694, 4.69932993317852 ], [ -74.184851435244397, 4.69932954532854 ], [ -74.184858693625799, 4.69932916019457 ], [ -74.184865952008707, 4.69932877596534 ], [ -74.184873210394599, 4.69932839354571 ], [ -74.184880469685396, 4.69932801293415 ], [ -74.184887728075907, 4.6993276332289 ], [ -74.184894987371194, 4.69932725533171 ], [ -74.184902246668102, 4.69932687833927 ], [ -74.184909505966402, 4.69932650225162 ], [ -74.184916764364402, 4.69932612707025 ], [ -74.184924023667307, 4.69932575369696 ], [ -74.184931282970098, 4.69932538032358 ], [ -74.184938542276001, 4.69932500875981 ], [ -74.184945801581804, 4.69932463719597 ], [ -74.184953060887693, 4.69932426563206 ], [ -74.184960320196495, 4.69932389587775 ], [ -74.184967579503805, 4.69932352521851 ], [ -74.184974838812593, 4.69932315546405 ], [ -74.184982098121395, 4.69932278570951 ], [ -74.184989357430197, 4.6993224159549 ], [ -74.1859954180633, 4.69927120358168 ], [ -74.186004129229403, 4.6992707598638 ], [ -74.186012841297199, 4.69927031614428 ], [ -74.186021552463203, 4.69926987242618 ], [ -74.186030263629107, 4.69926942870797 ], [ -74.186038974794997, 4.69926898498968 ], [ -74.186047685960801, 4.69926854127126 ], [ -74.1860563971251, 4.69926809664789 ], [ -74.186065108289299, 4.69926765202442 ], [ -74.186073819453497, 4.69926720740086 ], [ -74.186082530616105, 4.69926676187234 ], [ -74.186091241777206, 4.69926631543888 ], [ -74.186099952938207, 4.69926586900532 ], [ -74.186108664099194, 4.69926542257166 ], [ -74.186117375258604, 4.69926497523304 ], [ -74.186126086416493, 4.69926452698949 ], [ -74.186134797574297, 4.69926407874582 ], [ -74.186143508730495, 4.69926362959721 ], [ -74.186152218983395, 4.6992631795452 ], [ -74.186160930136495, 4.6992627285867 ], [ -74.186169641288004, 4.69926227672326 ], [ -74.1861783515361, 4.69926182395642 ], [ -74.186187062684496, 4.6992613702831 ], [ -74.186195772929494, 4.69926091570638 ], [ -74.186204484076299, 4.69926046112799 ], [ -74.186213194316593, 4.69926000383655 ], [ -74.186221905458694, 4.69925954654344 ], [ -74.186230615697397, 4.69925908834693 ], [ -74.186239325933002, 4.69925862834065 ], [ -74.1862480361671, 4.69925816742941 ], [ -74.186256746398001, 4.69925770470841 ], [ -74.186265456627396, 4.69925724108246 ], [ -74.186523185127896, 4.69924291488149 ], [ -74.186531892580106, 4.6992424096344 ], [ -74.186540600934094, 4.69924190438565 ], [ -74.1865493083817, 4.69924139642384 ], [ -74.186558015829206, 4.69924088846191 ], [ -74.186566724175407, 4.69924037868867 ], [ -74.186575431618294, 4.69923986801202 ], [ -74.186584139059605, 4.69923935643043 ], [ -74.186592846499295, 4.69923884394389 ], [ -74.186601553935901, 4.69923832964759 ], [ -74.186610261372493, 4.69923781535115 ], [ -74.186618968805902, 4.69923729924496 ], [ -74.186627676237805, 4.69923678223381 ], [ -74.186636382767801, 4.69923626522411 ], [ -74.186645090198098, 4.69923574730791 ], [ -74.186653797626803, 4.69923522848678 ], [ -74.186662504152096, 4.69923470876224 ], [ -74.186671211577604, 4.69923418813121 ], [ -74.186679919003197, 4.69923366750008 ], [ -74.186688625525306, 4.69923314596556 ], [ -74.186697332949194, 4.69923262442938 ], [ -74.186706039469698, 4.69923210198981 ], [ -74.186714746890502, 4.69923157864375 ], [ -74.186723453410906, 4.69923105620395 ], [ -74.186732159928198, 4.69923053195438 ], [ -74.186740867348803, 4.69923000860801 ], [ -74.186749573866095, 4.69922948435823 ], [ -74.186758280383302, 4.69922896010833 ], [ -74.186766987800695, 4.69922843495197 ], [ -74.186775694317802, 4.69922791070186 ], [ -74.186784400833403, 4.69922738554683 ], [ -74.186793108252303, 4.69922686129499 ], [ -74.197902786501203, 4.69855715118473 ], [ -74.197907140185507, 4.69855688944388 ], [ -74.197911493868403, 4.69855662679819 ], [ -74.197915846649295, 4.698556364154 ], [ -74.197920200333698, 4.69855610241306 ], [ -74.197924554016495, 4.69855583976729 ], [ -74.197928906799007, 4.69855557802786 ], [ -74.197933260483296, 4.69855531628684 ], [ -74.1979376141676, 4.69855505454582 ], [ -74.197941967853495, 4.69855479370958 ], [ -74.197946320635893, 4.69855453197006 ], [ -74.197950674323295, 4.69855427203861 ], [ -74.197955028009105, 4.69855401120232 ], [ -74.197959381696407, 4.69855375127081 ], [ -74.197963735385301, 4.69855349224413 ], [ -74.197968089074195, 4.6985532332174 ], [ -74.197972441861197, 4.69855297419221 ], [ -74.197976795551597, 4.69855271607028 ], [ -74.197981149243603, 4.69855245885315 ], [ -74.197985502935495, 4.698552201636 ], [ -74.1979898575308, 4.69855194532208 ], [ -74.197994211225804, 4.69855168991454 ], [ -74.197998564920795, 4.69855143450698 ], [ -74.198002918618798, 4.69855118090906 ], [ -74.1980072723169, 4.69855092731111 ], [ -74.198011626016495, 4.69855067461795 ], [ -74.198015980619402, 4.69855042282806 ], [ -74.198020334322095, 4.69855017194453 ], [ -74.198024688926594, 4.69854992105941 ], [ -74.198029042632299, 4.6985496719855 ], [ -74.198033397241403, 4.69854942381485 ], [ -74.198037750950206, 4.69854917655055 ], [ -74.198243736171705, 4.69853862770418 ], [ -74.198248092667498, 4.69853842839012 ], [ -74.198252449166304, 4.6985382308857 ], [ -74.198256806568494, 4.69853803428453 ], [ -74.198261163070399, 4.69853783858971 ], [ -74.198265520474195, 4.69853764289333 ], [ -74.198269876979197, 4.69853744900812 ], [ -74.198274234386005, 4.69853725512134 ], [ -74.198278590894006, 4.69853706304575 ], [ -74.198282948303898, 4.6985368709686 ], [ -74.198287304813505, 4.69853667979778 ], [ -74.198291662226495, 4.69853648953024 ], [ -74.1982960196394, 4.69853629926265 ], [ -74.198300376153597, 4.69853611080628 ], [ -74.198304733568094, 4.69853592144349 ], [ -74.198309090985703, 4.69853573389033 ], [ -74.198313448403198, 4.69853554633715 ], [ -74.198317805820807, 4.69853535878393 ], [ -74.198322162338002, 4.69853517213708 ], [ -74.198326519758595, 4.69853498639349 ], [ -74.198330877179203, 4.69853480064986 ], [ -74.198335234599796, 4.69853461490621 ], [ -74.198339592021995, 4.69853443006738 ], [ -74.198343949444094, 4.69853424522851 ], [ -74.198348306866194, 4.69853406038961 ], [ -74.1983526642898, 4.69853387645552 ], [ -74.198357021713505, 4.6985336925214 ], [ -74.198361379137097, 4.69853350858727 ], [ -74.198365736560802, 4.6985333246531 ], [ -74.198370093984394, 4.6985331407189 ], [ -74.198374450506094, 4.69853295678622 ], [ -74.198378807931306, 4.6985327737568 ], [ -74.198644769498401, 4.69852156520709 ], [ -74.198649126921396, 4.69852138127118 ], [ -74.198653484344405, 4.69852119733524 ], [ -74.198657840867099, 4.69852101430569 ], [ -74.198662198290094, 4.6985208303697 ], [ -74.198666555713103, 4.69852064643368 ], [ -74.198670913134606, 4.69852046159282 ], [ -74.198675270557501, 4.69852027765675 ], [ -74.198679627978905, 4.69852009281582 ], [ -74.198683985400393, 4.69851990797489 ], [ -74.198688342821697, 4.69851972313391 ], [ -74.198692700241594, 4.69851953738807 ], [ -74.198697057661406, 4.69851935164221 ], [ -74.198701415081203, 4.69851916589632 ], [ -74.198705771597702, 4.69851897924712 ], [ -74.198710129014401, 4.69851879169151 ], [ -74.198714486431101, 4.69851860413587 ], [ -74.1987188438478, 4.69851841658021 ], [ -74.198723201262894, 4.69851822811969 ], [ -74.198727557774703, 4.69851803875586 ], [ -74.198731915186698, 4.69851784848561 ], [ -74.198736272598694, 4.69851765821535 ], [ -74.198740629107306, 4.69851746704176 ], [ -74.198744986516203, 4.69851727496178 ], [ -74.198749343023295, 4.69851708288331 ], [ -74.198753700429094, 4.6985168889936 ], [ -74.198758056933002, 4.69851669510543 ], [ -74.198762414337295, 4.69851650031083 ], [ -74.198766770838105, 4.69851630461293 ], [ -74.198771128237695, 4.69851610710378 ], [ -74.198775484735407, 4.69851590959614 ], [ -74.198779841231598, 4.69851571118367 ], [ -74.198990854599501, 4.69850487568992 ], [ -74.198995208304694, 4.69850462751494 ], [ -74.198999562908497, 4.69850437752875 ], [ -74.199003916610494, 4.69850412754407 ], [ -74.199008271211298, 4.69850387574814 ], [ -74.199012624910196, 4.69850362395373 ], [ -74.199016978607503, 4.69850337125449 ], [ -74.199021332301697, 4.69850311674553 ], [ -74.199025686897798, 4.698502862235 ], [ -74.1990300405905, 4.69850260682116 ], [ -74.199034394281597, 4.69850235050246 ], [ -74.199038747972693, 4.69850209418375 ], [ -74.199043101660706, 4.69850183605532 ], [ -74.199047455348705, 4.69850157792688 ], [ -74.199051809036703, 4.69850131979841 ], [ -74.199056162723096, 4.69850106076507 ], [ -74.199060515506105, 4.69850080082844 ], [ -74.199064869191005, 4.69850054089023 ], [ -74.1990692228743, 4.69850028004715 ], [ -74.199073576557595, 4.69850001920406 ], [ -74.199077929337506, 4.69849975745764 ], [ -74.199082283019195, 4.69849949570965 ], [ -74.199086636699406, 4.69849923305681 ], [ -74.199090990379503, 4.69849897040394 ], [ -74.199095343157794, 4.69849870775259 ], [ -74.199099696838005, 4.69849844509966 ], [ -74.199104049616295, 4.69849818244827 ], [ -74.199108403294801, 4.69849791889045 ], [ -74.199112756973406, 4.69849765533261 ], [ -74.199117109750105, 4.6984973917763 ], [ -74.199121463428597, 4.69849712821841 ], [ -74.199125816205296, 4.69849686466206 ], [ -74.200931086818798, 4.69838753640038 ], [ -74.200935440493097, 4.69838727283152 ], [ -74.200939794167397, 4.69838700926261 ], [ -74.200944146939804, 4.69838674569524 ], [ -74.200948500614103, 4.69838648212628 ], [ -74.200952853386497, 4.69838621855885 ], [ -74.200957207062302, 4.69838595589469 ], [ -74.200961560738094, 4.69838569323048 ], [ -74.200965913511993, 4.69838543056781 ], [ -74.200970267189305, 4.6983851688084 ], [ -74.200974620866702, 4.69838490704895 ], [ -74.200978974545507, 4.6983846461943 ], [ -74.200983327322504, 4.6983843853412 ], [ -74.2009876810029, 4.69838412539133 ], [ -74.200992034684802, 4.69838386634628 ], [ -74.200996388366704, 4.6983836073012 ], [ -74.201000742050098, 4.69838334916093 ], [ -74.201005095733606, 4.69838309102062 ], [ -74.201009449420098, 4.69838283468996 ], [ -74.201013803108097, 4.6983825792641 ], [ -74.201018156796195, 4.69838232383822 ], [ -74.201022510487306, 4.69838207022197 ], [ -74.201026865080294, 4.69838181660416 ], [ -74.201031218774503, 4.69838156479752 ], [ -74.201035572468697, 4.69838131299085 ], [ -74.201039927067796, 4.69838106299228 ], [ -74.201044280768201, 4.6983808148049 ], [ -74.201048635370398, 4.69838056661593 ], [ -74.201052989975693, 4.69838032023661 ], [ -74.201057343682294, 4.69838007566847 ], [ -74.201061698290601, 4.69837983109879 ], [ -74.201066052903599, 4.69837958924353 ], [ -74.201337536011195, 4.69836725813555 ], [ -74.201341894382793, 4.69836710494598 ], [ -74.201346253659295, 4.6983669535645 ], [ -74.201350612034005, 4.69836680218453 ], [ -74.201354970413306, 4.69836665351904 ], [ -74.201359329694398, 4.69836650485198 ], [ -74.201363688076796, 4.69836635799611 ], [ -74.201368046462306, 4.69836621294986 ], [ -74.201372405749595, 4.69836606790204 ], [ -74.201376765040095, 4.69836592466386 ], [ -74.201381123428604, 4.69836578142721 ], [ -74.201385482722102, 4.69836563999862 ], [ -74.201389841115301, 4.69836549947642 ], [ -74.201394200411897, 4.69836535985747 ], [ -74.201398559708394, 4.69836522023847 ], [ -74.201402919008103, 4.69836508242912 ], [ -74.201407277405906, 4.69836494462129 ], [ -74.201411636707107, 4.69836480771672 ], [ -74.2014159960098, 4.69836467171697 ], [ -74.201420355312493, 4.69836453571716 ], [ -74.201424714616806, 4.69836440062217 ], [ -74.201429073020705, 4.69836426643355 ], [ -74.201433432326496, 4.69836413224334 ], [ -74.201437791632301, 4.69836399805311 ], [ -74.201442150939599, 4.69836386476767 ], [ -74.201446510248502, 4.69836373238705 ], [ -74.201450869555799, 4.69836359910156 ], [ -74.201455228864702, 4.69836346672088 ], [ -74.201459588173506, 4.69836333434019 ], [ -74.201463947482296, 4.69836320195944 ], [ -74.201468305890799, 4.69836307048508 ], [ -74.201472665199702, 4.69836293810429 ], [ -74.201616786631106, 4.6983585717823 ], [ -74.201621145939598, 4.6983584394006 ], [ -74.201625505248103, 4.69835830701887 ], [ -74.201629864556693, 4.69835817463711 ], [ -74.201634223865099, 4.69835804225534 ], [ -74.201638583173605, 4.69835790987352 ], [ -74.201642942482096, 4.6983577774917 ], [ -74.201647300887203, 4.69835764420655 ], [ -74.201651660192596, 4.698357510015 ], [ -74.201656019499396, 4.69835737672826 ], [ -74.201660378803197, 4.69835724163183 ], [ -74.201664738106999, 4.69835710653535 ], [ -74.2016690974108, 4.69835697143886 ], [ -74.201673455811203, 4.69835683543906 ], [ -74.201677815111793, 4.69835669853285 ], [ -74.201682174410905, 4.69835656072178 ], [ -74.201686533708497, 4.69835642200586 ], [ -74.201690892104196, 4.69835628329144 ], [ -74.201695251398604, 4.69835614276581 ], [ -74.201699610692998, 4.69835600224015 ], [ -74.201703969082502, 4.69835585990633 ], [ -74.201708328372206, 4.6983557166661 ], [ -74.201712686758597, 4.69835557252258 ], [ -74.201717046045204, 4.69835542747264 ], [ -74.201721404426905, 4.69835528061456 ], [ -74.201725763708893, 4.69835513285005 ], [ -74.201730122085905, 4.69835498327743 ], [ -74.201734480461297, 4.69835483279995 ], [ -74.201738839737104, 4.69835468141604 ], [ -74.201743198107906, 4.69835452822402 ], [ -74.201747556475596, 4.69835437322228 ], [ -74.201751914840102, 4.69835421641087 ], [ -74.201966079989205, 4.69834451741258 ], [ -74.201970434606395, 4.69834427917116 ], [ -74.201974789222106, 4.69834404002489 ], [ -74.201979143834706, 4.6983437990689 ], [ -74.201983498444093, 4.69834355630323 ], [ -74.201987853050497, 4.69834331172789 ], [ -74.201992207655294, 4.69834306624767 ], [ -74.201996561356694, 4.69834281986414 ], [ -74.202000915956802, 4.69834257166936 ], [ -74.202005270555304, 4.69834232256975 ], [ -74.202009624250493, 4.69834207256682 ], [ -74.202013977942599, 4.6983418207542 ], [ -74.202018332534905, 4.69834156803517 ], [ -74.202022686223799, 4.69834131441283 ], [ -74.202027039911201, 4.69834105988563 ], [ -74.202031393596997, 4.69834080445358 ], [ -74.202035747282807, 4.6983405490215 ], [ -74.202040100965505, 4.69834029177974 ], [ -74.202044454646597, 4.69834003363311 ], [ -74.202048808327703, 4.69833977548646 ], [ -74.202053162007303, 4.69833951643493 ], [ -74.202057515686803, 4.69833925738341 ], [ -74.202061869363305, 4.69833899652216 ], [ -74.2020662230413, 4.69833873656574 ], [ -74.202070575814304, 4.69833847480118 ], [ -74.202074929490706, 4.69833821393989 ], [ -74.202079283165503, 4.69833795217371 ], [ -74.202083636840399, 4.69833769040752 ], [ -74.202087989611798, 4.69833742773802 ], [ -74.202092343286594, 4.69833716597177 ], [ -74.202096696959899, 4.69833690330069 ], [ -74.202101049731297, 4.6983366406311 ], [ -74.203471861228707, 4.69825398580412 ], [ -74.203476214898799, 4.69825372312467 ], [ -74.203480567667, 4.69825346044674 ], [ -74.203484921336994, 4.69825319776722 ], [ -74.203489275007001, 4.69825293508768 ], [ -74.203493627773597, 4.69825267150486 ], [ -74.203497981443505, 4.69825240882526 ], [ -74.2035023342101, 4.69825214524236 ], [ -74.203506687876995, 4.69825188075305 ], [ -74.203511041543806, 4.69825161626373 ], [ -74.203515394308795, 4.69825135177592 ], [ -74.203519747974099, 4.6982510863817 ], [ -74.203524100736004, 4.69825082008419 ], [ -74.203528453497796, 4.69825055378664 ], [ -74.203532807159903, 4.69825028658268 ], [ -74.203537159918696, 4.69825001847543 ], [ -74.203541512675898, 4.69824974946331 ], [ -74.2035458663333, 4.69824947954479 ], [ -74.203550219088896, 4.69824920962778 ], [ -74.203554571841394, 4.69824893790109 ], [ -74.203558924592301, 4.69824866526953 ], [ -74.203563277341701, 4.69824839173312 ], [ -74.203567630089495, 4.69824811729185 ], [ -74.203571982835697, 4.69824784194573 ], [ -74.203576334676995, 4.69824756479148 ], [ -74.203580687418494, 4.69824728673082 ], [ -74.203585039255103, 4.69824700686202 ], [ -74.203589391991997, 4.6982467260868 ], [ -74.203593743823902, 4.69824644350344 ], [ -74.2035980956543, 4.69824616001523 ], [ -74.203602448383407, 4.69824587471578 ], [ -74.203606800207496, 4.69824558760819 ], [ -74.203763803066195, 4.69823414542792 ], [ -74.203920638143998, 4.69822058709627 ], [ -74.203924980745498, 4.69822018146943 ], [ -74.2039293233439, 4.6982197740329 ], [ -74.203933665038903, 4.69821936569306 ], [ -74.203938007632701, 4.69821895554199 ], [ -74.203942349321395, 4.69821854358277 ], [ -74.203946691008596, 4.6982181307187 ], [ -74.2039510326927, 4.69821771604494 ], [ -74.203955374375298, 4.69821730046632 ], [ -74.203959715154397, 4.69821688398442 ], [ -74.203964056832206, 4.69821646569125 ], [ -74.203968397606701, 4.69821604649479 ], [ -74.203972739281397, 4.69821562639191 ], [ -74.203977080052695, 4.69821520538573 ], [ -74.203981420822402, 4.69821478347471 ], [ -74.203985761590602, 4.69821436065882 ], [ -74.203990102357196, 4.69821393693807 ], [ -74.203994443122298, 4.69821351231247 ], [ -74.2039987838873, 4.69821308768684 ], [ -74.204003124649205, 4.69821266125153 ], [ -74.204007464509303, 4.69821223481773 ], [ -74.204011805269602, 4.69821180747754 ], [ -74.204016145128094, 4.69821138013887 ], [ -74.2040204858869, 4.69821095189378 ], [ -74.204024825743801, 4.69821052365024 ], [ -74.204029166500902, 4.69821009450026 ], [ -74.204033506356296, 4.69820966535184 ], [ -74.204037846209999, 4.69820923529854 ], [ -74.2040421869672, 4.69820880614851 ], [ -74.204046526820903, 4.69820837609516 ], [ -74.204050866674706, 4.6982079460418 ], [ -74.204055207430201, 4.69820751598684 ], [ -74.204365361321905, 4.69817678499854 ], [ -74.204369702076605, 4.69817635494172 ], [ -74.204374041930905, 4.69817592579129 ], [ -74.204378381783798, 4.69817549573598 ], [ -74.204382722538398, 4.69817506567908 ], [ -74.204387062392698, 4.69817463652856 ], [ -74.204391402247097, 4.698174207378 ], [ -74.204395743004795, 4.69817377913071 ], [ -74.204400082860602, 4.69817335088494 ], [ -74.204404423619906, 4.69817292354241 ], [ -74.204408763477304, 4.69817249620142 ], [ -74.204413104238, 4.69817206976369 ], [ -74.204417445000402, 4.69817164423075 ], [ -74.204421785764197, 4.6981712196026 ], [ -74.204426126529597, 4.69817079587929 ], [ -74.204430467296504, 4.69817037306077 ], [ -74.204434808065002, 4.69816995114705 ], [ -74.204439148834993, 4.69816953013814 ], [ -74.204443490510002, 4.69816911093731 ], [ -74.204447831284597, 4.69816869264284 ], [ -74.204452172962704, 4.69816827525162 ], [ -74.204456514643795, 4.69816785967005 ], [ -74.204460856326506, 4.69816744499327 ], [ -74.204465198013807, 4.69816703303096 ], [ -74.204469539701094, 4.69816662106862 ], [ -74.204473881393099, 4.69816621182076 ], [ -74.204478223988403, 4.69816580347613 ], [ -74.204482566588396, 4.69816539784598 ], [ -74.204486909189896, 4.69816499312064 ], [ -74.2044912517961, 4.69816459110976 ], [ -74.204495594405401, 4.69816419090852 ], [ -74.204499937919607, 4.69816379251537 ], [ -74.204710252384899, 4.6981470380276 ], [ -74.204714604193796, 4.69814674367474 ], [ -74.204718955105506, 4.69814645203788 ], [ -74.204723306920599, 4.69814616130426 ], [ -74.204727658740296, 4.69814587328513 ], [ -74.204732010563106, 4.69814558707562 ], [ -74.204736362387493, 4.69814530177093 ], [ -74.204740715118305, 4.69814501917913 ], [ -74.204745066948902, 4.69814473749371 ], [ -74.204749419685896, 4.69814445852118 ], [ -74.204753771521098, 4.69814417955021 ], [ -74.204758124262796, 4.69814390329212 ], [ -74.204762477006, 4.69814362793885 ], [ -74.204766829750795, 4.69814335349039 ], [ -74.204771182498703, 4.69814308085155 ], [ -74.204775535246497, 4.69814280821268 ], [ -74.204779887998995, 4.6981425382883 ], [ -74.204784240751493, 4.69814226836389 ], [ -74.204788593505597, 4.69814199934427 ], [ -74.204792947163, 4.69814173122791 ], [ -74.204797299921694, 4.69814146492274 ], [ -74.204801653582194, 4.69814119861599 ], [ -74.204806006342395, 4.69814093321559 ], [ -74.204810360004501, 4.69814066781361 ], [ -74.204814712766193, 4.69814040331799 ], [ -74.204819066431398, 4.69814013972562 ], [ -74.204823419194597, 4.69813987613478 ], [ -74.204827772859801, 4.69813961254236 ], [ -74.204832126526398, 4.69813934985476 ], [ -74.204836479291203, 4.69813908716867 ], [ -74.204840832957899, 4.698138824481 ], [ -74.204845186624496, 4.69813856179331 ], [ -74.213517905299099, 4.69761554553225 ], [ -74.2135425744613, 4.69761405848291 ], [ -74.213567243626102, 4.69761257324238 ], [ -74.213591913703496, 4.69761109433322 ], [ -74.213616583794604, 4.69760962356667 ], [ -74.2136412539042, 4.69760816365722 ], [ -74.213665925839095, 4.69760671641138 ], [ -74.213690597803307, 4.69760528635642 ], [ -74.213715271605295, 4.6976038762037 ], [ -74.213739946344802, 4.69760248685961 ], [ -74.21376462293, 4.69760112194188 ], [ -74.213789300465095, 4.69759978507142 ], [ -74.213813979855303, 4.69759847805628 ], [ -74.213838660203393, 4.69759720361256 ], [ -74.213863343317598, 4.69759596445157 ], [ -74.213888028301, 4.69759476328935 ], [ -74.213912714257901, 4.69759360374683 ], [ -74.213937402995199, 4.69759248763047 ], [ -74.213962093617198, 4.69759141856119 ], [ -74.213986786127094, 4.69759039834862 ], [ -74.214011481431399, 4.69758942970569 ], [ -74.214036177731202, 4.69758851535002 ], [ -74.214060876836399, 4.69758765889778 ], [ -74.2140855778499, 4.69758686306502 ], [ -74.214110280774804, 4.69758612966139 ], [ -74.214134984713894, 4.69758546140296 ], [ -74.214159691477306, 4.69758486190587 ], [ -74.214184399265903, 4.69758433388777 ], [ -74.214209108984704, 4.69758387915672 ], [ -74.214233819736606, 4.6975835004288 ], [ -74.214258531529495, 4.69758320222812 ], [ -74.214283244364793, 4.69758298545952 ], [ -74.214508615616694, 4.69758491650653 ], [ -74.214733816877697, 4.69759389550186 ], [ -74.214958629893601, 4.69760991377595 ], [ -74.215182836399507, 4.69763295632578 ], [ -74.215406217214294, 4.69766300000667 ], [ -74.215628556755206, 4.69770001623904 ], [ -74.215849637621304, 4.69774396830331 ], [ -74.216069246009894, 4.69779481404494 ], [ -74.216287167203603, 4.69785250407264 ], [ -74.216503190079806, 4.69791698175055 ], [ -74.216717104408204, 4.69798818501254 ], [ -74.216928702651202, 4.69806604454951 ], [ -74.217137779062199, 4.69815048381086 ], [ -74.217344129690105, 4.69824142171899 ], [ -74.2175475550805, 4.69833876995015 ], [ -74.217747856669106, 4.69844243384548 ], [ -74.217944839486407, 4.69855231150156 ], [ -74.218138313065396, 4.69866829738797 ], [ -74.2183280887282, 4.69879027782804 ], [ -74.218513981396299, 4.69891813461485 ], [ -74.218534121074299, 4.69893250609758 ], [ -74.218554213071897, 4.69894694462023 ], [ -74.218574258284406, 4.69896144656192 ], [ -74.218594259415994, 4.69897601101311 ], [ -74.218614217363594, 4.69899063525774 ], [ -74.218634133024494, 4.69900531657974 ], [ -74.218654008199195, 4.69902005316633 ], [ -74.218673844686705, 4.69903484229988 ], [ -74.218693643385706, 4.69904968216913 ], [ -74.218713406996898, 4.69906457005491 ], [ -74.218733135517297, 4.69907950414756 ], [ -74.2187528307457, 4.69909448172944 ], [ -74.218772495383107, 4.69910950008134 ], [ -74.218792130329703, 4.69912455829687 ], [ -74.218811736481001, 4.69913965275515 ], [ -74.218831316541099, 4.69915478254663 ], [ -74.218850871405294, 4.6991699440504 ], [ -74.218870402875993, 4.6991851363585 ], [ -74.218889912752005, 4.69920035675329 ], [ -74.218909402833901, 4.699215603422 ], [ -74.218928874017095, 4.6992308727437 ], [ -74.218948328105597, 4.69924616471525 ], [ -74.218967767796698, 4.6992614748078 ], [ -74.218987193090697, 4.69927680302136 ], [ -74.219006607590103, 4.69929214663512 ], [ -74.219026011288705, 4.69930750202978 ], [ -74.219045406891894, 4.6993228692006 ], [ -74.219064796195596, 4.69933824362032 ], [ -74.219084179201303, 4.69935362619375 ], [ -74.219103559507005, 4.69936901148561 ], [ -74.219122938916499, 4.69938439949278 ], [ -74.224830851173095, 4.70391703699115 ], [ -74.224835410929899, 4.70392065732632 ], [ -74.224839970688294, 4.70392427856627 ], [ -74.224844530445196, 4.70392789890136 ], [ -74.224849090202099, 4.70393151923638 ], [ -74.224853649959002, 4.70393513957138 ], [ -74.224858210616304, 4.70393875899993 ], [ -74.224862771273607, 4.70394237842841 ], [ -74.224867332832901, 4.70394599785529 ], [ -74.224871894390503, 4.70394961637728 ], [ -74.224876455946699, 4.70395323399442 ], [ -74.224881018404702, 4.70395685160992 ], [ -74.224885581761498, 4.70396046741416 ], [ -74.224890145118295, 4.70396408321835 ], [ -74.224894709376997, 4.70396769902089 ], [ -74.224899274534394, 4.70397131301217 ], [ -74.224903839690199, 4.70397492609859 ], [ -74.224908406648296, 4.70397853827696 ], [ -74.224912973603196, 4.70398214864565 ], [ -74.224917541460002, 4.70398575901269 ], [ -74.224922111117394, 4.70398936756688 ], [ -74.224926680773194, 4.7039929752162 ], [ -74.224931252229595, 4.70399658105267 ], [ -74.224935824586296, 4.70400018598266 ], [ -74.224940397841806, 4.70400378910138 ], [ -74.224944972897802, 4.70400739040726 ], [ -74.224949548854099, 4.70401099080665 ], [ -74.224954125709104, 4.70401458939478 ], [ -74.224958704364795, 4.70401818617004 ], [ -74.224963284821001, 4.70402178113244 ], [ -74.224967866175902, 4.70402537428356 ], [ -74.224972448429497, 4.70402896562341 ], [ -74.225182897457103, 4.7041904978209 ], [ -74.225187550795596, 4.70419399583648 ], [ -74.225192205934704, 4.70419749203919 ], [ -74.225196862875904, 4.70420098733385 ], [ -74.225201520714407, 4.70420447991242 ], [ -74.225206179451504, 4.70420797067972 ], [ -74.225210839989103, 4.70421145963414 ], [ -74.225215501427201, 4.70421494768211 ], [ -74.2252201646657, 4.70421843391721 ], [ -74.225224827901201, 4.70422191834262 ], [ -74.225229492938794, 4.70422540185999 ], [ -74.225234158875097, 4.70422888356607 ], [ -74.225238825711699, 4.7042323643657 ], [ -74.225243493447095, 4.70423584335406 ], [ -74.225248162082707, 4.70423932143596 ], [ -74.225252831618704, 4.70424279861142 ], [ -74.225257502055001, 4.7042462748804 ], [ -74.225262173390007, 4.70424974933811 ], [ -74.225266844724999, 4.70425322379578 ], [ -74.225271516960305, 4.70425669734699 ], [ -74.225276190094405, 4.70426016908692 ], [ -74.225280863230097, 4.70426364173162 ], [ -74.225285537264497, 4.70426711256506 ], [ -74.225290211298997, 4.70427058339845 ], [ -74.225294886233797, 4.70427405332538 ], [ -74.225299561167006, 4.70427752234745 ], [ -74.2253042361003, 4.70428099136947 ], [ -74.2253089119354, 4.70428446038987 ], [ -74.2253135877706, 4.70428792941021 ], [ -74.225318263604294, 4.7042913975257 ], [ -74.225322939438001, 4.70429486564112 ], [ -74.225327615271695, 4.70429833375651 ], [ -74.225715933559002, 4.7045863469412 ], [ -74.225721778805806, 4.70459068162763 ], [ -74.225727623152395, 4.70459501722039 ], [ -74.225733468400904, 4.70459935281149 ], [ -74.225739312749198, 4.70460368930894 ], [ -74.225745157097606, 4.70460802580632 ], [ -74.225751000544193, 4.70461236230522 ], [ -74.225756843994006, 4.70461670061371 ], [ -74.225762686542097, 4.7046210389237 ], [ -74.225768528189903, 4.70462537814004 ], [ -74.225774368939199, 4.70462971916756 ], [ -74.225780208788194, 4.70463406110141 ], [ -74.225786047738595, 4.70463840484641 ], [ -74.225791885788894, 4.70464274949779 ], [ -74.225797722940499, 4.70464709596033 ], [ -74.225803558290096, 4.70465144333079 ], [ -74.225809392742605, 4.70465579341723 ], [ -74.225815225394697, 4.70466014531645 ], [ -74.225821057148195, 4.70466449902683 ], [ -74.225826886201006, 4.70466885545637 ], [ -74.225832714355107, 4.70467321369708 ], [ -74.225838540710399, 4.70467757465537 ], [ -74.225844364364903, 4.70468193833283 ], [ -74.225850187120898, 4.70468630382145 ], [ -74.225856007177697, 4.70469067293407 ], [ -74.225861824533695, 4.70469504476587 ], [ -74.225867640090897, 4.70469941931523 ], [ -74.225873453850795, 4.704703797487 ], [ -74.225879264910006, 4.70470817837793 ], [ -74.225885073271598, 4.70471256379769 ], [ -74.225890878932603, 4.7047169519366 ], [ -74.225896681894298, 4.70472134369952 ], [ -74.226108921704395, 4.70488609534311 ], [ -74.226317190541593, 4.70505587115401 ], [ -74.226322775744805, 4.70506053926764 ], [ -74.226328358247201, 4.70506521010042 ], [ -74.226333937148596, 4.70506988455878 ], [ -74.226339513350894, 4.70507456264114 ], [ -74.226345087754297, 4.70507924344109 ], [ -74.226350658555106, 4.7050839269618 ], [ -74.226356227558696, 4.70508861410493 ], [ -74.226361794763406, 4.70509330396561 ], [ -74.226367358363902, 4.70509799564225 ], [ -74.226372921069, 4.70510269093971 ], [ -74.226378481071905, 4.70510738805153 ], [ -74.2263840392758, 4.70511208788091 ], [ -74.226389595679294, 4.70511678952306 ], [ -74.226395150283906, 4.70512149388279 ], [ -74.226400703086497, 4.70512619915049 ], [ -74.226406254992, 4.70513090713414 ], [ -74.226411805097101, 4.70513561693058 ], [ -74.226417353400194, 4.70514032763495 ], [ -74.226422900804707, 4.7051450401505 ], [ -74.226428446408704, 4.70514975447879 ], [ -74.226433992014293, 4.70515446971184 ], [ -74.226439535817903, 4.70515918585284 ], [ -74.226445078722904, 4.70516390380502 ], [ -74.226450621628004, 4.70516862175712 ], [ -74.226456162731097, 4.70517334061717 ], [ -74.226461704739194, 4.7051780612852 ], [ -74.226467244942199, 4.70518278105153 ], [ -74.226472785148303, 4.70518750262743 ], [ -74.226478325353, 4.70519222329846 ], [ -74.226483864657496, 4.70519694487583 ], [ -74.226489404863798, 4.70520166645155 ], [ -74.226736445439499, 4.70541222939275 ], [ -74.226739769203903, 4.70541506197514 ], [ -74.226743093870198, 4.70541789455591 ], [ -74.226746417636207, 4.7054207280431 ], [ -74.226749741400695, 4.70542356062541 ], [ -74.226753066067005, 4.70542639320612 ], [ -74.226756389830001, 4.70542922488356 ], [ -74.226759714494804, 4.70543205655939 ], [ -74.226763040061499, 4.70543488823361 ], [ -74.226766365628194, 4.70543771990781 ], [ -74.226769691193397, 4.70544055067716 ], [ -74.2267730176588, 4.70544338054006 ], [ -74.226776344122698, 4.70544620949814 ], [ -74.226779671488501, 4.7054490384546 ], [ -74.226782998854304, 4.70545186741104 ], [ -74.226786327118802, 4.70545469455621 ], [ -74.226789656285106, 4.70545752169976 ], [ -74.226792986350205, 4.70546034703206 ], [ -74.226796316415303, 4.70546317236434 ], [ -74.226799648282494, 4.70546599678859 ], [ -74.226802980146601, 4.70546881940318 ], [ -74.226806312910995, 4.70547164111132 ], [ -74.226809647479101, 4.70547446281626 ], [ -74.226812982043995, 4.70547728271154 ], [ -74.226816318409504, 4.70548010079395 ], [ -74.226819654773394, 4.70548291797153 ], [ -74.226822992939503, 4.70548573424107 ], [ -74.226826332004293, 4.70548854869937 ], [ -74.226829672871204, 4.70549136224964 ], [ -74.226833014636796, 4.70549417398864 ], [ -74.226836357302702, 4.7054969848212 ], [ -74.226839700865696, 4.70549979293769 ], [ -74.227001123793798, 4.7056321577339 ], [ -74.227004533055094, 4.70563488701355 ], [ -74.227007943213394, 4.70563761357709 ], [ -74.227011355175406, 4.70564034013745 ], [ -74.227014768034493, 4.70564306398171 ], [ -74.227018181793994, 4.70564578691953 ], [ -74.227021597353996, 4.70564850804452 ], [ -74.227025013814199, 4.70565122826306 ], [ -74.227028430272995, 4.70565394757674 ], [ -74.227031848532206, 4.70565666507758 ], [ -74.227035267691804, 4.70565938167198 ], [ -74.227038687749996, 4.70566209645514 ], [ -74.227042108710094, 4.70566481123666 ], [ -74.227045530569001, 4.70566752420693 ], [ -74.227048952426202, 4.70567023627234 ], [ -74.227052376085595, 4.70567294742974 ], [ -74.227055799745003, 4.70567565858711 ], [ -74.227059224303204, 4.70567836793321 ], [ -74.227062648861306, 4.7056810772793 ], [ -74.227066074318202, 4.70568378481412 ], [ -74.227069500676905, 4.70568649234733 ], [ -74.227072927035593, 4.70568919988052 ], [ -74.227076354294695, 4.70569190650726 ], [ -74.227079781552206, 4.70569461222916 ], [ -74.227083208809702, 4.70569731795104 ], [ -74.2270866369674, 4.70570002276648 ], [ -74.227090065125296, 4.70570272758188 ], [ -74.227093493283107, 4.70570543239727 ], [ -74.227096922342795, 4.70570813721106 ], [ -74.2271003504991, 4.70571084112158 ], [ -74.227103779557297, 4.70571354503048 ], [ -74.227107208615493, 4.70571624893936 ], [ -74.228515392499403, 4.70682678097306 ], [ -74.228518820665997, 4.70682948487364 ], [ -74.228522249734397, 4.70683218877259 ], [ -74.228525677902596, 4.70683489357796 ], [ -74.228529106972701, 4.70683759838169 ], [ -74.228532534239093, 4.70684030318858 ], [ -74.228535962408898, 4.70684300889867 ], [ -74.228539388776696, 4.70684571551677 ], [ -74.2285428160463, 4.70684842213323 ], [ -74.228546241515502, 4.70685113056251 ], [ -74.228549666082799, 4.70685383899334 ], [ -74.228553090653307, 4.70685654923381 ], [ -74.2285565143236, 4.70685926038067 ], [ -74.2285599361918, 4.70686197243551 ], [ -74.228563357161406, 4.70686468630156 ], [ -74.228566777232302, 4.70686740197883 ], [ -74.228570195501106, 4.70687011856408 ], [ -74.228573612872907, 4.70687283786537 ], [ -74.228577029344393, 4.70687555807304 ], [ -74.228580444015407, 4.70687828009353 ], [ -74.228583855985704, 4.70688100483325 ], [ -74.228587267057407, 4.70688373138416 ], [ -74.2285906763301, 4.70688646065272 ], [ -74.228594083802307, 4.70688919173408 ], [ -74.228597489475604, 4.70689192553307 ], [ -74.2286008933484, 4.70689466114485 ], [ -74.2286042945221, 4.7068974003807 ], [ -74.228607692993407, 4.70690014143094 ], [ -74.228611090569203, 4.70690288610204 ], [ -74.228614484542405, 4.70690563349396 ], [ -74.228617876718303, 4.70690838450831 ], [ -74.2286212661935, 4.70691113824191 ], [ -74.228696858638102, 4.70697399601289 ], [ -74.228771067823999, 4.70703849123476 ], [ -74.228774332203798, 4.70704139357959 ], [ -74.228777592981004, 4.70704429864523 ], [ -74.228780851960906, 4.70704720733333 ], [ -74.2287841073382, 4.70705011874225 ], [ -74.228787360916499, 4.7070530328688 ], [ -74.228790611792604, 4.70705594880976 ], [ -74.228793860871306, 4.70705886837315 ], [ -74.228797107247701, 4.70706178975095 ], [ -74.2288003518251, 4.70706471384641 ], [ -74.228803594603704, 4.70706764065946 ], [ -74.228806835580201, 4.70707056838053 ], [ -74.228810073855897, 4.70707349882081 ], [ -74.228813311232997, 4.70707643107231 ], [ -74.228816546809597, 4.70707936513661 ], [ -74.228819780585695, 4.70708230101373 ], [ -74.228823013463099, 4.70708523870207 ], [ -74.228826244538496, 4.70708817729836 ], [ -74.228829473813306, 4.70709111770749 ], [ -74.228832703091399, 4.70709405992623 ], [ -74.228835930567399, 4.70709700305298 ], [ -74.228839157143099, 4.7070999470861 ], [ -74.228842381916806, 4.70710289202721 ], [ -74.228845606692104, 4.70710583787313 ], [ -74.228848831468994, 4.70710878462383 ], [ -74.228852054443806, 4.70711173228253 ], [ -74.228855277418603, 4.70711467994121 ], [ -74.228858499493299, 4.70711762850629 ], [ -74.228861721569501, 4.70712057797614 ], [ -74.228864943644197, 4.70712352654117 ], [ -74.228868164818607, 4.7071264760126 ], [ -74.228871385994594, 4.70712942638882 ], [ -74.228980179679596, 4.70722903921014 ], [ -74.228983400855, 4.70723198868076 ], [ -74.228986622932197, 4.70723493814976 ], [ -74.228989844107602, 4.70723788762034 ], [ -74.228993066183406, 4.70724083618449 ], [ -74.228996288260703, 4.70724378565343 ], [ -74.228999511236694, 4.70724673331109 ], [ -74.229002734214404, 4.70724968187358 ], [ -74.229005958090696, 4.70725262862481 ], [ -74.229009181967101, 4.70725557537599 ], [ -74.229012406743706, 4.70725852122076 ], [ -74.229015632420698, 4.70726146615907 ], [ -74.229018858997904, 4.70726441019096 ], [ -74.229022086475396, 4.70726735331641 ], [ -74.229025314851597, 4.70727029463059 ], [ -74.229028544129704, 4.70727323594316 ], [ -74.229031775208398, 4.70727617544287 ], [ -74.229035007185701, 4.70727911313132 ], [ -74.229038240063304, 4.70728204991334 ], [ -74.229041474741507, 4.7072849848825 ], [ -74.229044710319897, 4.70728791894523 ], [ -74.229047947698902, 4.7072908511951 ], [ -74.229051186876902, 4.70729378072729 ], [ -74.229054427856994, 4.70729670935146 ], [ -74.229057669734203, 4.70729963525952 ], [ -74.229060914313806, 4.70730255935315 ], [ -74.229064160693994, 4.70730548163393 ], [ -74.229067408874698, 4.70730840210184 ], [ -74.229070658854297, 4.70731131985209 ], [ -74.229073911534798, 4.70731423488306 ], [ -74.229077166015799, 4.70731714810119 ], [ -74.229080422294103, 4.7073200576968 ], [ -74.229187737673996, 4.70741337368605 ], [ -74.229297457808897, 4.70750383067774 ], [ -74.229300864386403, 4.7075065626605 ], [ -74.229304273664596, 4.70750929192399 ], [ -74.229307683840005, 4.70751201847138 ], [ -74.229311096717794, 4.70751474320432 ], [ -74.229314512296298, 4.707517465218 ], [ -74.229317928772005, 4.70752018451559 ], [ -74.229321347048199, 4.70752290200033 ], [ -74.229324767123401, 4.70752561676738 ], [ -74.229328188999105, 4.70752832972158 ], [ -74.229331611773503, 4.70753104086452 ], [ -74.229335037250294, 4.70753375019301 ], [ -74.229338462724002, 4.70753645771182 ], [ -74.229341889998196, 4.70753916341777 ], [ -74.229345319074497, 4.70754186821571 ], [ -74.229348749047901, 4.70754457029755 ], [ -74.229352179921605, 4.70754727147294 ], [ -74.229355612597502, 4.70754997174031 ], [ -74.229359045270201, 4.70755267019802 ], [ -74.229362479745006, 4.70755536774767 ], [ -74.229365914218306, 4.7075580643925 ], [ -74.2293693495903, 4.70756075922605 ], [ -74.229372785864101, 4.70756345405797 ], [ -74.229376223038301, 4.70756614798348 ], [ -74.229379660210796, 4.70756884100411 ], [ -74.229383098283705, 4.70757153311833 ], [ -74.2293865363565, 4.70757422523251 ], [ -74.229389975329696, 4.70757691644025 ], [ -74.229393414302905, 4.70757960764798 ], [ -74.229396854176301, 4.70758229794927 ], [ -74.229400293148004, 4.70758498825211 ], [ -74.229403733021499, 4.70758767855333 ], [ -74.234013974375102, 4.71119392494393 ], [ -74.234020853286594, 4.71119930548313 ], [ -74.2340277321982, 4.71120468602225 ], [ -74.234034611111397, 4.71121006746609 ], [ -74.234041490024794, 4.71121544890982 ], [ -74.234048368938303, 4.71122083035347 ], [ -74.234055246950007, 4.71122621179861 ], [ -74.234062124961795, 4.71123159324367 ], [ -74.234069002975303, 4.71123697559345 ], [ -74.234075880088696, 4.71124235884955 ], [ -74.234082757202202, 4.71124774210554 ], [ -74.2340896343173, 4.71125312626627 ], [ -74.234096510530705, 4.7112585104285 ], [ -74.234103385843994, 4.71126389549706 ], [ -74.234110261158904, 4.71126928147033 ], [ -74.234117135572106, 4.71127466744514 ], [ -74.234124009988605, 4.71128005522946 ], [ -74.234130882601406, 4.71128544301689 ], [ -74.234137755217603, 4.71129083261389 ], [ -74.234144626931993, 4.71129622221236 ], [ -74.234151498649695, 4.7113016136204 ], [ -74.234158368565403, 4.71130700593635 ], [ -74.234165237580896, 4.71131239915863 ], [ -74.234172105696302, 4.71131779328724 ], [ -74.234178973815006, 4.71132318922539 ], [ -74.234185840131701, 4.71132858607147 ], [ -74.234192705549802, 4.71133398472871 ], [ -74.234199569165796, 4.71133938429385 ], [ -74.2342064327852, 4.71134478566855 ], [ -74.234213294602597, 4.71135018795119 ], [ -74.234220155521399, 4.71135559204495 ], [ -74.234227014639799, 4.71136099795148 ], [ -74.234395816402696, 4.71149488086778 ], [ -74.234402642230194, 4.71150032935767 ], [ -74.234409466257205, 4.71150577966028 ], [ -74.234416290286006, 4.71151123086764 ], [ -74.234423112514307, 4.71151668388775 ], [ -74.234429932942305, 4.7115221387206 ], [ -74.234436753371895, 4.71152759445817 ], [ -74.234443572001098, 4.7115330520085 ], [ -74.234450389730199, 4.71153851046516 ], [ -74.2344572065591, 4.71154396982812 ], [ -74.234464022489405, 4.71154943100226 ], [ -74.234470837519595, 4.71155489308271 ], [ -74.234477651649698, 4.71156035606947 ], [ -74.234484465782998, 4.71156582086582 ], [ -74.234491278112699, 4.71157128566525 ], [ -74.234498089542299, 4.711576751371 ], [ -74.234504900975196, 4.7115822188863 ], [ -74.2345117115063, 4.71158768640311 ], [ -74.234518522039096, 4.71159315482465 ], [ -74.234525330769898, 4.71159862415411 ], [ -74.234532140402607, 4.71160409348188 ], [ -74.234538948233407, 4.71160956371757 ], [ -74.234545756967705, 4.71161503485639 ], [ -74.234552563898404, 4.71162050599832 ], [ -74.234559371732601, 4.71162597804336 ], [ -74.234566178665105, 4.71163145008992 ], [ -74.2345729855993, 4.7116369230412 ], [ -74.234579791631703, 4.711642395994 ], [ -74.234586598566096, 4.71164786894509 ], [ -74.234593404598698, 4.71165334189769 ], [ -74.234600210631498, 4.71165881485017 ], [ -74.234607016665905, 4.7116642887074 ], [ -74.235253283222903, 4.71218399851909 ], [ -74.235256688952902, 4.71218673679557 ], [ -74.2352600946829, 4.71218947507199 ], [ -74.235263499511106, 4.71219221335002 ], [ -74.235266905241104, 4.71219495162642 ], [ -74.235270310971202, 4.71219768990277 ], [ -74.2352737167013, 4.71220042817913 ], [ -74.235277122429807, 4.71220316555062 ], [ -74.235280528159905, 4.71220590382692 ], [ -74.235283933888496, 4.71220864119838 ], [ -74.235287340518994, 4.7122113785682 ], [ -74.235290747147801, 4.7122141150332 ], [ -74.235294153778298, 4.71221685240296 ], [ -74.235297560407304, 4.71221958886789 ], [ -74.235300967936496, 4.71222232442638 ], [ -74.235304375465702, 4.71222505998484 ], [ -74.235307783896801, 4.71222779554167 ], [ -74.235311191424501, 4.71223053019528 ], [ -74.235314600755899, 4.71223326484563 ], [ -74.235318009183899, 4.71223599859275 ], [ -74.235321418513806, 4.71223873233824 ], [ -74.235324828743899, 4.7122414651773 ], [ -74.2353282389725, 4.71224419711149 ], [ -74.2353316492011, 4.71224692904568 ], [ -74.235335060330002, 4.71224966007341 ], [ -74.235338472359103, 4.7122523901947 ], [ -74.235341884388305, 4.71225512031596 ], [ -74.235345297317807, 4.71225784953077 ], [ -74.235348711147495, 4.71226057783914 ], [ -74.235352124975705, 4.71226330524267 ], [ -74.235355539705694, 4.71226603264456 ], [ -74.235358954432598, 4.71226875823678 ], [ -74.235550878919298, 4.71241980396432 ], [ -74.235554331442302, 4.71242248243718 ], [ -74.235557783963699, 4.71242516000519 ], [ -74.235561237387003, 4.71242783757159 ], [ -74.235564691709001, 4.71243051332671 ], [ -74.235568146031, 4.7124331890818 ], [ -74.235571601253298, 4.71243586393047 ], [ -74.235575057375897, 4.71243853787267 ], [ -74.235578513498496, 4.71244121181485 ], [ -74.235581969619503, 4.71244388485218 ], [ -74.235585427542603, 4.71244655698146 ], [ -74.235588884563896, 4.71244922911233 ], [ -74.235592342485504, 4.71245190033674 ], [ -74.235595801307397, 4.71245457065468 ], [ -74.235599260129305, 4.71245724097263 ], [ -74.235602718951299, 4.71245991129055 ], [ -74.235606178671901, 4.71246257979721 ], [ -74.235609638394095, 4.71246524920864 ], [ -74.235613098114797, 4.71246791771525 ], [ -74.235616558737306, 4.71247058622021 ], [ -74.235620019358294, 4.71247325382035 ], [ -74.235623479979196, 4.71247592142044 ], [ -74.235626940600298, 4.71247858902053 ], [ -74.235630402121501, 4.71248125571415 ], [ -74.235633863642803, 4.71248392240776 ], [ -74.235637325164205, 4.71248658910134 ], [ -74.235640786685593, 4.71248925579491 ], [ -74.235644248206896, 4.71249192248844 ], [ -74.235647709726805, 4.71249458827712 ], [ -74.23565117215, 4.71249725496901 ], [ -74.235654633669895, 4.71249992075763 ], [ -74.235658096091697, 4.71250258654465 ], [ -74.235784264128199, 4.7125997510472 ], [ -74.235787721133306, 4.71260241322365 ], [ -74.235791178140104, 4.71260507630488 ], [ -74.235794635145297, 4.71260773848127 ], [ -74.235798093054001, 4.71261040156085 ], [ -74.235801550059193, 4.71261306373719 ], [ -74.235805007066105, 4.71261572681832 ], [ -74.235808464073003, 4.71261838989943 ], [ -74.2358119201796, 4.71262105388696 ], [ -74.235815377186597, 4.71262371696803 ], [ -74.235818833293294, 4.71262638095548 ], [ -74.235822289400005, 4.71262904494293 ], [ -74.235825745506801, 4.71263170893034 ], [ -74.235829201615203, 4.71263437382254 ], [ -74.235832656821799, 4.71263703871632 ], [ -74.235836112029901, 4.71263970451493 ], [ -74.235839566336296, 4.71264237031508 ], [ -74.235843021544497, 4.71264503611362 ], [ -74.235846474950705, 4.71264770282017 ], [ -74.235849929260297, 4.71265037042988 ], [ -74.235853382668097, 4.71265303804122 ], [ -74.235856835174104, 4.71265570565409 ], [ -74.235860287683295, 4.7126583750766 ], [ -74.235863740192499, 4.71266104449909 ], [ -74.235867191799798, 4.71266371392315 ], [ -74.235870642508601, 4.71266638515843 ], [ -74.235874093217404, 4.7126690563937 ], [ -74.235877543025893, 4.71267172853535 ], [ -74.235880992834495, 4.71267440067699 ], [ -74.235884441744403, 4.71267707462984 ], [ -74.235887889752604, 4.71267974858427 ], [ -74.235891337763903, 4.71268242434833 ], [ -74.236038445800304, 4.71279782535469 ], [ -74.236041865017398, 4.7128005373618 ], [ -74.236045283332601, 4.71280324937051 ], [ -74.2360487016511, 4.71280596318884 ], [ -74.236052119067807, 4.71280867700874 ], [ -74.2360555355842, 4.71281139173504 ], [ -74.236058952102198, 4.71281410736614 ], [ -74.236062367718404, 4.71281682299883 ], [ -74.236065782434395, 4.7128195395379 ], [ -74.236069197152005, 4.71282225698178 ], [ -74.236072611871293, 4.71282497533044 ], [ -74.236076025688703, 4.7128276936807 ], [ -74.236079438605799, 4.71283041293734 ], [ -74.236082851523093, 4.71283313219397 ], [ -74.236086264441894, 4.7128358523554 ], [ -74.236089676458903, 4.71283857251841 ], [ -74.236093088477503, 4.71284129358621 ], [ -74.236096499594296, 4.71284401465558 ], [ -74.236099911614602, 4.71284673662815 ], [ -74.236103321831095, 4.71284945860391 ], [ -74.2361067329512, 4.71285218148286 ], [ -74.236110143167807, 4.71285490345857 ], [ -74.236113553386105, 4.71285762633909 ], [ -74.236116963605994, 4.71286035012439 ], [ -74.236120373824306, 4.71286307300484 ], [ -74.236123783142403, 4.7128657967917 ], [ -74.236127193362293, 4.71286852057693 ], [ -74.236130602680504, 4.71287124436373 ], [ -74.236134011998601, 4.71287396815052 ], [ -74.236137421316798, 4.71287669193728 ], [ -74.2361408306366, 4.71287941662885 ], [ -74.236144239954896, 4.71288214041556 ], [ -74.237577273234294, 4.71402715641691 ], [ -74.237731032815404, 4.71415112097238 ], [ -74.237888878503796, 4.7142795254006 ], [ -74.238097973900096, 4.71444756466895 ], [ -74.260116232462494, 4.73192743354888 ], [ -74.260119652763507, 4.73193014900372 ], [ -74.260123073064605, 4.73193286445853 ], [ -74.260126493364098, 4.7319355790085 ], [ -74.260129913665295, 4.73193829446326 ], [ -74.260133334866694, 4.73194100901155 ], [ -74.2601367551663, 4.73194372356146 ], [ -74.260140175465807, 4.73194643811134 ], [ -74.260143596667305, 4.73194915265955 ], [ -74.260147017868803, 4.73195186720774 ], [ -74.260150438166903, 4.73195458085274 ], [ -74.260153860268701, 4.73195729449442 ], [ -74.260157281468594, 4.73196000813772 ], [ -74.2601607035688, 4.73196272087455 ], [ -74.260164125670698, 4.73196543451616 ], [ -74.260167547769299, 4.73196814634813 ], [ -74.260170969869606, 4.73197085908488 ], [ -74.260174392868507, 4.73197357001035 ], [ -74.260177816770906, 4.73197628183897 ], [ -74.260181240671699, 4.73197899276274 ], [ -74.260184664571, 4.73198170278168 ], [ -74.260188088470201, 4.7319844128006 ], [ -74.260191513269703, 4.73198712191303 ], [ -74.260194938969406, 4.731989830119 ], [ -74.260198364669193, 4.73199253832492 ], [ -74.260201791269196, 4.73199524562438 ], [ -74.260205217869299, 4.73199795292381 ], [ -74.260208644467696, 4.73200065931842 ], [ -74.260212072868299, 4.73200336480489 ], [ -74.260215501267297, 4.73200606938653 ], [ -74.260218929664603, 4.73200877306336 ], [ -74.260222359865693, 4.73201147673685 ], [ -74.260447503653793, 4.73218618271707 ], [ -74.260675231567802, 4.7323574863091 ], [ -74.260905491224307, 4.73252534779434 ], [ -74.261138232048694, 4.73268973016559 ], [ -74.261141816992804, 4.73269222091937 ], [ -74.261145402840498, 4.73269471257628 ], [ -74.2611489895868, 4.73269720242191 ], [ -74.261152576331497, 4.73269969136271 ], [ -74.2611561639781, 4.73270218030182 ], [ -74.261159751621406, 4.73270466743129 ], [ -74.261163340166704, 4.7327071545591 ], [ -74.261166928711901, 4.73270964168688 ], [ -74.261170518155794, 4.73271212700337 ], [ -74.261174107601306, 4.73271461322465 ], [ -74.261177697945399, 4.73271709763463 ], [ -74.261181288289606, 4.73271958204459 ], [ -74.261184878632207, 4.73272206554971 ], [ -74.2611884698766, 4.73272454905316 ], [ -74.261192061119402, 4.73272703165178 ], [ -74.261195652362304, 4.73272951425035 ], [ -74.261199244505406, 4.73273199594246 ], [ -74.261202836648494, 4.73273447763454 ], [ -74.261206429691896, 4.73273695842015 ], [ -74.261210021835097, 4.73273944011219 ], [ -74.261213614876894, 4.73274191999291 ], [ -74.261217207920396, 4.73274440077845 ], [ -74.261220800962207, 4.73274688065913 ], [ -74.261224394004003, 4.73274936053979 ], [ -74.261227987947805, 4.73275184041879 ], [ -74.261231580989701, 4.73275432029939 ], [ -74.261235174931898, 4.73275679927354 ], [ -74.2612387688757, 4.73275927915244 ], [ -74.261242362817896, 4.73276175812653 ], [ -74.2612459558583, 4.73276423710224 ], [ -74.261249549802201, 4.73276671698106 ], [ -74.261647607095099, 4.73304131177836 ], [ -74.261651201039896, 4.73304379074951 ], [ -74.261654794984807, 4.73304626972066 ], [ -74.261658388931295, 4.73304874959657 ], [ -74.261661981975905, 4.7330512294741 ], [ -74.261665575020601, 4.73305370935161 ], [ -74.261669168067002, 4.7330561901339 ], [ -74.261672760213102, 4.73305867182262 ], [ -74.261676352359302, 4.73306115351133 ], [ -74.261679943605202, 4.73306363610645 ], [ -74.261683534852807, 4.73306611960637 ], [ -74.261687124298405, 4.73306860401435 ], [ -74.2616907137472, 4.73307109023193 ], [ -74.261694302295794, 4.73307357735596 ], [ -74.261697889944202, 4.73307606538639 ], [ -74.261701476692494, 4.73307855432327 ], [ -74.261705062543697, 4.73308104597618 ], [ -74.2617086474948, 4.73308353853553 ], [ -74.2617122306455, 4.73308603290777 ], [ -74.261715812895901, 4.73308852818645 ], [ -74.261719394249397, 4.73309102618115 ], [ -74.261722973802406, 4.73309352598876 ], [ -74.261726551556706, 4.73309602851404 ], [ -74.261730128412395, 4.7330985328506 ], [ -74.261733703467598, 4.73310103900002 ], [ -74.261737276724105, 4.73310354786712 ], [ -74.261740848180096, 4.73310605854713 ], [ -74.261744418740804, 4.733108572848 ], [ -74.261747986599204, 4.73311108896339 ], [ -74.261751552658794, 4.73311360779649 ], [ -74.261755116921293, 4.73311613025209 ], [ -74.261758678481399, 4.73311865452221 ], [ -74.2618624577822, 4.73319424796172 ], [ -74.261865953673706, 4.73319686464184 ], [ -74.261869447766401, 4.73319948403963 ], [ -74.261872939156902, 4.73320210525196 ], [ -74.261876428750199, 4.73320473008681 ], [ -74.261879916544601, 4.73320735763934 ], [ -74.2618834025387, 4.73320998700477 ], [ -74.261886886733905, 4.73321261908789 ], [ -74.261890369130398, 4.7332152538887 ], [ -74.261893849726405, 4.7332178905024 ], [ -74.261897329423803, 4.73322052892735 ], [ -74.261900807320799, 4.73322316916518 ], [ -74.261904283419, 4.7332258121207 ], [ -74.261907757716799, 4.73322845688911 ], [ -74.261911232016203, 4.7332311025623 ], [ -74.2619147036133, 4.73323375005004 ], [ -74.261918175213793, 4.73323639934735 ], [ -74.2619216450138, 4.73323905045757 ], [ -74.261925113913506, 4.73324170247421 ], [ -74.261928582815003, 4.73324435539563 ], [ -74.261932049915998, 4.73324701012995 ], [ -74.261935516116793, 4.73324966577071 ], [ -74.261938982319293, 4.73325232231623 ], [ -74.261942446717995, 4.73325497886502 ], [ -74.261945911120094, 4.73325763722341 ], [ -74.261949375522207, 4.73326029558179 ], [ -74.261952839024005, 4.73326295484658 ], [ -74.261956302527594, 4.73326561501616 ], [ -74.261959765129305, 4.73326827518737 ], [ -74.261963227731002, 4.73327093535856 ], [ -74.261966690334305, 4.73327359643451 ], [ -74.261970152936101, 4.73327625660565 ], [ -74.261971240305996, 4.73327709248008 ], [ -74.261974702909399, 4.73327975355598 ], [ -74.261978165511195, 4.73328241372704 ], [ -74.261981628113105, 4.73328507389809 ], [ -74.261985090714902, 4.73328773406912 ], [ -74.261988554218703, 4.73329039423848 ], [ -74.2619920177209, 4.73329305350299 ], [ -74.261995482123297, 4.73329571186104 ], [ -74.261998946525694, 4.73329837021904 ], [ -74.262002411828405, 4.73330102767058 ], [ -74.262005877127805, 4.73330368331247 ], [ -74.262009343329197, 4.73330633895271 ], [ -74.262012810430704, 4.73330899368643 ], [ -74.262016279332798, 4.73331164660724 ], [ -74.2620197482333, 4.73331429862321 ], [ -74.262023218034003, 4.73331694973271 ], [ -74.262026689635107, 4.73331959902924 ], [ -74.262030161233099, 4.73332224651616 ], [ -74.262033635535005, 4.73332489309329 ], [ -74.262037109832093, 4.73332753695596 ], [ -74.262040585931203, 4.73333017991051 ], [ -74.262044063829293, 4.73333282014733 ], [ -74.262047543529405, 4.73333545947602 ], [ -74.262051024126507, 4.73333809608859 ], [ -74.262054506522503, 4.73334072998342 ], [ -74.262057990718901, 4.73334336206533 ], [ -74.262061476714194, 4.73334599142949 ], [ -74.262064964510003, 4.7333486189807 ], [ -74.262068454104593, 4.73335124381418 ], [ -74.262071945498107, 4.73335386592989 ], [ -74.262075439590603, 4.73335648442141 ], [ -74.2620789354837, 4.73335910109999 ], [ -74.262182703110099, 4.73343468635015 ], [ -74.262186264673105, 4.7334372106172 ], [ -74.262189828938503, 4.73343973306967 ], [ -74.262193395001106, 4.73344225189959 ], [ -74.262196963766101, 4.73344476891491 ], [ -74.262200533426395, 4.73344728230932 ], [ -74.262204104887203, 4.73344979389081 ], [ -74.262207678145202, 4.73345230184972 ], [ -74.262211253205294, 4.73345480890052 ], [ -74.262214830062604, 4.73345731232876 ], [ -74.262218408722006, 4.73345981484886 ], [ -74.262221988278398, 4.73346231465287 ], [ -74.262225568733399, 4.73346481264559 ], [ -74.262229150989, 4.73346730882536 ], [ -74.262232734143097, 4.73346980319385 ], [ -74.262236319097696, 4.7334722957494 ], [ -74.262239904950903, 4.73347478649365 ], [ -74.262243491704396, 4.73347727633143 ], [ -74.262247079356499, 4.73347976435792 ], [ -74.262250667907196, 4.73348225057311 ], [ -74.2622542573598, 4.73348473678663 ], [ -74.262257846809106, 4.7334872211905 ], [ -74.262261438060605, 4.73348970468625 ], [ -74.262265029310399, 4.73349218727716 ], [ -74.262268621462198, 4.7334946698664 ], [ -74.262272213610601, 4.73349715064599 ], [ -74.262275806660995, 4.7334996314239 ], [ -74.262279399711403, 4.73350211220181 ], [ -74.2622829927586, 4.73350459117006 ], [ -74.262286586709195, 4.73350707104144 ], [ -74.262290180658297, 4.733509550008 ], [ -74.262293774609006, 4.73351202987933 ], [ -74.263718550779799, 4.73449489370732 ], [ -74.263722144737997, 4.73449737266365 ], [ -74.263725738696195, 4.73449985161995 ], [ -74.263729332654506, 4.7345023305762 ], [ -74.263732926612803, 4.73450480953244 ], [ -74.263736521471301, 4.73450728758218 ], [ -74.263740116328194, 4.73450976472709 ], [ -74.263743712087006, 4.73451224187035 ], [ -74.263747307844199, 4.73451471810875 ], [ -74.263750903601405, 4.73451719434712 ], [ -74.263754501159099, 4.73451966877256 ], [ -74.263758098715201, 4.73452214229316 ], [ -74.263761697169898, 4.73452461400248 ], [ -74.2637652965265, 4.73452708571012 ], [ -74.263768896781698, 4.73452955560645 ], [ -74.263772497935506, 4.73453202369151 ], [ -74.263776099989499, 4.73453449087008 ], [ -74.263779703844094, 4.7345369562357 ], [ -74.263783308595507, 4.73453941888522 ], [ -74.263786914247305, 4.73454188062827 ], [ -74.263790520797698, 4.73454434056002 ], [ -74.2637941300504, 4.73454679867717 ], [ -74.263797739298198, 4.73454925407987 ], [ -74.263801351246698, 4.73455170676317 ], [ -74.263804964093893, 4.73455415763519 ], [ -74.263808578739798, 4.73455660578944 ], [ -74.263812195186205, 4.73455905213077 ], [ -74.2638158134299, 4.73456149484952 ], [ -74.263819434375904, 4.73456393575368 ], [ -74.263823056217205, 4.73456637303694 ], [ -74.263826679857402, 4.73456880760243 ], [ -74.263830306196596, 4.73457123854374 ], [ -74.263913753979494, 4.73462592861213 ], [ -74.263998280948002, 4.73467892469479 ], [ -74.264002003515799, 4.7346812052601 ], [ -74.264005727879194, 4.73468348129802 ], [ -74.264009454043006, 4.73468575552301 ], [ -74.264013182004106, 4.73468802612542 ], [ -74.264016912665895, 4.73469029400845 ], [ -74.264020644224601, 4.73469255917537 ], [ -74.264024377582103, 4.73469482162452 ], [ -74.264028111836694, 4.73469708135758 ], [ -74.264031847889996, 4.73469933837289 ], [ -74.264035585743898, 4.73470159357525 ], [ -74.264039325396595, 4.73470384605987 ], [ -74.264043065045996, 4.73470609673483 ], [ -74.264046806495898, 4.73470834559686 ], [ -74.264050549746202, 4.73471059264594 ], [ -74.264054292991702, 4.73471283698056 ], [ -74.264058038039295, 4.73471508040706 ], [ -74.264061783083605, 4.73471732202389 ], [ -74.264065529928402, 4.7347195618278 ], [ -74.2640692776734, 4.73472180072521 ], [ -74.264073025416906, 4.73472403871778 ], [ -74.264076774058907, 4.73472627489906 ], [ -74.264080523601194, 4.73472851017387 ], [ -74.264084274042105, 4.73473074363737 ], [ -74.264088024483002, 4.73473297710085 ], [ -74.264091774923898, 4.73473521056432 ], [ -74.264095526263404, 4.73473744221646 ], [ -74.264099278504901, 4.73473967386694 ], [ -74.264103029842801, 4.73474190461424 ], [ -74.264106782082607, 4.73474413535985 ], [ -74.264110534322498, 4.73474636610544 ], [ -74.264114286560698, 4.73474859594619 ], [ -74.264187701705296, 4.73479223391766 ], [ -74.2641914539455, 4.73479446466268 ], [ -74.264195206185803, 4.73479669540765 ], [ -74.264198958426206, 4.73479892615261 ], [ -74.264202709764703, 4.73480115689918 ], [ -74.264206462006698, 4.7348033885489 ], [ -74.2642102133468, 4.73480562020022 ], [ -74.264213963786801, 4.73480785275799 ], [ -74.2642177151303, 4.73481008621889 ], [ -74.264221464671706, 4.73481232058787 ], [ -74.264225214214804, 4.73481455586163 ], [ -74.264228962857601, 4.73481679204182 ], [ -74.264232711502203, 4.73481902912679 ], [ -74.264236458346204, 4.73482126802467 ], [ -74.264240205193701, 4.73482350873212 ], [ -74.264243951140898, 4.73482575034601 ], [ -74.264247695286002, 4.73482799286797 ], [ -74.264251439435995, 4.73483023810434 ], [ -74.2642551817856, 4.73483248515361 ], [ -74.264258923235104, 4.7348347331093 ], [ -74.264262663787605, 4.73483698378103 ], [ -74.264266402541296, 4.73483923717047 ], [ -74.264270140396405, 4.73484149237116 ], [ -74.264273876451099, 4.73484374938473 ], [ -74.264277611608904, 4.73484600911436 ], [ -74.264281344066006, 4.73484827156333 ], [ -74.264285076527997, 4.73485053672671 ], [ -74.2642888062894, 4.73485280460942 ], [ -74.264292534251993, 4.73485507520983 ], [ -74.264296260415904, 4.73485734852795 ], [ -74.264299985684403, 4.73485962546693 ], [ -74.264303708252299, 4.73486190512527 ], [ -74.264395491198997, 4.73491956214452 ], [ -74.264485996222902, 4.73497921659565 ], [ -74.264489614472197, 4.73498166021444 ], [ -74.264493230022495, 4.73498410745739 ], [ -74.264496843773898, 4.73498655741805 ], [ -74.264500454826404, 4.73498901100286 ], [ -74.264504064980301, 4.73499146639891 ], [ -74.264507673335402, 4.73499392451266 ], [ -74.2645112789899, 4.73499638534577 ], [ -74.264514883747395, 4.73499884889492 ], [ -74.264518486706095, 4.73500131516177 ], [ -74.264522088766299, 4.73500378323989 ], [ -74.264525688124195, 4.73500625313251 ], [ -74.264529287485402, 4.73500872483475 ], [ -74.264532884145893, 4.73501119925633 ], [ -74.264536479907804, 4.73501367548915 ], [ -74.264540074771205, 4.73501615353323 ], [ -74.264543668734404, 4.73501863248372 ], [ -74.264547261798995, 4.73502111324547 ], [ -74.264550853063199, 4.7350235958201 ], [ -74.264554444329093, 4.73502607929952 ], [ -74.264558033794501, 4.73502856459183 ], [ -74.264561623261599, 4.73503105078892 ], [ -74.264565211828497, 4.73503353789245 ], [ -74.264568799495194, 4.7350360259024 ], [ -74.264572386261705, 4.7350385148188 ], [ -74.264575973028201, 4.73504100373516 ], [ -74.264579559797994, 4.73504349446113 ], [ -74.264583145665995, 4.73504598518872 ], [ -74.264586731533896, 4.73504847591626 ], [ -74.264590316501696, 4.73505096755024 ], [ -74.264593902371402, 4.73505345918257 ], [ -74.264597487339202, 4.73505595081651 ], [ -74.266961740547103, 4.73669905437574 ], [ -74.2672086552043, 4.7368694376267 ], [ -74.270170297323602, 4.73889858360204 ], [ -74.270573206264203, 4.73917144599654 ], [ -74.2708640423605, 4.73936612773077 ], [ -74.271266951785094, 4.7396389895709 ], [ -74.292276455523293, 4.7540326980998 ], [ -74.292280055050995, 4.75403516417379 ], [ -74.292283654578696, 4.75403763024775 ], [ -74.292287254106498, 4.75404009632169 ], [ -74.292290852732293, 4.75404256239731 ], [ -74.292294452260094, 4.7540450284712 ], [ -74.292298051787995, 4.75404749454505 ], [ -74.292301650415595, 4.75404996152539 ], [ -74.292305249945102, 4.754052428504 ], [ -74.292308848572802, 4.75405489548427 ], [ -74.292312447200501, 4.75405736246454 ], [ -74.292316045828201, 4.75405982944476 ], [ -74.2923196435558, 4.75406229733143 ], [ -74.292323241283398, 4.75406476521811 ], [ -74.292326839012702, 4.75406723400953 ], [ -74.292330436742006, 4.75406970280095 ], [ -74.292334033571095, 4.75407217249883 ], [ -74.292337630400297, 4.75407464219668 ], [ -74.2923412272294, 4.75407711189451 ], [ -74.292344823160093, 4.75407958340358 ], [ -74.292348419089095, 4.75408205400787 ], [ -74.292352015021507, 4.7540845264217 ], [ -74.292355610052098, 4.7540869988372 ], [ -74.292359204180798, 4.75408947125437 ], [ -74.292362798312894, 4.75409194548112 ], [ -74.292366392445004, 4.75409441970782 ], [ -74.292369985676899, 4.754096894841 ], [ -74.292373578008693, 4.75409937088065 ], [ -74.292377170340401, 4.75410184692028 ], [ -74.2923807617737, 4.75410432477116 ], [ -74.292384353206998, 4.75410680262203 ], [ -74.292387943740195, 4.75410928137934 ], [ -74.292609266571503, 4.75426459625288 ], [ -74.292828242639104, 4.75442322429387 ], [ -74.2928317567156, 4.75442581086297 ], [ -74.292835269891796, 4.75442839833849 ], [ -74.292838783069797, 4.75443098671881 ], [ -74.292842295347498, 4.75443357600558 ], [ -74.292845807627003, 4.75443616619715 ], [ -74.292849319004702, 4.75443875639036 ], [ -74.292852829483806, 4.75444134839485 ], [ -74.292856339962995, 4.75444394039932 ], [ -74.292859849540207, 4.75444653240545 ], [ -74.292863359121, 4.75444912622114 ], [ -74.292866868701694, 4.75445172003682 ], [ -74.292870377380495, 4.75445431385416 ], [ -74.292873885159196, 4.75445690857796 ], [ -74.292877392939602, 4.75445950420654 ], [ -74.292880900719993, 4.75446209983512 ], [ -74.292884407600297, 4.75446469637013 ], [ -74.292887914480502, 4.75446729290515 ], [ -74.292891421362498, 4.7544698903449 ], [ -74.292894927342601, 4.75447248778634 ], [ -74.292898434224696, 4.75447508522607 ], [ -74.292901939304599, 4.75447768357397 ], [ -74.292905445286493, 4.75448028192012 ], [ -74.292908951268402, 4.75448288026627 ], [ -74.292912456350095, 4.75448547951886 ], [ -74.292915961430197, 4.75448807786665 ], [ -74.292919466511904, 4.75449067711922 ], [ -74.292922971593796, 4.75449327637173 ], [ -74.292926476677295, 4.75449587652904 ], [ -74.292929981759102, 4.75449847578153 ], [ -74.292933485939102, 4.75450107503566 ], [ -74.292936991020994, 4.7545036742881 ], [ -74.293071757459998, 4.75460363453322 ], [ -74.293075267059095, 4.75460623739538 ], [ -74.293078776658106, 4.75460884025753 ], [ -74.293082286258894, 4.75461144402444 ], [ -74.293085795858005, 4.75461404688653 ], [ -74.293089305455396, 4.7546166488438 ], [ -74.293092815054607, 4.75461925170584 ], [ -74.293096325555595, 4.75462185456617 ], [ -74.2930998351531, 4.75462445652335 ], [ -74.293103345652497, 4.75462705847883 ], [ -74.293106856151994, 4.75462966043428 ], [ -74.293110366651504, 4.7546322623897 ], [ -74.293113877149295, 4.7546348634403 ], [ -74.293117388549007, 4.75463746448917 ], [ -74.293120899946999, 4.75464006463323 ], [ -74.293124411345104, 4.75464266477726 ], [ -74.293127922743196, 4.75464526492127 ], [ -74.293131435041502, 4.75464786415875 ], [ -74.293134948240095, 4.75465046248972 ], [ -74.293138460536795, 4.75465306082238 ], [ -74.293141973735402, 4.75465565915328 ], [ -74.293145487834195, 4.75465825657769 ], [ -74.293149001931297, 4.75466085309727 ], [ -74.293152516026794, 4.75466344871202 ], [ -74.293156031926102, 4.75466604432337 ], [ -74.293159546921899, 4.75466863903158 ], [ -74.293163062819502, 4.75467123373806 ], [ -74.293166579615701, 4.75467382663324 ], [ -74.293170096411899, 4.75467641952839 ], [ -74.293173614108397, 4.75467901151703 ], [ -74.293177132704997, 4.75468160259914 ], [ -74.293180651300005, 4.75468419277642 ], [ -74.293409053181904, 4.75484954545019 ], [ -74.293639998999197, 4.75501130208097 ], [ -74.293643597655901, 4.75501377990913 ], [ -74.2936471963109, 4.75501625683247 ], [ -74.293650795866199, 4.75501873284931 ], [ -74.293654395421399, 4.7550212088661 ], [ -74.293657996777199, 4.75502368306988 ], [ -74.293661597230994, 4.75502615727533 ], [ -74.293665198585003, 4.75502863057427 ], [ -74.293668800841004, 4.75503110387148 ], [ -74.293672403093694, 4.75503357535908 ], [ -74.293676006248205, 4.75503604684496 ], [ -74.293679609401096, 4.75503851742598 ], [ -74.293683212553901, 4.75504098800702 ], [ -74.293686816607007, 4.75504345768153 ], [ -74.293690420658507, 4.75504592645119 ], [ -74.293694025611899, 4.75504839521915 ], [ -74.293697630565205, 4.75505086398708 ], [ -74.293701235516906, 4.75505333185019 ], [ -74.293704841368907, 4.75505579880677 ], [ -74.293708447220794, 4.75505826576333 ], [ -74.293712053072795, 4.75506073271987 ], [ -74.293715658923105, 4.75506319877158 ], [ -74.293719265676998, 4.75506566572636 ], [ -74.293722872427594, 4.75506813087152 ], [ -74.293726478278003, 4.75507059692317 ], [ -74.293730085930505, 4.75507306206658 ], [ -74.293733692681101, 4.75507552721167 ], [ -74.293737299431797, 4.75507799235673 ], [ -74.293740906182407, 4.75508045750176 ], [ -74.293744513834994, 4.75508292264508 ], [ -74.293748120585704, 4.75508538779007 ], [ -74.293751728238405, 4.75508785293333 ], [ -74.3005025434732, 4.75970069215093 ], [ -74.300506146654101, 4.75970315453944 ], [ -74.300509749833495, 4.75970561602314 ], [ -74.300513353014495, 4.75970807841159 ], [ -74.300516956195594, 4.75971054080002 ], [ -74.300520559376594, 4.75971300318843 ], [ -74.3005241616559, 4.75971546557852 ], [ -74.300527764837, 4.75971792796687 ], [ -74.300531368018099, 4.75972039035521 ], [ -74.300534970299097, 4.75972285365002 ], [ -74.300538572578404, 4.75972531604 ], [ -74.300542174859501, 4.75972777933475 ], [ -74.300545777142204, 4.75973024353427 ], [ -74.300549379423302, 4.75973270682898 ], [ -74.300552980804198, 4.75973517103015 ], [ -74.300556582185095, 4.75973763523129 ], [ -74.300560183567796, 4.75974010033721 ], [ -74.300563784950398, 4.7597425654431 ], [ -74.3005673863331, 4.75974503054897 ], [ -74.3005709868156, 4.75974749656132 ], [ -74.300574586398, 4.75974996348013 ], [ -74.3005781868806, 4.75975242949242 ], [ -74.300581786464704, 4.75975489731599 ], [ -74.300585386048795, 4.75975736513951 ], [ -74.300588984731107, 4.75975983296472 ], [ -74.300592583414996, 4.75976230169471 ], [ -74.300596181198898, 4.75976477133118 ], [ -74.300599778982701, 4.7597672409676 ], [ -74.300603376768194, 4.75976971150881 ], [ -74.300606973653601, 4.75977218295648 ], [ -74.300610570540698, 4.75977465530893 ], [ -74.300614166526003, 4.75977712766306 ], [ -74.300866649913701, 4.75995331792888 ], [ -74.301116711987106, 4.7601329517866 ], [ -74.301364304886206, 4.76031599585122 ], [ -74.301367796530798, 4.76031861406989 ], [ -74.301371287276794, 4.76032123409981 ], [ -74.301374778022904, 4.76032385412972 ], [ -74.301378267868898, 4.76032647506611 ], [ -74.301381757714793, 4.76032909600246 ], [ -74.301385246662306, 4.76033171875008 ], [ -74.301388735608199, 4.7603343405929 ], [ -74.301392224557404, 4.76033696424527 ], [ -74.301395712604801, 4.76033958789932 ], [ -74.301399199750307, 4.76034221155505 ], [ -74.301402687799396, 4.76034483611386 ], [ -74.301406174946706, 4.76034746067435 ], [ -74.301409661193702, 4.7603500861413 ], [ -74.301413147442602, 4.76035271251303 ], [ -74.301416633689698, 4.76035533797995 ], [ -74.301420119938598, 4.76035796435161 ], [ -74.301423605287297, 4.76036059162978 ], [ -74.301427091537903, 4.7603632189062 ], [ -74.301430575984696, 4.760365846186 ], [ -74.301434061333495, 4.76036847346409 ], [ -74.301437546683999, 4.76037110164695 ], [ -74.301441031132597, 4.76037372983147 ], [ -74.301444515581295, 4.76037635801598 ], [ -74.301448000029893, 4.76037898620045 ], [ -74.301451484480296, 4.76038161528972 ], [ -74.301454968027201, 4.76038424347585 ], [ -74.301458452477604, 4.76038687256505 ], [ -74.301461936928106, 4.76038950165423 ], [ -74.301465420476703, 4.7603921307451 ], [ -74.301468904927205, 4.76039475983421 ], [ -74.301472388475901, 4.76039738892502 ], [ -74.312351381444898, 4.76860675926791 ], [ -74.312364138175496, 4.76861638543912 ], [ -74.3123768931043, 4.76862601251821 ], [ -74.3123896462331, 4.76863564141 ], [ -74.312402397566999, 4.76864527482887 ], [ -74.312415145300605, 4.76865491187346 ], [ -74.312427888535197, 4.76866455435507 ], [ -74.312440626372606, 4.76867420408502 ], [ -74.312453358812604, 4.76868386106331 ], [ -74.312466084056695, 4.76869352800775 ], [ -74.312478802103101, 4.76870320401357 ], [ -74.312491511154903, 4.76871289270337 ], [ -74.312504211208605, 4.76872259226755 ], [ -74.312516901369307, 4.76873230632702 ], [ -74.312529579833196, 4.76874203488524 ], [ -74.312542246601893, 4.76875177884699 ], [ -74.312554899873305, 4.7687615391205 ], [ -74.312567539652704, 4.76877131842015 ], [ -74.312580165036394, 4.76878111584288 ], [ -74.312592775126006, 4.76879093319999 ], [ -74.312605369022904, 4.7688007723028 ], [ -74.312617944925194, 4.76881063405954 ], [ -74.312630502832803, 4.76882051847021 ], [ -74.312643040945403, 4.76883042734783 ], [ -74.312655560166505, 4.7688403615955 ], [ -74.312668057793999, 4.76885032302794 ], [ -74.312680532925896, 4.76886031164689 ], [ -74.312692986467496, 4.76887032926022 ], [ -74.312705414812996, 4.76888037677962 ], [ -74.312717819766206, 4.76889045420162 ], [ -74.312730197724605, 4.76890056424749 ], [ -74.312742549590197, 4.76891070691555 ], [ -74.312860929491904, 4.76901084773454 ], [ -74.312976618658098, 4.76911410435182 ], [ -74.313089537581703, 4.76922040272748 ], [ -74.313199604953795, 4.76932966972989 ], [ -74.3132107859022, 4.76934109852802 ], [ -74.313221936241504, 4.76935255633781 ], [ -74.3132330568735, 4.76936404315756 ], [ -74.313244149598503, 4.76937555717423 ], [ -74.313255215318605, 4.76938709838609 ], [ -74.313266254028505, 4.76939866407877 ], [ -74.313277267533707, 4.76941025515363 ], [ -74.313288256730999, 4.76942186889454 ], [ -74.313299222522204, 4.76943350529981 ], [ -74.313310165806001, 4.76944516255811 ], [ -74.313321087483999, 4.76945684066774 ], [ -74.313331988454905, 4.76946853781737 ], [ -74.313342869618793, 4.76948025310049 ], [ -74.313353731877498, 4.76949198651538 ], [ -74.313364577029702, 4.76950373534422 ], [ -74.313375405979102, 4.76951550049006 ], [ -74.313386219622402, 4.76952727923683 ], [ -74.313397017959602, 4.76953907158452 ], [ -74.313407803692897, 4.76955087571837 ], [ -74.313418575922199, 4.76956269254488 ], [ -74.313429337347898, 4.76957451934453 ], [ -74.313440087968502, 4.76958635521252 ], [ -74.313450829587595, 4.76959820014539 ], [ -74.3134615631038, 4.76961005233186 ], [ -74.3134722885153, 4.7696219108671 ], [ -74.313483008527797, 4.76963377574596 ], [ -74.313493723137896, 4.76964564515888 ], [ -74.313504433245797, 4.7696575181993 ], [ -74.313515139753306, 4.7696693948655 ], [ -74.313525845360999, 4.76968127243796 ], [ -74.313536549166997, 4.76969315091837 ], [ -74.3145736136712, 4.77084408153518 ], [ -74.314577511810896, 4.77084840713082 ], [ -74.314581409952197, 4.77085273363121 ], [ -74.3145853071901, 4.7708570592285 ], [ -74.314589204429694, 4.77086138573054 ], [ -74.314593102569503, 4.77086571132603 ], [ -74.314596998907206, 4.77087003782973 ], [ -74.314600896148704, 4.77087436523646 ], [ -74.314604792486605, 4.77087869174009 ], [ -74.314608688828002, 4.77088302005326 ], [ -74.314612584265802, 4.77088734746333 ], [ -74.314616478803501, 4.77089167577988 ], [ -74.314620373342905, 4.77089600500118 ], [ -74.314624266980502, 4.77090033422418 ], [ -74.314628160619904, 4.77090466435193 ], [ -74.314632053359105, 4.77090899538616 ], [ -74.3146359451965, 4.7709133264221 ], [ -74.314639835231901, 4.77091765836623 ], [ -74.314643725270798, 4.77092199211992 ], [ -74.314647614407804, 4.77092632587528 ], [ -74.314651502644594, 4.77093066053714 ], [ -74.314655389981397, 4.77093499610547 ], [ -74.314659275516107, 4.77093933258202 ], [ -74.314663161052593, 4.77094366996332 ], [ -74.3146670447871, 4.77094800825282 ], [ -74.314670926721206, 4.77095234835533 ], [ -74.314674807755296, 4.77095668936431 ], [ -74.314678687889199, 4.77096103127979 ], [ -74.3146825662227, 4.77096537500825 ], [ -74.3146864436562, 4.77096971964321 ], [ -74.314690318385701, 4.7709740651881 ], [ -74.314694193118797, 4.77097841254252 ], [ -74.314792497973102, 4.77108982430927 ], [ -74.314796329488601, 4.77109420974689 ], [ -74.314800159201994, 4.7710985960927 ], [ -74.314803988017005, 4.77110298424979 ], [ -74.314807815029994, 4.7711073733151 ], [ -74.314811640240904, 4.7711117632886 ], [ -74.314815464553504, 4.77111615507339 ], [ -74.314819287063997, 4.77112054776639 ], [ -74.314823108674403, 4.77112494136587 ], [ -74.314826929386399, 4.77112933677662 ], [ -74.314830748294597, 4.77113373219079 ], [ -74.314834566304398, 4.77113812941623 ], [ -74.314838383412393, 4.77114252664336 ], [ -74.314842199622007, 4.77114692568179 ], [ -74.314846014929699, 4.77115132472189 ], [ -74.314849829338996, 4.77115572557326 ], [ -74.314853641944595, 4.77116012642805 ], [ -74.314857454551898, 4.77116452818762 ], [ -74.314861267159301, 4.77116892994712 ], [ -74.314865077964598, 4.77117333261486 ], [ -74.314868888771798, 4.77117773618733 ], [ -74.314872698676993, 4.77118213976151 ], [ -74.314876508584106, 4.77118654424044 ], [ -74.314880317591005, 4.77119094962584 ], [ -74.314884125694405, 4.77119535410816 ], [ -74.314887933799497, 4.77119975949523 ], [ -74.314891741906393, 4.77120416578707 ], [ -74.314895550011599, 4.77120857117407 ], [ -74.314899357216703, 4.77121297746754 ], [ -74.314903164421807, 4.77121738376099 ], [ -74.314906971626996, 4.7712217900544 ], [ -74.314910778832299, 4.77122619634778 ], [ -74.315254909931099, 4.77162449425766 ], [ -74.315260625265793, 4.77163110911302 ], [ -74.315266340600502, 4.77163772396828 ], [ -74.315272055935395, 4.77164433882347 ], [ -74.315277771268697, 4.77165095277379 ], [ -74.315283486602098, 4.77165756672403 ], [ -74.315289202837505, 4.77166418067244 ], [ -74.315294919072997, 4.7716707946208 ], [ -74.315300636208804, 4.77167740766256 ], [ -74.315306353344695, 4.77168402070422 ], [ -74.315312070478996, 4.77169063284104 ], [ -74.315317789417193, 4.7716972449743 ], [ -74.315323508353899, 4.7717038562027 ], [ -74.315329228190805, 4.77171046652451 ], [ -74.315334948027797, 4.77171707684622 ], [ -74.315340669665304, 4.77172368535483 ], [ -74.315346392204802, 4.77173029386162 ], [ -74.3153521147444, 4.77173690236835 ], [ -74.315357839084498, 4.77174350906195 ], [ -74.315363564324898, 4.77175011484895 ], [ -74.315369290465597, 4.77175671972935 ], [ -74.315375017506597, 4.77176332370315 ], [ -74.315380746349703, 4.77176992676864 ], [ -74.315386476993396, 4.771776528021 ], [ -74.315392207635398, 4.7717831283685 ], [ -74.315397940981498, 4.77178972780593 ], [ -74.315403675227898, 4.77179632633677 ], [ -74.315409410371203, 4.77180292215143 ], [ -74.315415148220296, 4.77180951796083 ], [ -74.3154208869679, 4.77181611195883 ], [ -74.315426627516004, 4.77182270414371 ], [ -74.315432369864595, 4.7718292945155 ], [ -74.315656384864496, 4.77208357368684 ], [ -74.315662199249104, 4.7720901005818 ], [ -74.315668014532307, 4.77209662566535 ], [ -74.315673832519494, 4.77210314983887 ], [ -74.315679652309001, 4.77210967310406 ], [ -74.315685472995298, 4.77211619365305 ], [ -74.315691295483802, 4.77212271329373 ], [ -74.315697118872606, 4.77212923202781 ], [ -74.315702944063602, 4.77213574985355 ], [ -74.315708771055, 4.77214226586617 ], [ -74.315714598944993, 4.7721487800674 ], [ -74.315720427737105, 4.77215529426682 ], [ -74.315726257427698, 4.77216180665487 ], [ -74.315732088922204, 4.77216831903935 ], [ -74.315737921315304, 4.77217482961247 ], [ -74.315743754608704, 4.77218133927896 ], [ -74.315749588804096, 4.77218784894365 ], [ -74.315755423897997, 4.77219435679695 ], [ -74.315761259894003, 4.77220086464845 ], [ -74.315767096790296, 4.77220737159333 ], [ -74.315772934586803, 4.77221387763162 ], [ -74.315778772383496, 4.77222038366984 ], [ -74.315784611080502, 4.77222688880144 ], [ -74.315790449777495, 4.77223339393297 ], [ -74.315796289374902, 4.7722398981579 ], [ -74.315802129874299, 4.772246402381 ], [ -74.3158079694702, 4.77225290570098 ], [ -74.315813809968105, 4.77225940901915 ], [ -74.315819651368002, 4.77226591233549 ], [ -74.315825491866093, 4.77227241565349 ], [ -74.315831333264498, 4.77227891806489 ], [ -74.315837174664694, 4.772285421381 ], [ -74.316606673198507, 4.77314208167112 ], [ -74.316610566874104, 4.77314641720915 ], [ -74.316614461451607, 4.77315075274542 ], [ -74.316618356029196, 4.77315508828165 ], [ -74.316622250605107, 4.77315942291305 ], [ -74.316626145182695, 4.77316375844921 ], [ -74.316630039758707, 4.77316809308055 ], [ -74.316633934334803, 4.77317242771184 ], [ -74.316637829812805, 4.77317676234137 ], [ -74.316641725290793, 4.77318109697086 ], [ -74.316645620768895, 4.77318543160031 ], [ -74.316649516245306, 4.77318976532495 ], [ -74.316653412623694, 4.7731940990478 ], [ -74.316657309000405, 4.77319843186584 ], [ -74.316661206279093, 4.7732027646821 ], [ -74.316665103557796, 4.77320709749835 ], [ -74.316669001736699, 4.77321142940802 ], [ -74.316672899915702, 4.77321576131767 ], [ -74.316676798994905, 4.77322009232075 ], [ -74.316680698074194, 4.77322442332379 ], [ -74.316684598053698, 4.77322875342028 ], [ -74.316688498935093, 4.77323308351502 ], [ -74.316692399813107, 4.77323741180012 ], [ -74.316696301594902, 4.77324174098826 ], [ -74.316700204275094, 4.77324606836504 ], [ -74.316704107857205, 4.77325039574005 ], [ -74.316708011437797, 4.77325472221023 ], [ -74.316711916822101, 4.77325904867693 ], [ -74.316715822203093, 4.77326337333401 ], [ -74.316719728486007, 4.77326769798932 ], [ -74.316723635667401, 4.77327202083328 ], [ -74.316727543750801, 4.77327634367549 ], [ -74.316908192083304, 4.77347413861101 ], [ -74.317090779793901, 4.77367013282743 ], [ -74.317094773410901, 4.77367437588025 ], [ -74.317098767929807, 4.7736786189313 ], [ -74.317102763347194, 4.77368286017101 ], [ -74.317106759666601, 4.77368710140894 ], [ -74.317110755984302, 4.77369134174204 ], [ -74.317114754105802, 4.77369558207164 ], [ -74.317118752224005, 4.77369982059164 ], [ -74.317122751244099, 4.77370405910985 ], [ -74.317126751164395, 4.77370829672152 ], [ -74.317130751083099, 4.77371253342836 ], [ -74.317134751903694, 4.77371677013343 ], [ -74.317138753624505, 4.77372100593194 ], [ -74.317142756247307, 4.77372524172867 ], [ -74.317146758868404, 4.77372947662059 ], [ -74.317150761487895, 4.77373371060768 ], [ -74.317154765009207, 4.77373794459298 ], [ -74.317158769432595, 4.77374217857653 ], [ -74.317162773854207, 4.77374641165525 ], [ -74.317166778276004, 4.77375064473394 ], [ -74.317170783597902, 4.77375487690605 ], [ -74.3171747889199, 4.77375910907813 ], [ -74.317178795143803, 4.77376334124845 ], [ -74.317182801366101, 4.77376757251394 ], [ -74.317186807588399, 4.77377180377939 ], [ -74.317190813810797, 4.7737760350448 ], [ -74.3171948209351, 4.77378026630845 ], [ -74.317198827155806, 4.77378449666901 ], [ -74.317202834280295, 4.77378872793257 ], [ -74.317206841403006, 4.77379295829131 ], [ -74.317210848527495, 4.77379718955481 ], [ -74.317214855650406, 4.77380141991348 ], [ -74.317540355512193, 4.77414507415091 ], [ -74.317544359926501, 4.77414930089253 ], [ -74.317548363440693, 4.77415352854064 ], [ -74.317552366953294, 4.7741577552839 ], [ -74.3175563704675, 4.77416198293193 ], [ -74.317560373981905, 4.77416621057993 ], [ -74.317564377498002, 4.77417043913267 ], [ -74.3175683801106, 4.77417466678232 ], [ -74.317572382724904, 4.77417889533672 ], [ -74.317576384439107, 4.7741831247976 ], [ -74.317580386153296, 4.77418735425845 ], [ -74.317584387867598, 4.77419158371926 ], [ -74.317588388681799, 4.77419581408656 ], [ -74.317592388595799, 4.77420004536033 ], [ -74.317596387608006, 4.77420427663581 ], [ -74.317600386621905, 4.77420850881605 ], [ -74.317604383833896, 4.77421274190448 ], [ -74.317608381047606, 4.77421697589768 ], [ -74.317612377359396, 4.77422120989256 ], [ -74.317616372772903, 4.77422544569873 ], [ -74.317620367286196, 4.77422968241138 ], [ -74.317624360897597, 4.77423391912571 ], [ -74.317628352708795, 4.77423815765305 ], [ -74.317632344521698, 4.77424239708517 ], [ -74.317636334532693, 4.77424663742548 ], [ -74.317640322741497, 4.77425087867401 ], [ -74.317644310953895, 4.77425512173208 ], [ -74.3176482973643, 4.77425936569838 ], [ -74.317652281972599, 4.7742636105729 ], [ -74.317656265682501, 4.77426785725867 ], [ -74.317660247592102, 4.77427210575746 ], [ -74.317664227699694, 4.77427635516448 ], [ -74.317804938898306, 4.77442861580415 ], [ -74.317808861387803, 4.77443291870328 ], [ -74.3178127829771, 4.77443722250886 ], [ -74.317816702766095, 4.77444152812748 ], [ -74.317820621656793, 4.77444583555736 ], [ -74.317824538745299, 4.77445014389546 ], [ -74.317828454933803, 4.77445445314004 ], [ -74.317832369322005, 4.77445876419763 ], [ -74.317836282808301, 4.77446307525694 ], [ -74.317840194494295, 4.77446738812922 ], [ -74.317844106182093, 4.77447170190629 ], [ -74.317848016069505, 4.77447601749633 ], [ -74.317851925055194, 4.77448033308809 ], [ -74.317855833140698, 4.77448464958633 ], [ -74.317859739424094, 4.77448896699279 ], [ -74.317863645709394, 4.77449328530401 ], [ -74.317867551094494, 4.7744976045217 ], [ -74.317871455577801, 4.77450192374109 ], [ -74.317875360064505, 4.77450624477004 ], [ -74.317879262747496, 4.7745105658024 ], [ -74.317883165430601, 4.77451488683473 ], [ -74.317887068115397, 4.77451920877182 ], [ -74.317890968998199, 4.77452353161712 ], [ -74.317894869881101, 4.77452785446237 ], [ -74.317898770765694, 4.77453217821239 ], [ -74.317902671648696, 4.77453650105759 ], [ -74.317906571633202, 4.77454082571405 ], [ -74.317910470714196, 4.77454514946744 ], [ -74.317914370698901, 4.77454947412382 ], [ -74.3179182697817, 4.77455379878192 ], [ -74.317922168862793, 4.77455812253519 ], [ -74.317926067945706, 4.7745624471932 ], [ -74.318621224380195, 4.77533344782416 ], [ -74.318630002306193, 4.77534318280445 ], [ -74.318638780232504, 4.77535291778455 ], [ -74.318647558158901, 4.77536265276447 ], [ -74.318656337887802, 4.77537238683595 ], [ -74.318665117615097, 4.77538212000245 ], [ -74.318673898242906, 4.77539185226224 ], [ -74.318682679771101, 4.77540158361534 ], [ -74.318691464001901, 4.77541131315345 ], [ -74.318700249133002, 4.77542104178488 ], [ -74.318709036064803, 4.77543076860307 ], [ -74.318717825697306, 4.77544049270151 ], [ -74.318726617132199, 4.77545021589148 ], [ -74.318735411266204, 4.77545993545694 ], [ -74.318744208102601, 4.77546965320743 ], [ -74.318753007639799, 4.77547936823816 ], [ -74.318761810779804, 4.7754890805474 ], [ -74.318770617522404, 4.77549879013515 ], [ -74.318779426963999, 4.77550849609837 ], [ -74.318788240908603, 4.77551819843356 ], [ -74.318797058454095, 4.77552789714248 ], [ -74.318805880502396, 4.77553759222339 ], [ -74.318814707051899, 4.77554728277151 ], [ -74.318823538104297, 4.7755569696916 ], [ -74.318832373655994, 4.77556665117409 ], [ -74.318841214612604, 4.77557632902685 ], [ -74.318850060068499, 4.77558600144201 ], [ -74.318858911829395, 4.7755956693209 ], [ -74.318867768991595, 4.77560533176048 ], [ -74.318876632457005, 4.77561498875898 ], [ -74.318885501323706, 4.77562464031816 ], [ -74.318894376493603, 4.77563428643628 ], [ -74.3191069394599, 4.77586146463193 ], [ -74.319323100015893, 4.77608520030438 ], [ -74.319542804835194, 4.77630543474137 ], [ -74.319765996088293, 4.77652211285846 ], [ -74.319992615942297, 4.77673517776178 ], [ -74.320002238293199, 4.77674407415569 ], [ -74.320011866041796, 4.77675296330069 ], [ -74.320021499193501, 4.77676184791113 ], [ -74.320031137743001, 4.77677072527261 ], [ -74.320040781695596, 4.77677959809955 ], [ -74.320050430145798, 4.77678846458406 ], [ -74.320060083998996, 4.77679732653402 ], [ -74.320069742351706, 4.77680618304635 ], [ -74.320079404301794, 4.7768150341228 ], [ -74.320089071656597, 4.77682388156947 ], [ -74.320098742609005, 4.77683272358025 ], [ -74.320108417162302, 4.77684156196471 ], [ -74.320118095316502, 4.77685039672289 ], [ -74.320127777069899, 4.77685922694996 ], [ -74.320137462424299, 4.77686805355071 ], [ -74.3201471504794, 4.7768768774317 ], [ -74.320156841233597, 4.77688569768811 ], [ -74.320166535590502, 4.77689451522298 ], [ -74.320176231746203, 4.77690333003984 ], [ -74.320185929700799, 4.77691214213863 ], [ -74.320195630356096, 4.77692095151764 ], [ -74.320205332813799, 4.77692975998816 ], [ -74.320215037070298, 4.77693856574067 ], [ -74.320224743127397, 4.7769473696799 ], [ -74.320234450083206, 4.77695617180761 ], [ -74.320244157939499, 4.77696497302859 ], [ -74.320253867597998, 4.77697377334109 ], [ -74.320263577255105, 4.77698257274862 ], [ -74.320273287812498, 4.77699137124939 ], [ -74.320282998370203, 4.77700016974995 ], [ -74.320292709830099, 4.77700896824858 ], [ -74.320799407314098, 4.7774680274728 ], [ -74.320805881628004, 4.777473892528 ], [ -74.320812355942095, 4.77747975758308 ], [ -74.320818830256201, 4.77748562263808 ], [ -74.320825305470606, 4.77749148678648 ], [ -74.320831780685197, 4.77749735093476 ], [ -74.320838256798197, 4.77750321327164 ], [ -74.320844734715195, 4.77750907560495 ], [ -74.320851212628895, 4.77751493612861 ], [ -74.320857692342997, 4.77752079483911 ], [ -74.3208641729574, 4.77752665264299 ], [ -74.320870655372204, 4.77753250863372 ], [ -74.320877139587495, 4.77753836281133 ], [ -74.320883625603201, 4.77754421517578 ], [ -74.320890113419395, 4.77755006572707 ], [ -74.3208966039345, 4.77755591265393 ], [ -74.320903096250106, 4.77756175776763 ], [ -74.320909590364394, 4.77756760016338 ], [ -74.320916088081205, 4.77757343983774 ], [ -74.320922587596698, 4.77757927679418 ], [ -74.320929090713094, 4.7775851101244 ], [ -74.320935596528301, 4.77759093983017 ], [ -74.320942105944397, 4.77759676590972 ], [ -74.320948618059305, 4.77760258836483 ], [ -74.320955133775101, 4.77760840719374 ], [ -74.320961653089896, 4.77761422149168 ], [ -74.320968176907499, 4.77762003216166 ], [ -74.320974703422195, 4.7776258383024 ], [ -74.320981235337996, 4.77763163900389 ], [ -74.3209877708547, 4.77763743607919 ], [ -74.320994309968697, 4.77764322771871 ], [ -74.321000854483898, 4.77764901391897 ], [ -74.321173627333096, 4.77779844935321 ], [ -74.321349498479904, 4.77794420258278 ], [ -74.321528389331505, 4.77808620861205 ], [ -74.321535288383103, 4.77809156434535 ], [ -74.321542192834301, 4.77809691373457 ], [ -74.3215490999808, 4.77810225768975 ], [ -74.321556011628303, 4.77810759711221 ], [ -74.321562926874805, 4.77811293200367 ], [ -74.321569845718699, 4.77811826145933 ], [ -74.321576768163396, 4.77812358728879 ], [ -74.321583694205401, 4.77812890768247 ], [ -74.321590622947994, 4.77813422535647 ], [ -74.321597554386102, 4.77813953759643 ], [ -74.321604489426605, 4.77814484711497 ], [ -74.321611427164399, 4.77815015210424 ], [ -74.321618366700804, 4.77815545437558 ], [ -74.321625309838097, 4.7781607530207 ], [ -74.321632254774002, 4.77816604894788 ], [ -74.321639201508702, 4.77817134215712 ], [ -74.3216461509422, 4.7781766317419 ], [ -74.321653102176199, 4.7781819195135 ], [ -74.321660054307003, 4.77818720456891 ], [ -74.321667009140199, 4.77819248780944 ], [ -74.3216739648702, 4.77819776833373 ], [ -74.321680922402294, 4.77820304794969 ], [ -74.321687880832997, 4.77820832575422 ], [ -74.321694841064101, 4.7782136017456 ], [ -74.321701801293599, 4.77821887683208 ], [ -74.321708762421693, 4.77822415010714 ], [ -74.321715725353599, 4.77822942337864 ], [ -74.321722687382007, 4.77823469574698 ], [ -74.321729650310701, 4.7782399672087 ], [ -74.321736614139596, 4.77824523776377 ], [ -74.321743577970395, 4.77825050922355 ], [ -74.325608391626304, 4.78117595226803 ], [ -74.325618923260095, 4.78118392389971 ], [ -74.325629455796104, 4.78119189552944 ], [ -74.325639988328703, 4.78119986534934 ], [ -74.325650522663693, 4.78120783426075 ], [ -74.325661056997205, 4.78121580226713 ], [ -74.3256715940297, 4.78122376664891 ], [ -74.325682132862696, 4.78123172921737 ], [ -74.325692674394702, 4.78123968816125 ], [ -74.325703218625705, 4.7812476434805 ], [ -74.325713765555804, 4.78125559517513 ], [ -74.325724316083196, 4.78126354143382 ], [ -74.325734870211505, 4.78127148406618 ], [ -74.325745428837493, 4.78127942035605 ], [ -74.325755991059097, 4.78128735030521 ], [ -74.325766558682005, 4.78129527481494 ], [ -74.325777131702594, 4.78130319207568 ], [ -74.325787709219099, 4.78131110208918 ], [ -74.325798293035206, 4.78131900485191 ], [ -74.325808882245695, 4.78132689855609 ], [ -74.325819478656001, 4.78133478410299 ], [ -74.325830081362398, 4.78134266058957 ], [ -74.325840691265299, 4.7813505271093 ], [ -74.325851309266397, 4.78135838366044 ], [ -74.325861933561896, 4.78136623024647 ], [ -74.325872566855907, 4.78137406595738 ], [ -74.325883208244704, 4.78138188989011 ], [ -74.325893858628504, 4.78138970113816 ], [ -74.325904518008898, 4.78139750060628 ], [ -74.325915186384293, 4.7814052873897 ], [ -74.325925863754705, 4.78141306148842 ], [ -74.325936551920293, 4.78142082108937 ], [ -74.326134563719194, 4.78156072636606 ], [ -74.326335916800801, 4.78169574646737 ], [ -74.326540491954304, 4.78182580109569 ], [ -74.326748168169701, 4.78195081267137 ], [ -74.326958820836097, 4.78207070724106 ], [ -74.327172324443893, 4.782185412663 ], [ -74.327388553493904, 4.78229486222428 ], [ -74.327607378878795, 4.78239898921925 ], [ -74.327619370531806, 4.78240450690441 ], [ -74.327631369372398, 4.78241001009874 ], [ -74.327643375398793, 4.78241549789745 ], [ -74.327655387710905, 4.78242097120711 ], [ -74.327667406308507, 4.78242643002767 ], [ -74.327679431195406, 4.78243187616873 ], [ -74.327691462369501, 4.7824373087255 ], [ -74.327703498030701, 4.78244272951106 ], [ -74.327715539981099, 4.78244813761711 ], [ -74.327727586420195, 4.78245353485672 ], [ -74.327739637348103, 4.78245892122989 ], [ -74.327751693668404, 4.78246429763968 ], [ -74.327763754479307, 4.7824696640878 ], [ -74.327775818878706, 4.78247502057602 ], [ -74.327787886868606, 4.78248036800911 ], [ -74.327799959354095, 4.78248570819493 ], [ -74.327812034529899, 4.78249104023217 ], [ -74.327824113299499, 4.78249636502384 ], [ -74.327836194761005, 4.78250168257172 ], [ -74.327848278916207, 4.7825069937806 ], [ -74.327860365768601, 4.78251230046002 ], [ -74.327872454412699, 4.78251760080221 ], [ -74.327884545753903, 4.78252289661493 ], [ -74.327896638892199, 4.78252818880476 ], [ -74.327908732925493, 4.78253347737341 ], [ -74.327920828755794, 4.78253876231917 ], [ -74.327932926384804, 4.78254404454681 ], [ -74.327945024010504, 4.78254932496462 ], [ -74.327957122534798, 4.78255460357082 ], [ -74.327969221059206, 4.78255988217678 ], [ -74.327981320482095, 4.78256515897114 ], [ -74.329370154547902, 4.78317091327712 ], [ -74.329374155197996, 4.78317265808638 ], [ -74.329378154946298, 4.78317440289737 ], [ -74.3293821546945, 4.78317614770834 ], [ -74.329386154442801, 4.78317789251926 ], [ -74.329390154191103, 4.78317963733017 ], [ -74.329394153941095, 4.78318138304583 ], [ -74.329398153691201, 4.78318312876145 ], [ -74.329402152541107, 4.78318487538358 ], [ -74.329406152292904, 4.78318662200395 ], [ -74.3294101511446, 4.78318836953081 ], [ -74.329414149996296, 4.78319011705764 ], [ -74.329418147947806, 4.78319186549098 ], [ -74.329422145901106, 4.78319361482907 ], [ -74.329426143854405, 4.78319536416714 ], [ -74.329430141811201, 4.78319711531476 ], [ -74.329434138866205, 4.78319886646409 ], [ -74.329438135020993, 4.78320061851992 ], [ -74.329442131179206, 4.7832023723853 ], [ -74.329446127337505, 4.78320412625064 ], [ -74.329450122597393, 4.78320588192729 ], [ -74.329454116957194, 4.78320763851043 ], [ -74.329458111320406, 4.78320939690312 ], [ -74.329462105683703, 4.78321115529578 ], [ -74.329466098246598, 4.78321291550148 ], [ -74.329470090813103, 4.78321467751674 ], [ -74.329474083381299, 4.78321644043673 ], [ -74.329478074149193, 4.78321820516977 ], [ -74.329482064920597, 4.78321997171236 ], [ -74.3294860547919, 4.78322173916144 ], [ -74.329490043764693, 4.78322350842184 ], [ -74.329494032741096, 4.78322527949175 ], [ -74.329623440664804, 4.78328389378101 ], [ -74.329627402697795, 4.78328572371353 ], [ -74.329631364732606, 4.7832875545508 ], [ -74.329635324968805, 4.7832893881059 ], [ -74.329639284304903, 4.7832912225675 ], [ -74.329643243646203, 4.78329305974343 ], [ -74.329647202085596, 4.78329489692109 ], [ -74.329651159628298, 4.78329673681482 ], [ -74.329655116269194, 4.78329857671028 ], [ -74.329659072915305, 4.78330041932006 ], [ -74.329663028659496, 4.78330226193157 ], [ -74.329666984407197, 4.78330410635261 ], [ -74.329670939254797, 4.78330595168016 ], [ -74.329674893202196, 4.78330779791422 ], [ -74.329678847153204, 4.78330964595783 ], [ -74.329682801104099, 4.7833114940014 ], [ -74.329686754156697, 4.78331334385626 ], [ -74.329690706307304, 4.78331519371284 ], [ -74.329694658459701, 4.78331704447419 ], [ -74.329698610613903, 4.78331889614029 ], [ -74.329702561867904, 4.7833207487129 ], [ -74.329706513123696, 4.78332260219026 ], [ -74.329710464379502, 4.78332445566759 ], [ -74.329714415637099, 4.78332631004969 ], [ -74.329718365992704, 4.78332816443349 ], [ -74.329722316348395, 4.78333001881729 ], [ -74.329726266705904, 4.78333187410583 ], [ -74.329730217065105, 4.78333373029913 ], [ -74.329734166520694, 4.78333558558935 ], [ -74.329738116879895, 4.78333744178259 ], [ -74.329742066337204, 4.78333929797755 ], [ -74.329746016696504, 4.78334115417073 ], [ -74.329916404858096, 4.78342122368065 ], [ -74.329920355218107, 4.78342307987256 ], [ -74.329924304676197, 4.78342493606619 ], [ -74.329928255034503, 4.78342679135326 ], [ -74.329932205392794, 4.78342864664029 ], [ -74.329936155749294, 4.78343050102252 ], [ -74.329940107007801, 4.78343235540297 ], [ -74.329944058264601, 4.78343420887858 ], [ -74.329948009517906, 4.78343606054463 ], [ -74.329951961673103, 4.78343791220887 ], [ -74.329955914726796, 4.78343976206177 ], [ -74.329959867776907, 4.78344161010508 ], [ -74.329963821727304, 4.78344345724182 ], [ -74.329967776576098, 4.78344530256719 ], [ -74.329971732325106, 4.78344714698602 ], [ -74.329975688969, 4.78344898778391 ], [ -74.329979646513095, 4.78345082767525 ], [ -74.329983604953895, 4.78345266485044 ], [ -74.329987565194998, 4.78345450021254 ], [ -74.329991525430898, 4.78345633286026 ], [ -74.329995487465496, 4.78345816279008 ], [ -74.329999450396699, 4.78345999000377 ], [ -74.330003415126498, 4.78346181449958 ], [ -74.330007381653104, 4.78346363537271 ], [ -74.3300113490765, 4.7834654535297 ], [ -74.330015317394697, 4.78346726806579 ], [ -74.330019288413496, 4.78346907988222 ], [ -74.330023260325504, 4.78347088717295 ], [ -74.330027234036095, 4.7834726917458 ], [ -74.330031209541801, 4.78347449179118 ], [ -74.330035186842693, 4.78347628730911 ], [ -74.330039165940306, 4.78347807920436 ], [ -74.330136795187897, 4.78352044900046 ], [ -74.330235499051, 4.78356023623566 ], [ -74.330239567924806, 4.78356181261547 ], [ -74.330243638591995, 4.78356338356305 ], [ -74.330247711057794, 4.78356495179273 ], [ -74.330251784415097, 4.78356651459192 ], [ -74.330255860472803, 4.78356807467148 ], [ -74.330259936523603, 4.78356963113185 ], [ -74.330264014369504, 4.78357118306479 ], [ -74.330268094014002, 4.78357273227982 ], [ -74.3302721745534, 4.78357427787393 ], [ -74.330276255989503, 4.78357582075192 ], [ -74.330280339224203, 4.78357736091201 ], [ -74.330284422451896, 4.78357889745292 ], [ -74.330288507478201, 4.78358043127596 ], [ -74.330292593403001, 4.78358196328764 ], [ -74.330296680224393, 4.7835834925832 ], [ -74.330300767942504, 4.78358501916261 ], [ -74.330304855657104, 4.78358654393242 ], [ -74.330308945172106, 4.78358806688912 ], [ -74.330313034683599, 4.78358958803622 ], [ -74.330317125093501, 4.78359110737198 ], [ -74.330321216401899, 4.7835926248964 ], [ -74.330325307706801, 4.78359414061122 ], [ -74.330329399911804, 4.78359565541944 ], [ -74.330333492115102, 4.78359716932289 ], [ -74.330337584316695, 4.78359868232149 ], [ -74.330341677418502, 4.78360019441354 ], [ -74.330345771420397, 4.78360170559901 ], [ -74.3303498645204, 4.78360321678621 ], [ -74.330353958520604, 4.78360472706685 ], [ -74.330358052519102, 4.78360623644267 ], [ -74.3303621456174, 4.78360774672499 ], [ -74.331842036945702, 4.78415352681576 ], [ -74.331846130950296, 4.78415503708562 ], [ -74.3318502249532, 4.78415654645067 ], [ -74.331854318956005, 4.78415805581569 ], [ -74.331858412958994, 4.78415956518067 ], [ -74.331862506960107, 4.78416107364085 ], [ -74.331866600961305, 4.784162582101 ], [ -74.331870695862605, 4.78416408965457 ], [ -74.3318747907622, 4.78416559630332 ], [ -74.331878886561995, 4.78416710204552 ], [ -74.331882982361805, 4.78416860778769 ], [ -74.331887078158104, 4.78417011172026 ], [ -74.331891174852899, 4.78417161384147 ], [ -74.331895271547594, 4.78417311596265 ], [ -74.331899369139094, 4.78417461536769 ], [ -74.331903466728704, 4.78417611386793 ], [ -74.3319075652186, 4.78417761146159 ], [ -74.331911664605101, 4.78417910633912 ], [ -74.331915763988206, 4.78418059940706 ], [ -74.331919865173305, 4.78418209156666 ], [ -74.331923966353202, 4.78418358101189 ], [ -74.331928068429804, 4.78418506774099 ], [ -74.3319321705047, 4.78418655356525 ], [ -74.331936274376304, 4.78418803576685 ], [ -74.331940379146403, 4.78418951615709 ], [ -74.331944484813206, 4.78419099383121 ], [ -74.331948591376701, 4.78419246878919 ], [ -74.331952698836801, 4.78419394103103 ], [ -74.331956807193606, 4.78419541055673 ], [ -74.331960916445396, 4.7841968764615 ], [ -74.331965027495698, 4.7841983396484 ], [ -74.331969138540799, 4.7841998001209 ], [ -74.332099669253694, 4.78424422095929 ], [ -74.332103817967806, 4.78424557187824 ], [ -74.332107967576803, 4.78424691917628 ], [ -74.332112118082506, 4.78424826375818 ], [ -74.3321162694848, 4.78424960562395 ], [ -74.332120422685804, 4.78425094477181 ], [ -74.332124575879703, 4.78425228030053 ], [ -74.332128729972098, 4.78425361401788 ], [ -74.332132884959407, 4.78425494411431 ], [ -74.332137041747004, 4.78425627239764 ], [ -74.332141197627493, 4.78425759796833 ], [ -74.332145355308299, 4.78425892172592 ], [ -74.332149513885795, 4.78426024276738 ], [ -74.332153672459796, 4.78426156199924 ], [ -74.332157831932193, 4.78426287941975 ], [ -74.332161991401094, 4.78426419503065 ], [ -74.332166152670396, 4.78426550882844 ], [ -74.332170313034197, 4.78426682081841 ], [ -74.3321744751984, 4.78426813099524 ], [ -74.332178636459005, 4.78426944026904 ], [ -74.332182799519799, 4.78427074772973 ], [ -74.332186961677095, 4.78427205428733 ], [ -74.332191124734507, 4.7842733599384 ], [ -74.332195288692006, 4.78427466468288 ], [ -74.332199451746007, 4.7842759685243 ], [ -74.332203615699996, 4.78427727145915 ], [ -74.332207779652407, 4.78427857348921 ], [ -74.332211944506696, 4.78427987551747 ], [ -74.332216108457303, 4.78428117664267 ], [ -74.332220273309801, 4.78428247776608 ], [ -74.332224437258702, 4.78428377798642 ], [ -74.3322286021113, 4.78428507910978 ], [ -74.332312011955807, 4.78431112849474 ], [ -74.332316176806799, 4.78431242871269 ], [ -74.332320341659596, 4.78431372983539 ], [ -74.332324505610401, 4.78431503095981 ], [ -74.332328670463198, 4.78431633208245 ], [ -74.332332834415794, 4.78431763411159 ], [ -74.332336998368504, 4.78431893614072 ], [ -74.332341162322905, 4.78432023907458 ], [ -74.332345326278997, 4.78432154291322 ], [ -74.332349489333296, 4.78432284675358 ], [ -74.332353652391106, 4.78432415240345 ], [ -74.332357815450607, 4.78432545895811 ], [ -74.332361977611697, 4.78432676732405 ], [ -74.332366139774606, 4.78432807659473 ], [ -74.332370301037301, 4.78432938677194 ], [ -74.332374462303505, 4.78433069875867 ], [ -74.332378622671399, 4.78433201255672 ], [ -74.332382783042704, 4.78433332816428 ], [ -74.332386942515697, 4.78433464558315 ], [ -74.332391101088504, 4.78433596390851 ], [ -74.332395258766297, 4.78433728585475 ], [ -74.332399416445995, 4.78433860870574 ], [ -74.332403573230707, 4.7843399351776 ], [ -74.332407729115303, 4.78434126255597 ], [ -74.332411884104999, 4.78434259355519 ], [ -74.332416039098206, 4.78434392636394 ], [ -74.332420192294606, 4.78434526279531 ], [ -74.332424344592496, 4.78434660103799 ], [ -74.3324284959956, 4.78434794290152 ], [ -74.332432647404005, 4.78434928747937 ], [ -74.332436797015504, 4.78435063567985 ], [ -74.332440945730397, 4.78435198659639 ], [ -74.332571475578405, 4.78439640732979 ], [ -74.332575587525199, 4.78439786689141 ], [ -74.3325796976752, 4.78439933007566 ], [ -74.332583807832194, 4.784400796879 ], [ -74.332587916190704, 4.7844022664002 ], [ -74.332592023652495, 4.78440373863745 ], [ -74.332596130217695, 4.7844052135908 ], [ -74.332600235886204, 4.7844066912602 ], [ -74.332604339754397, 4.78440817074266 ], [ -74.332608443629596, 4.78440965384425 ], [ -74.332612546606398, 4.7844111387571 ], [ -74.332616648686596, 4.78441262638605 ], [ -74.332620749868298, 4.78441411582629 ], [ -74.332624850151703, 4.78441560707781 ], [ -74.332628950440295, 4.78441710104366 ], [ -74.332633048926894, 4.78441859591778 ], [ -74.332637148318895, 4.78442009259968 ], [ -74.332641245910494, 4.78442159109462 ], [ -74.332645343505703, 4.78442309139911 ], [ -74.332649440200797, 4.7844245926101 ], [ -74.332653536899301, 4.78442609563065 ], [ -74.332657632697703, 4.78442759955769 ], [ -74.332661728497897, 4.7844291043895 ], [ -74.332665823397903, 4.7844306101278 ], [ -74.332669918301406, 4.78443211767565 ], [ -74.332674013204993, 4.78443362522348 ], [ -74.332678108108496, 4.78443513277127 ], [ -74.332682202111897, 4.78443664122555 ], [ -74.332686296117103, 4.7844381505846 ], [ -74.332690390122295, 4.78443965994362 ], [ -74.332694484129206, 4.7844411702074 ], [ -74.332698578134398, 4.78444267956637 ], [ -74.333122506398894, 4.78459902208062 ], [ -74.333126590479097, 4.78460052874147 ], [ -74.333130674557594, 4.7846020344975 ], [ -74.333134757735806, 4.78460354116003 ], [ -74.333138840914103, 4.78460504782255 ], [ -74.333142924996096, 4.78460655538805 ], [ -74.333147007274306, 4.78460806295703 ], [ -74.333151090457903, 4.7846095723338 ], [ -74.333155172739595, 4.7846110817123 ], [ -74.333159255024796, 4.78461259290034 ], [ -74.333163336408106, 4.78461410409011 ], [ -74.333167417796702, 4.78461561799419 ], [ -74.333171498283306, 4.78461713189999 ], [ -74.333175578775297, 4.78461864852014 ], [ -74.333179658367101, 4.78462016604678 ], [ -74.333183737060494, 4.78462168538472 ], [ -74.333187814857197, 4.78462320743873 ], [ -74.333191892655705, 4.7846247303975 ], [ -74.333195968655701, 4.78462625607411 ], [ -74.333200044660899, 4.78462778446504 ], [ -74.333204118865794, 4.78462931466902 ], [ -74.333208193076004, 4.78463084758731 ], [ -74.333212265487603, 4.78463238322345 ], [ -74.333216337904503, 4.78463392157389 ], [ -74.333220408524497, 4.78463546354698 ], [ -74.333224477344302, 4.7846370073331 ], [ -74.333228546172805, 4.78463855564311 ], [ -74.333232613202796, 4.78464010667096 ], [ -74.333236678434204, 4.78464166041664 ], [ -74.333240742772503, 4.78464321868796 ], [ -74.333244806215802, 4.78464478058016 ], [ -74.333248867862395, 4.78464634609496 ], [ -74.333407497500701, 4.78471109495598 ], [ -74.333563547628799, 4.78478187286831 ], [ -74.333716790767795, 4.78485857622543 ], [ -74.3338670021285, 4.78494109327281 ], [ -74.334013963219306, 4.78502930410079 ], [ -74.334157460041695, 4.7851230806481 ], [ -74.334297282183698, 4.78522228398931 ], [ -74.334433227343098, 4.78532677156424 ], [ -74.3345650968039, 4.78543638994851 ], [ -74.334692697248997, 4.78555097937385 ], [ -74.334815843464, 4.78567037281818 ], [ -74.334934355631503, 4.7857943960107 ], [ -74.335048060234797, 4.78592286833496 ], [ -74.335156792763598, 4.78605560282362 ], [ -74.335159489819802, 4.78605902851197 ], [ -74.335162182373494, 4.78606245782823 ], [ -74.335164872224993, 4.78606588895933 ], [ -74.335167559374298, 4.78606932190523 ], [ -74.3351702438232, 4.78607275757076 ], [ -74.335172924669706, 4.78607619595765 ], [ -74.335175603714205, 4.78607963525281 ], [ -74.335178280058201, 4.78608307726761 ], [ -74.335180953700004, 4.78608652109722 ], [ -74.335183624641402, 4.78608996764643 ], [ -74.335186293780694, 4.78609341510393 ], [ -74.335188960217806, 4.78609686437627 ], [ -74.335191624852897, 4.78610031455688 ], [ -74.335194287689404, 4.78610376745535 ], [ -74.335196948723905, 4.78610722126208 ], [ -74.335199607956397, 4.78611067597711 ], [ -74.335202265388602, 4.78611413250521 ], [ -74.335204921920607, 4.78611758993983 ], [ -74.335207576650603, 4.78612104828273 ], [ -74.335210230482204, 4.78612450843694 ], [ -74.335212882510007, 4.78612796859466 ], [ -74.335215533637694, 4.78613142965889 ], [ -74.335218183865294, 4.78613489162964 ], [ -74.335220833192693, 4.78613835450694 ], [ -74.335223481620005, 4.78614181829076 ], [ -74.335226130047403, 4.78614528207453 ], [ -74.335228776670903, 4.78614874586183 ], [ -74.335231424198099, 4.78615221055214 ], [ -74.335234070823503, 4.78615567524417 ], [ -74.335236717450599, 4.78615914084098 ], [ -74.335239363174097, 4.78616260553475 ], [ -74.337013599829007, 4.78848579618564 ], [ -74.337021557852296, 4.78849621642868 ], [ -74.337029517677905, 4.78850663576324 ], [ -74.337037478402195, 4.78851705328633 ], [ -74.337045442730798, 4.78852746899261 ], [ -74.337053409760202, 4.78853788197912 ], [ -74.337061383096199, 4.78854829133398 ], [ -74.337069360931594, 4.78855869525119 ], [ -74.337077345973697, 4.78856909463021 ], [ -74.337085339122794, 4.7885794885645 ], [ -74.337093340375304, 4.7885898752445 ], [ -74.337101351534997, 4.78860025466669 ], [ -74.337109373500496, 4.78861062501975 ], [ -74.337117406273407, 4.78862098720843 ], [ -74.337125451655695, 4.78863134032446 ], [ -74.337133511446197, 4.78864168164994 ], [ -74.337141584744501, 4.78865201209142 ], [ -74.337149673352798, 4.7886623307406 ], [ -74.337157777269297, 4.78867263669269 ], [ -74.337165899197998, 4.78868292903761 ], [ -74.337174039137196, 4.7886932068706 ], [ -74.337182198888797, 4.78870346928333 ], [ -74.337190377551096, 4.78871371627756 ], [ -74.337198576924294, 4.78872394604023 ], [ -74.337206798812304, 4.78873415856777 ], [ -74.3372150423113, 4.78874435295719 ], [ -74.337223310123704, 4.78875452739363 ], [ -74.337231602251094, 4.78876468278188 ], [ -74.337239919590203, 4.7887748164058 ], [ -74.337248263042895, 4.78878492826365 ], [ -74.337256633511203, 4.78879501835365 ], [ -74.337265031893395, 4.78880508486449 ], [ -74.337365452320697, 4.78892107927423 ], [ -74.337469705541906, 4.78903361983701 ], [ -74.337577672255705, 4.78914257920957 ], [ -74.337689232263699, 4.78924783276486 ], [ -74.337804258166003, 4.78934926312831 ], [ -74.337922620760295, 4.78944675383376 ], [ -74.337932883296702, 4.78945489673022 ], [ -74.337943169228495, 4.78946301153234 ], [ -74.337953475851904, 4.78947109915019 ], [ -74.337963804066902, 4.78947915867725 ], [ -74.337974152976997, 4.7894871928296 ], [ -74.337984519878205, 4.78949520251734 ], [ -74.337994905672304, 4.78950318773868 ], [ -74.338005309459305, 4.78951114940017 ], [ -74.338015730338896, 4.78951908840836 ], [ -74.338026167412707, 4.7895270065746 ], [ -74.338036618878803, 4.78953490480717 ], [ -74.338047085638905, 4.78954278310431 ], [ -74.338057565891106, 4.78955064237433 ], [ -74.3380680596388, 4.78955848442682 ], [ -74.338078565079996, 4.78956631017005 ], [ -74.338089083118305, 4.78957412050705 ], [ -74.338099611047994, 4.78958191544314 ], [ -74.338110149776298, 4.78958969769086 ], [ -74.338120696595695, 4.78959746635073 ], [ -74.338131253313406, 4.78960522322882 ], [ -74.338141817225704, 4.78961296923517 ], [ -74.338152388335899, 4.78962070617935 ], [ -74.338162966642201, 4.78962843315659 ], [ -74.338173549444306, 4.78963615288651 ], [ -74.338184138547803, 4.78964386627039 ], [ -74.338194731244997, 4.78965157240872 ], [ -74.338205327543093, 4.78965927492061 ], [ -74.338215926538297, 4.78966697290308 ], [ -74.338226527332296, 4.78967466816744 ], [ -74.338237129925105, 4.7896823607137 ], [ -74.338247733420005, 4.78969005325797 ], [ -74.339459480244699, 4.79056907067639 ], [ -74.339463015353104, 4.79057163514932 ], [ -74.339466549559603, 4.79057419962397 ], [ -74.339470082864196, 4.79057676410037 ], [ -74.339473616170594, 4.79057932948154 ], [ -74.339477148578695, 4.79058189667399 ], [ -74.339480680086595, 4.79058446477298 ], [ -74.339484210696099, 4.79058703468325 ], [ -74.339487739505401, 4.79058960640661 ], [ -74.339491266514401, 4.79059217994304 ], [ -74.3394947926285, 4.79059475710034 ], [ -74.339498316040405, 4.79059733607248 ], [ -74.339501836753598, 4.790599918669 ], [ -74.339505355668294, 4.79060250398338 ], [ -74.339508871884405, 4.79060509292215 ], [ -74.339512385403495, 4.79060768639013 ], [ -74.339515896223901, 4.79061028348248 ], [ -74.339519403443703, 4.79061288420101 ], [ -74.339522907066495, 4.79061549035527 ], [ -74.339526407092194, 4.79061810194525 ], [ -74.339529902617102, 4.79062071806796 ], [ -74.339533395446793, 4.79062333962464 ], [ -74.339536882877397, 4.79062596752533 ], [ -74.339540366711006, 4.79062860086176 ], [ -74.3395438451454, 4.79063124054225 ], [ -74.339547318182397, 4.79063388747157 ], [ -74.339550786720395, 4.79063653983838 ], [ -74.3395542498628, 4.79063920035877 ], [ -74.339557707607796, 4.79064186812801 ], [ -74.339561159053503, 4.79064454314784 ], [ -74.339564605101799, 4.7906472254165 ], [ -74.339568044854303, 4.7906499167453 ], [ -74.339652274989007, 4.79072022086967 ], [ -74.339732092766297, 4.79079552894004 ], [ -74.339807202716003, 4.79087556195842 ], [ -74.339877327374197, 4.79096002460557 ], [ -74.339942208183302, 4.79104860433446 ], [ -74.340001604596907, 4.79114097499103 ], [ -74.340055297682895, 4.79123679409289 ], [ -74.340103089233097, 4.79133570916438 ], [ -74.340144802656695, 4.79143735321095 ], [ -74.340180282994595, 4.79154135195736 ], [ -74.340209400521502, 4.79164732112621 ], [ -74.340210426174707, 4.79165157431631 ], [ -74.340211441910299, 4.79165582933541 ], [ -74.340212448632002, 4.79166008708653 ], [ -74.340213445436106, 4.79166434666667 ], [ -74.340214433226393, 4.79166860897882 ], [ -74.340215412903007, 4.79167287311644 ], [ -74.340216383562193, 4.79167713817652 ], [ -74.340217347011304, 4.79168140596508 ], [ -74.340218302346699, 4.79168567557911 ], [ -74.340219250470298, 4.79168994701684 ], [ -74.340220191380297, 4.7916942193735 ], [ -74.340221125980506, 4.79169849355209 ], [ -74.340222054269006, 4.79170276864783 ], [ -74.340222976247702, 4.79170704556552 ], [ -74.340223892816596, 4.79171132339858 ], [ -74.340224803975701, 4.79171560214702 ], [ -74.340225709726894, 4.79171988271564 ], [ -74.340226611870506, 4.79172416329133 ], [ -74.340227508606105, 4.79172844568718 ], [ -74.3402284017358, 4.79173272899488 ], [ -74.340229291257799, 4.79173701230963 ], [ -74.340230178075899, 4.79174129653448 ], [ -74.340231060386202, 4.79174558167296 ], [ -74.340231941794499, 4.79174986681319 ], [ -74.340232819597006, 4.79175415286527 ], [ -74.340233695597405, 4.79175843982566 ], [ -74.340234570695898, 4.7917627267878 ], [ -74.340235443088702, 4.79176701375527 ], [ -74.340236315481505, 4.79177130072271 ], [ -74.340237186972402, 4.79177558769192 ], [ -74.340238058465104, 4.79177987556592 ], [ -74.340265529244604, 4.79191507791791 ], [ -74.340266400736098, 4.79191936488696 ], [ -74.340267272229397, 4.7919236527608 ], [ -74.340268144622797, 4.79192793972808 ], [ -74.340269017016297, 4.79193222669535 ], [ -74.3402698921156, 4.79193651365732 ], [ -74.340270768115005, 4.79194079971273 ], [ -74.340271646820199, 4.79194508576283 ], [ -74.340272527329205, 4.79194937180938 ], [ -74.340273410542295, 4.79195365694585 ], [ -74.340274296459299, 4.79195794117222 ], [ -74.340275185982307, 4.79196222448674 ], [ -74.340276079112996, 4.79196650779419 ], [ -74.3402769758479, 4.79197078928499 ], [ -74.340277877994296, 4.79197507076518 ], [ -74.340278783744793, 4.79197935042871 ], [ -74.340279694906897, 4.79198363008165 ], [ -74.340280611476999, 4.79198790791439 ], [ -74.340281533456803, 4.79199218483176 ], [ -74.340282461746597, 4.79199645992717 ], [ -74.340283396348099, 4.79200073410541 ], [ -74.340284337259405, 4.7920050064617 ], [ -74.340285285384397, 4.79200927789907 ], [ -74.340286240719493, 4.79201354660795 ], [ -74.340287204170096, 4.79201781439611 ], [ -74.340288174832494, 4.79202208036056 ], [ -74.3402891545106, 4.79202634449776 ], [ -74.340290142300702, 4.7920306059047 ], [ -74.340291139108302, 4.79203486638918 ], [ -74.340292145829906, 4.79203912323506 ], [ -74.340293161568994, 4.79204337915847 ], [ -74.340294187222099, 4.79204763144331 ], [ -74.340323637924598, 4.79215468387324 ], [ -74.340359583062494, 4.79225972037138 ], [ -74.340401886579698, 4.79236234581203 ], [ -74.340450388985602, 4.79246217325849 ], [ -74.340504907360398, 4.79255882667738 ], [ -74.3405652371587, 4.79265194093519 ], [ -74.340631148607798, 4.79274116451965 ], [ -74.340702395731299, 4.7928261622365 ], [ -74.340778708228896, 4.7929066134158 ], [ -74.340859798696897, 4.79298221461226 ], [ -74.340945361726099, 4.79305267960695 ], [ -74.340948819489299, 4.79305534736405 ], [ -74.340952283548205, 4.79305800606092 ], [ -74.340955753906599, 4.79306065750714 ], [ -74.340959229660598, 4.79306330079968 ], [ -74.340962710812093, 4.79306593684336 ], [ -74.340966197360899, 4.79306856563812 ], [ -74.340969689309006, 4.79307118808878 ], [ -74.340973185754393, 4.79307380419711 ], [ -74.340976687597106, 4.79307641305654 ], [ -74.340980193036998, 4.7930790164802 ], [ -74.340983702975905, 4.79308161446629 ], [ -74.340987217412106, 4.79308420611004 ], [ -74.340990735447207, 4.79308679322279 ], [ -74.340994257079402, 4.79308937489974 ], [ -74.340997781408603, 4.79309195204746 ], [ -74.341001310238596, 4.7930945246624 ], [ -74.341004840865395, 4.79309709365466 ], [ -74.341008375090993, 4.79309965811591 ], [ -74.341011912015404, 4.7931022189527 ], [ -74.341015450738297, 4.79310477707156 ], [ -74.341018991258096, 4.79310733156775 ], [ -74.341022534480103, 4.79310988424906 ], [ -74.341026079498903, 4.79311243330766 ], [ -74.341029626318104, 4.79311498055314 ], [ -74.341033174035601, 4.79311752598728 ], [ -74.341036722651594, 4.79312006961004 ], [ -74.341040273069694, 4.79312261232446 ], [ -74.341043824386205, 4.79312515322753 ], [ -74.341047375700995, 4.79312769322578 ], [ -74.341050927015701, 4.79313023322402 ], [ -74.341054479232497, 4.79313277322045 ], [ -74.341649944030493, 4.79355848598632 ], [ -74.341659414810593, 4.79356525688919 ], [ -74.341668884690705, 4.79357202869841 ], [ -74.341678353672606, 4.79357880231879 ], [ -74.341687820854403, 4.79358557775209 ], [ -74.341697285337602, 4.79359235680962 ], [ -74.341706748024194, 4.79359913948964 ], [ -74.341716207113905, 4.79360592760525 ], [ -74.341725661702995, 4.79361272025341 ], [ -74.341735111796794, 4.79361952014849 ], [ -74.341744557393497, 4.79362632638571 ], [ -74.341753996692802, 4.79363314077816 ], [ -74.341763430598405, 4.79363996422887 ], [ -74.341772857306495, 4.79364679674133 ], [ -74.341782275916898, 4.79365363922216 ], [ -74.341791687333298, 4.79366049257434 ], [ -74.341801090657299, 4.79366735860917 ], [ -74.341810484083297, 4.79367423642547 ], [ -74.341819867614802, 4.79368112783276 ], [ -74.341829241253606, 4.79368803373582 ], [ -74.341838604097802, 4.79369495413645 ], [ -74.341847955247204, 4.79370188994118 ], [ -74.341857294703701, 4.79370884205481 ], [ -74.341866620666707, 4.79371581229041 ], [ -74.341875934036693, 4.79372279974148 ], [ -74.341885233011396, 4.79372980531628 ], [ -74.341894517594397, 4.79373683082442 ], [ -74.341903787785597, 4.79374387626587 ], [ -74.341913040883, 4.79375094345552 ], [ -74.3419222786885, 4.79375803148505 ], [ -74.341931498498099, 4.79376514126456 ], [ -74.341940701219102, 4.79377227550659 ], [ -74.342058248583101, 4.79386683249559 ], [ -74.342172580093703, 4.79396527910314 ], [ -74.342283567460697, 4.79406750338952 ], [ -74.342391086901301, 4.79417339250148 ], [ -74.342495017328005, 4.79428282815194 ], [ -74.342502887153699, 4.79429141808397 ], [ -74.342510734470494, 4.7943000279653 ], [ -74.342518561982303, 4.79430865688589 ], [ -74.3425263687854, 4.79431730394268 ], [ -74.342534156683797, 4.79432596913213 ], [ -74.342541924771893, 4.79433465064648 ], [ -74.342549675755507, 4.79434334848038 ], [ -74.342557409632903, 4.79435206172907 ], [ -74.342565126402206, 4.79436078948777 ], [ -74.342572826965494, 4.79436953175471 ], [ -74.342580513124702, 4.79437828762156 ], [ -74.342588183976204, 4.79438705618531 ], [ -74.342595841323799, 4.79439583744244 ], [ -74.342603486065897, 4.79440462958157 ], [ -74.342611117300606, 4.79441343260453 ], [ -74.342618737731897, 4.79442224560118 ], [ -74.342626346457905, 4.79443106857332 ], [ -74.342633945280596, 4.79443990061261 ], [ -74.342641535100199, 4.79444874081249 ], [ -74.342649115914995, 4.79445758826821 ], [ -74.342656687724798, 4.79446644297975 ], [ -74.342664253233806, 4.794475304037 ], [ -74.342671811538196, 4.79448417053699 ], [ -74.342679364440201, 4.79449304157136 ], [ -74.342686911941399, 4.7945019180449 ], [ -74.342694454938496, 4.79451079724152 ], [ -74.342701994337006, 4.79451968096897 ], [ -74.342709530129795, 4.79452856560817 ], [ -74.342717065026093, 4.79453745296333 ], [ -74.342724597220496, 4.79454634213323 ], [ -74.342732129414998, 4.79455523130298 ], [ -74.343042395123007, 4.79492141696048 ], [ -74.343045221056698, 4.79492475276933 ], [ -74.343048047892296, 4.79492808857639 ], [ -74.343050874727993, 4.79493142438342 ], [ -74.343053701563704, 4.79493476019044 ], [ -74.343056528399401, 4.79493809599743 ], [ -74.343059355235098, 4.7949414318044 ], [ -74.343062182070895, 4.79494476761136 ], [ -74.343065009806807, 4.79494810251175 ], [ -74.343067837544595, 4.79495143831687 ], [ -74.343070665280607, 4.79495477321722 ], [ -74.343073493016604, 4.79495810811755 ], [ -74.343076320750896, 4.79496144211307 ], [ -74.343079149388899, 4.79496477701158 ], [ -74.343081978927103, 4.79496811100352 ], [ -74.343084807561596, 4.79497144409243 ], [ -74.343087638001805, 4.79497477808256 ], [ -74.343090467536499, 4.79497811026487 ], [ -74.343093297975003, 4.79498144335018 ], [ -74.343096129313594, 4.79498477552891 ], [ -74.343098960652299, 4.79498810770763 ], [ -74.343101792891204, 4.79499143897976 ], [ -74.343104625128305, 4.7949947693471 ], [ -74.343107458267298, 4.79499809971266 ], [ -74.343110292308396, 4.79500143007641 ], [ -74.343113126347603, 4.79500475953536 ], [ -74.343115961287097, 4.79500808808775 ], [ -74.343118797126706, 4.79501141573355 ], [ -74.343121633868293, 4.79501474337757 ], [ -74.343124470609993, 4.79501807102156 ], [ -74.343127308250004, 4.79502139685422 ], [ -74.343130146792006, 4.79502472268507 ], [ -74.343320256933595, 4.79524381850418 ], [ -74.343513845302397, 4.79545982570284 ], [ -74.3437108630892, 4.79567269099183 ], [ -74.343911258775407, 4.79588235927764 ], [ -74.343914304395696, 4.79588549469124 ], [ -74.343917351818007, 4.7958886291965 ], [ -74.343920399240304, 4.79589176370171 ], [ -74.343923447562901, 4.79589489730037 ], [ -74.343926496787304, 4.79589803089722 ], [ -74.343929546910203, 4.79590116268271 ], [ -74.343932597033103, 4.79590429446819 ], [ -74.343935648057993, 4.79590742625187 ], [ -74.343938699081093, 4.79591055713074 ], [ -74.343941751004493, 4.79591368710304 ], [ -74.343944803827995, 4.79591681616877 ], [ -74.343947856653202, 4.79591994613925 ], [ -74.343950910376904, 4.79592307429838 ], [ -74.343953964100706, 4.79592620245749 ], [ -74.3439570187264, 4.79592933061481 ], [ -74.343960073350303, 4.79593245786732 ], [ -74.343963127974305, 4.79593558511981 ], [ -74.3439661835002, 4.79593871237048 ], [ -74.343969239024403, 4.79594183871638 ], [ -74.343972295450499, 4.79594496506048 ], [ -74.343975351874903, 4.79594809049978 ], [ -74.343978408301098, 4.79595121684381 ], [ -74.343981464725502, 4.79595434228307 ], [ -74.343984522051898, 4.79595746772053 ], [ -74.343987579376503, 4.79596059225317 ], [ -74.343990635801106, 4.79596371769236 ], [ -74.343993694027702, 4.79596684222319 ], [ -74.343996751352407, 4.79596996675578 ], [ -74.343999808679001, 4.79597309219313 ], [ -74.344002866003706, 4.79597621672566 ], [ -74.344005924230501, 4.79597934125641 ], [ -74.344159813512903, 4.79613660362717 ], [ -74.344162868126304, 4.79613972454478 ], [ -74.344165921837799, 4.79614284546413 ], [ -74.344168975551099, 4.79614596728827 ], [ -74.3441720301646, 4.79614908820581 ], [ -74.344175083876195, 4.7961522091251 ], [ -74.344178137589594, 4.79615533094916 ], [ -74.344181191301303, 4.79615845186841 ], [ -74.344184245014702, 4.79616157369243 ], [ -74.344187298728201, 4.79616469551641 ], [ -74.344190351539794, 4.79616781734216 ], [ -74.344193405255098, 4.79617094007089 ], [ -74.344196458066705, 4.79617406189659 ], [ -74.344199509978296, 4.79617718462882 ], [ -74.344202562791693, 4.79618030735926 ], [ -74.344205614705004, 4.79618343099622 ], [ -74.344208666616595, 4.79618655372838 ], [ -74.344211718530005, 4.79618967736532 ], [ -74.344214769543299, 4.79619280190877 ], [ -74.344217820556594, 4.79619592645222 ], [ -74.344220870667996, 4.79619905099741 ], [ -74.344223920781204, 4.79620217644735 ], [ -74.344226969992505, 4.79620530189906 ], [ -74.344230020105798, 4.79620842734895 ], [ -74.344233068416997, 4.79621155370716 ], [ -74.344236116730002, 4.79621468097014 ], [ -74.344239164141101, 4.79621780823486 ], [ -74.344242211552199, 4.79622093549956 ], [ -74.344245258965202, 4.79622406366902 ], [ -74.344248304576098, 4.7962271927468 ], [ -74.344251351090705, 4.79623032272754 ], [ -74.344254395801499, 4.79623345271182 ], [ -74.344424861866401, 4.79641062558139 ], [ -74.344593393409497, 4.79658965337712 ], [ -74.344596368804602, 4.79659284954457 ], [ -74.344599344201498, 4.79659604661678 ], [ -74.344602318698307, 4.79659924459552 ], [ -74.344605292293195, 4.79660244257602 ], [ -74.344608265888198, 4.7966056405565 ], [ -74.344611238584704, 4.79660884034828 ], [ -74.344614211279605, 4.79661203923528 ], [ -74.344617183074305, 4.7966152390288 ], [ -74.344620154870796, 4.79661843972707 ], [ -74.344623125765494, 4.7966216404271 ], [ -74.344626096661898, 4.7966248420319 ], [ -74.344629066656395, 4.79662804363845 ], [ -74.344632036650907, 4.79663124524497 ], [ -74.344635006647295, 4.79663444775627 ], [ -74.344637975741705, 4.7966376502693 ], [ -74.344640943934294, 4.79664085278409 ], [ -74.344643913030595, 4.79664405620187 ], [ -74.344646881225003, 4.7966472596214 ], [ -74.344649849419397, 4.79665046304092 ], [ -74.3446528167119, 4.79665366646217 ], [ -74.344655784908198, 4.79665687078643 ], [ -74.344658752202506, 4.79666007511244 ], [ -74.344661719496898, 4.79666327943842 ], [ -74.344664685889398, 4.79666648376616 ], [ -74.344667653185596, 4.79666968899686 ], [ -74.344670619578096, 4.79667289332457 ], [ -74.344673586874407, 4.79667609855524 ], [ -74.344676553267007, 4.7966793028829 ], [ -74.344679519661398, 4.79668250811531 ], [ -74.344682486055802, 4.7966857133477 ], [ -74.344685452450193, 4.79668891858006 ], [ -74.3452075337119, 4.7972529921108 ], [ -74.345215407955706, 4.79726149964798 ], [ -74.345223281303007, 4.79727000990113 ], [ -74.345231151046306, 4.79727852197079 ], [ -74.345239017191105, 4.7972870385713 ], [ -74.345246877933306, 4.79729555970623 ], [ -74.345254730572606, 4.79730408809523 ], [ -74.345262575108904, 4.7973126237383 ], [ -74.345270409743804, 4.79732116935335 ], [ -74.3452782335753, 4.79732972494213 ], [ -74.345286043901098, 4.79733829231955 ], [ -74.345293839823, 4.79734687329693 ], [ -74.345301620438903, 4.79735546787607 ], [ -74.345309383048402, 4.79736407877663 ], [ -74.345317127651498, 4.79737270599859 ], [ -74.345324851547801, 4.79738135226164 ], [ -74.345332554737197, 4.79739001756577 ], [ -74.345340233613896, 4.79739870282288 ], [ -74.345347888183099, 4.79740741074729 ], [ -74.345355517542899, 4.7974161413408 ], [ -74.345363118091001, 4.79742489732483 ], [ -74.3453706898256, 4.79743367779461 ], [ -74.345378230044403, 4.79744248456505 ], [ -74.345385738751006, 4.79745131944571 ], [ -74.345393213241294, 4.79746018334665 ], [ -74.345400652617101, 4.79746907807929 ], [ -74.345408054170804, 4.7974780027441 ], [ -74.345415417005697, 4.79748696005722 ], [ -74.345422739319801, 4.79749595092703 ], [ -74.345430020212902, 4.79750497626003 ], [ -74.345437256979196, 4.79751403606157 ], [ -74.345444447820299, 4.79752313304957 ], [ -74.3455193223283, 4.79762405511068 ], [ -74.345588425260104, 4.79772903743245 ], [ -74.345651538604599, 4.79783775020122 ], [ -74.345708463262596, 4.7979498490895 ], [ -74.345759018151199, 4.79806497887701 ], [ -74.345803044721293, 4.79818277706077 ], [ -74.345840402440402, 4.79830287024481 ], [ -74.345843509845196, 4.79831405355936 ], [ -74.345846561362706, 4.79832525327014 ], [ -74.345849557891398, 4.79833646756579 ], [ -74.345852502135102, 4.79834769553619 ], [ -74.345855396797901, 4.79835893627127 ], [ -74.345858241879796, 4.79837018977098 ], [ -74.345861040084799, 4.79838145512525 ], [ -74.345863792314901, 4.79839273233229 ], [ -74.345866502174005, 4.7984040195754 ], [ -74.345869170564299, 4.79841531685285 ], [ -74.345871799287806, 4.7984266232563 ], [ -74.345874390148197, 4.79843793878217 ], [ -74.345876945847905, 4.79844926161557 ], [ -74.3458794663904, 4.79846059356609 ], [ -74.345881955378104, 4.79847193191225 ], [ -74.345884414614801, 4.7984832766505 ], [ -74.345886845002397, 4.79849462777907 ], [ -74.345889248342999, 4.79850598438962 ], [ -74.345891627342496, 4.79851734647683 ], [ -74.345893983802796, 4.79852871313235 ], [ -74.345896319527796, 4.79854008435264 ], [ -74.345898636319603, 4.79855145922934 ], [ -74.345900935080095, 4.79856283776068 ], [ -74.345903219416996, 4.79857421993957 ], [ -74.345905491130694, 4.79858560395287 ], [ -74.345907750222807, 4.79859699070537 ], [ -74.345910000299398, 4.79860837928519 ], [ -74.345912243162402, 4.79861976878397 ], [ -74.345914479715702, 4.79863116010473 ], [ -74.345916712661406, 4.79864255143258 ], [ -74.345918943805103, 4.7986539436687 ], [ -74.345992580850194, 4.79902999599919 ], [ -74.345994822934699, 4.79904144611875 ], [ -74.345997066821496, 4.79905289532991 ], [ -74.345999315216204, 4.7990643436274 ], [ -74.346001569019094, 4.79907579010461 ], [ -74.346003830037503, 4.79908723656755 ], [ -74.346006100069999, 4.79909868029836 ], [ -74.346008381824106, 4.79911012219645 ], [ -74.346010677100097, 4.7991215604487 ], [ -74.346012986803501, 4.79913299686291 ], [ -74.346015314536601, 4.79914442871763 ], [ -74.346017659401198, 4.79915585782419 ], [ -74.3460200259033, 4.79916728236412 ], [ -74.346022414942993, 4.79917870143088 ], [ -74.346024828325895, 4.79919011592569 ], [ -74.346027267854296, 4.79920152494022 ], [ -74.346029735330006, 4.79921292756613 ], [ -74.346032233458899, 4.79922432379807 ], [ -74.346034762239299, 4.79923571273127 ], [ -74.346037325278701, 4.79924709435862 ], [ -74.346039924379397, 4.79925846777178 ], [ -74.346042560441504, 4.79926983206419 ], [ -74.346045235270594, 4.79928118813705 ], [ -74.346047951568906, 4.79929253417551 ], [ -74.346050710236597, 4.79930386927297 ], [ -74.346053513979399, 4.79931519342413 ], [ -74.346056364599505, 4.79932650572062 ], [ -74.346059262998807, 4.79933780616067 ], [ -74.346062211879399, 4.7993490929294 ], [ -74.346065212145206, 4.79936036692979 ], [ -74.346068266496502, 4.79937162544218 ], [ -74.346071376739005, 4.79938286936778 ], [ -74.346104916637103, 4.79949231712838 ], [ -74.346143884395104, 4.79959994009023 ], [ -74.346188181176302, 4.7997054688217 ], [ -74.346237695522106, 4.79980863663039 ], [ -74.346292304264296, 4.79990918499 ], [ -74.346351868010501, 4.80000686083498 ], [ -74.346358209718602, 4.80001664258761 ], [ -74.346364599167003, 4.80002639257855 ], [ -74.346371035455405, 4.8000361117144 ], [ -74.346377515879894, 4.80004580090525 ], [ -74.346384039542102, 4.80005546196244 ], [ -74.346390603734406, 4.80006509398652 ], [ -74.346397208460502, 4.80007469878706 ], [ -74.346403850116104, 4.80008427818074 ], [ -74.346410528699394, 4.80009383126274 ], [ -74.346417241510096, 4.80010336075279 ], [ -74.346423986744199, 4.80011286665442 ], [ -74.346430763501601, 4.80012234987417 ], [ -74.346437569980196, 4.80013181132039 ], [ -74.3464444043816, 4.80014125371098 ], [ -74.346451264899898, 4.80015067614471 ], [ -74.346458149735099, 4.80016008043471 ], [ -74.346465058888697, 4.80016946748574 ], [ -74.346471988756704, 4.80017883911448 ], [ -74.346478939339093, 4.80018819532094 ], [ -74.346485907931907, 4.80019753701523 ], [ -74.346492892736507, 4.80020686691523 ], [ -74.346499893752906, 4.80021618502094 ], [ -74.346506908278897, 4.80022549314728 ], [ -74.346513935412503, 4.800234791296 ], [ -74.346520972453405, 4.80024408218681 ], [ -74.346528019399798, 4.80025336491489 ], [ -74.346535073552801, 4.80026264310473 ], [ -74.346542134008999, 4.8002719158533 ], [ -74.346549198967793, 4.80028118497374 ], [ -74.346556266629094, 4.80029045227913 ], [ -74.346563336090895, 4.80029971777131 ], [ -74.348228991206895, 4.80248272945586 ], [ -74.348239596374498, 4.80249662764631 ], [ -74.348250203344705, 4.80251052492814 ], [ -74.348260813015798, 4.80252441948999 ], [ -74.348271428991893, 4.80253830951517 ], [ -74.348282051271397, 4.80255219409893 ], [ -74.348292681656304, 4.80256607233289 ], [ -74.348303323750699, 4.80257994240039 ], [ -74.3483139766509, 4.80259380339842 ], [ -74.348324643961206, 4.8026076535103 ], [ -74.348335327483497, 4.80262149182769 ], [ -74.348346027214404, 4.80263531654103 ], [ -74.348356746758, 4.80264912583363 ], [ -74.348367486114199, 4.80266291970549 ], [ -74.348378247983604, 4.80267669543691 ], [ -74.348389034170097, 4.80269045302435 ], [ -74.348399846472006, 4.8027041897499 ], [ -74.348410685789702, 4.802717904707 ], [ -74.348421554826999, 4.80273159698551 ], [ -74.348432453578795, 4.80274526387111 ], [ -74.348443385652601, 4.80275890535665 ], [ -74.348454351043102, 4.8027725187278 ], [ -74.348465352454497, 4.80278610307446 ], [ -74.348476390786701, 4.80279965749003 ], [ -74.348487468740302, 4.80281317925483 ], [ -74.348498586315301, 4.80282666836887 ], [ -74.348509746212102, 4.80284012211249 ], [ -74.348520950232896, 4.80285353957728 ], [ -74.348532198373903, 4.80286691895374 ], [ -74.348543494239493, 4.80288025842514 ], [ -74.3485548378261, 4.80289355618197 ], [ -74.348566230937493, 4.8029068122206 ], [ -74.3486671973358, 4.80301991738834 ], [ -74.348771902668204, 4.80312954711169 ], [ -74.348880229439303, 4.80323557766628 ], [ -74.348892943202998, 4.80324756348585 ], [ -74.348905702873097, 4.80325950216565 ], [ -74.3489185048401, 4.80327139280803 ], [ -74.348931348210897, 4.80328323993866 ], [ -74.348944232081905, 4.80329504265455 ], [ -74.348957153750803, 4.8033068027706 ], [ -74.348970112320998, 4.80331852300294 ], [ -74.348983105086702, 4.80333020335689 ], [ -74.348996132053301, 4.8033418465468 ], [ -74.349009191418702, 4.80335345348101 ], [ -74.349022280480597, 4.80336502597444 ], [ -74.349035398340703, 4.80337656583841 ], [ -74.349048544098693, 4.80338807397946 ], [ -74.349061715054404, 4.80339955311732 ], [ -74.349074911207595, 4.80341100325196 ], [ -74.349088129857904, 4.80342242710307 ], [ -74.349101369203197, 4.80343382557898 ], [ -74.349114629248803, 4.80344520139405 ], [ -74.349127907290793, 4.80345655545839 ], [ -74.3491412024308, 4.80346788958334 ], [ -74.349154512866605, 4.80347920467724 ], [ -74.3491678377017, 4.80349050345622 ], [ -74.349181175135797, 4.80350178773339 ], [ -74.349194524267006, 4.80351305751053 ], [ -74.349207883298405, 4.80352431641035 ], [ -74.349221250428101, 4.80353556534116 ], [ -74.349234623853903, 4.8035468052113 ], [ -74.349248003581195, 4.80355803873513 ], [ -74.3492613878079, 4.80356926682099 ], [ -74.349274774733701, 4.803580491282 ], [ -74.3492881625601, 4.80359171483604 ], [ -74.350379167301398, 4.80450626509768 ], [ -74.350383630221103, 4.8045100056679 ], [ -74.350388093140694, 4.80451374623808 ], [ -74.350392556062204, 4.80451748771299 ], [ -74.350397018981994, 4.80452122828308 ], [ -74.350401481901798, 4.80452496885313 ], [ -74.350405945723594, 4.80452870942135 ], [ -74.350410409543699, 4.80453244908475 ], [ -74.350414873363803, 4.80453618874809 ], [ -74.350419337183894, 4.8045399284114 ], [ -74.350423801904299, 4.80454366716811 ], [ -74.350428266622899, 4.80454740502 ], [ -74.350432732243505, 4.80455114287004 ], [ -74.350437197864096, 4.80455488072006 ], [ -74.350441664384903, 4.80455861766347 ], [ -74.350446130904004, 4.80456235370205 ], [ -74.350450599225198, 4.80456608883223 ], [ -74.350455066642795, 4.8045698230594 ], [ -74.350459535864303, 4.80457355728294 ], [ -74.350464005084007, 4.80457729060165 ], [ -74.350468475202206, 4.80458102210899 ], [ -74.350472946222297, 4.8045847536145 ], [ -74.350477418142603, 4.8045884842134 ], [ -74.350481890961305, 4.80459221300092 ], [ -74.350486363778302, 4.80459594088362 ], [ -74.350490838397505, 4.80459966785791 ], [ -74.350495313916795, 4.80460339392563 ], [ -74.350499790334595, 4.80460711818193 ], [ -74.350504267652497, 4.80461084153163 ], [ -74.350508745870599, 4.80461456397473 ], [ -74.350513225889102, 4.80461828460467 ], [ -74.350517706807807, 4.80462200432799 ], [ -74.350633614584694, 4.80471737017755 ], [ -74.350638126995605, 4.80472105093177 ], [ -74.350642641206903, 4.80472472987282 ], [ -74.350647155414606, 4.80472840700426 ], [ -74.350651671424501, 4.80473208322732 ], [ -74.350656189236503, 4.80473575854198 ], [ -74.350660707044995, 4.80473943204704 ], [ -74.350665225753701, 4.8047431046455 ], [ -74.350669745362595, 4.80474677633735 ], [ -74.350674265869799, 4.80475044621781 ], [ -74.350678788181, 4.80475411609467 ], [ -74.350683310488705, 4.80475778416191 ], [ -74.350687833696597, 4.80476145132256 ], [ -74.350692356902698, 4.80476511757837 ], [ -74.350696881912796, 4.80476878383059 ], [ -74.350701406919299, 4.80477244827319 ], [ -74.350705932827793, 4.80477611271396 ], [ -74.350710458732806, 4.80477977534516 ], [ -74.350714985539796, 4.80478343797451 ], [ -74.350719513248706, 4.80478710060201 ], [ -74.350724040955896, 4.80479076232471 ], [ -74.350728569563302, 4.8047944231408 ], [ -74.350733098169002, 4.80479808305205 ], [ -74.350737626776507, 4.80480174386805 ], [ -74.350742156282394, 4.80480540287268 ], [ -74.350746685790099, 4.80480906278203 ], [ -74.3507512152961, 4.80481272178656 ], [ -74.350755745704106, 4.80481638078924 ], [ -74.350760276110293, 4.80482003888713 ], [ -74.350764805616507, 4.80482369789152 ], [ -74.350769336022793, 4.8048273559893 ], [ -74.350773866430899, 4.80483101499182 ], [ -74.350902466771601, 4.80493486236894 ], [ -74.350905864352399, 4.80493760616793 ], [ -74.350909261933097, 4.80494034996688 ], [ -74.350912660415801, 4.80494309376402 ], [ -74.350916057996699, 4.80494583756293 ], [ -74.350919455577497, 4.80494858136182 ], [ -74.3509228531601, 4.80495132606544 ], [ -74.350926249839105, 4.80495406986606 ], [ -74.350929647421793, 4.80495681456966 ], [ -74.350933045004496, 4.8049595592732 ], [ -74.350936441685306, 4.80496230397852 ], [ -74.350939838366202, 4.80496504868382 ], [ -74.350943235048803, 4.80496779429386 ], [ -74.350946631729698, 4.8049705389991 ], [ -74.350950027512297, 4.80497328551567 ], [ -74.350953423293106, 4.80497603112742 ], [ -74.350956819075705, 4.80497877764394 ], [ -74.350960214858304, 4.80498152416042 ], [ -74.350963609740802, 4.80498427158346 ], [ -74.350967004623399, 4.80498701900646 ], [ -74.350970399505897, 4.80498976642943 ], [ -74.350973793488393, 4.80499251475895 ], [ -74.350977187470804, 4.80499526308845 ], [ -74.350980580553099, 4.80499801232446 ], [ -74.350983973637298, 4.80500076246525 ], [ -74.350987366721398, 4.805003512606 ], [ -74.350990758903706, 4.80500626274852 ], [ -74.350994150187603, 4.80500901470235 ], [ -74.350997541469795, 4.80501176575139 ], [ -74.351000932755497, 4.80501451860995 ], [ -74.351004323139406, 4.80501727147027 ], [ -74.351007712623101, 4.80502002523715 ], [ -74.351182512462699, 4.80516351077583 ], [ -74.351185874055602, 4.8051662989783 ], [ -74.351189234746599, 4.80516908718255 ], [ -74.351192595441205, 4.80517187719632 ], [ -74.351195956135797, 4.80517466721007 ], [ -74.351199315028396, 4.80517745813216 ], [ -74.3512026748229, 4.80518024905242 ], [ -74.351206033717304, 4.80518304087923 ], [ -74.351209391709801, 4.8051858327078 ], [ -74.351212749704104, 4.80518862544111 ], [ -74.351216106798304, 4.80519141908096 ], [ -74.351219463892505, 4.80519421272082 ], [ -74.351222820986706, 4.80519700636062 ], [ -74.351226177180806, 4.80519980090697 ], [ -74.351229533374905, 4.80520259545331 ], [ -74.351232889570895, 4.80520539090438 ], [ -74.351236244864893, 4.80520818635723 ], [ -74.351239600160696, 4.80521098271482 ], [ -74.351242955454794, 4.80521377816761 ], [ -74.351246310750696, 4.80521657452515 ], [ -74.351249665146497, 4.80521937178924 ], [ -74.351253019540493, 4.80522216814852 ], [ -74.351256373936295, 4.80522496541256 ], [ -74.351259728332195, 4.80522776267655 ], [ -74.351263081826104, 4.80523055994234 ], [ -74.351266436223796, 4.80523335811108 ], [ -74.351269789717705, 4.8052361553768 ], [ -74.351273143213604, 4.80523895354728 ], [ -74.351276496707598, 4.80524175081296 ], [ -74.351279850203397, 4.8052445489834 ], [ -74.351283203699296, 4.80524734715379 ], [ -74.351286557195195, 4.80525014532418 ], [ -74.352759906077793, 4.80647944494714 ], [ -74.352763259583398, 4.80648224220196 ], [ -74.352766613090793, 4.80648504036155 ], [ -74.352769967500095, 4.80648783851932 ], [ -74.352773321005699, 4.80649063577408 ], [ -74.352776674513095, 4.8064934339336 ], [ -74.3527800289189, 4.80649623028173 ], [ -74.352783383326596, 4.80649902753464 ], [ -74.352786738634407, 4.80650182388094 ], [ -74.352790093942204, 4.80650462022722 ], [ -74.352793449246505, 4.80650741476394 ], [ -74.352796805454503, 4.8065102102036 ], [ -74.352800162560897, 4.8065130038319 ], [ -74.352803519667404, 4.80651579746019 ], [ -74.352806877673999, 4.80651859018187 ], [ -74.352810236580794, 4.80652138199696 ], [ -74.352813595485799, 4.80652417290726 ], [ -74.352816956192996, 4.80652696290918 ], [ -74.352820316898402, 4.80652975200628 ], [ -74.352823678503896, 4.80653254019681 ], [ -74.352827041009604, 4.80653532748074 ], [ -74.3528304053157, 4.80653811295152 ], [ -74.352833769620005, 4.8065408975175 ], [ -74.352837135726404, 4.80654368117509 ], [ -74.352840501829306, 4.80654646302311 ], [ -74.352843869732496, 4.80654924305797 ], [ -74.352847239437693, 4.80655202218445 ], [ -74.352850610041401, 4.80655479949955 ], [ -74.352853981545294, 4.80655757590809 ], [ -74.3528573548477, 4.80656034959867 ], [ -74.352860729050207, 4.80656312238267 ], [ -74.352864105053101, 4.80656589335351 ], [ -74.353021518562997, 4.80669178489457 ], [ -74.353024963844604, 4.8066944688679 ], [ -74.353028410024507, 4.80669715102985 ], [ -74.353031858004798, 4.80669983137863 ], [ -74.353035306883498, 4.80670250991607 ], [ -74.353038756662301, 4.8067051875469 ], [ -74.353042208241504, 4.80670786336457 ], [ -74.353045660719005, 4.80671053737088 ], [ -74.353049114096805, 4.80671321047061 ], [ -74.353052568372902, 4.80671588175894 ], [ -74.353056024449302, 4.80671855123414 ], [ -74.3530594805258, 4.80672122070931 ], [ -74.353062938400797, 4.80672388746654 ], [ -74.353066397177699, 4.80672655422196 ], [ -74.353069855952896, 4.80672922007256 ], [ -74.353073316528395, 4.80673188411004 ], [ -74.353076777102203, 4.80673454724268 ], [ -74.353080238576098, 4.80673720946875 ], [ -74.353083700951998, 4.806739871693 ], [ -74.353087163324304, 4.80674253210768 ], [ -74.3530906265986, 4.80674519252053 ], [ -74.353094090773098, 4.80674785202678 ], [ -74.353097554945805, 4.80675051062824 ], [ -74.353101019118498, 4.80675316922969 ], [ -74.353104484191405, 4.80675582692452 ], [ -74.353107949262593, 4.80675848371457 ], [ -74.353111415237393, 4.80676114140757 ], [ -74.353114881210601, 4.80676379819578 ], [ -74.353118347181905, 4.80676645407918 ], [ -74.353121813155099, 4.80676911086734 ], [ -74.353125279126502, 4.80677176675067 ], [ -74.353128745999896, 4.80677442263222 ], [ -74.353240610984997, 4.80686014095732 ], [ -74.353244076957296, 4.80686279683981 ], [ -74.3532475429313, 4.80686545362702 ], [ -74.353251008903698, 4.80686810950945 ], [ -74.353254474877801, 4.80687076629663 ], [ -74.353257940851904, 4.80687342308378 ], [ -74.353261406826107, 4.80687607987091 ], [ -74.353264871900194, 4.80687873756457 ], [ -74.353268336974295, 4.80688139525822 ], [ -74.353271801148196, 4.80688405385841 ], [ -74.353275265322196, 4.80688671245856 ], [ -74.353278729498001, 4.80688937196347 ], [ -74.353282191871699, 4.80689203237672 ], [ -74.353285655149193, 4.80689469369291 ], [ -74.353289116624595, 4.80689735591745 ], [ -74.353292578099996, 4.80690001814196 ], [ -74.3532960386772, 4.80690268217777 ], [ -74.353299498354104, 4.80690534712015 ], [ -74.353302957131007, 4.80690801296906 ], [ -74.353306415007694, 4.80691067972451 ], [ -74.353309871986099, 4.80691334829126 ], [ -74.353313328064402, 4.80691601776457 ], [ -74.353316783244395, 4.8069186890492 ], [ -74.353320236622295, 4.80692136124216 ], [ -74.353323690001901, 4.80692403433986 ], [ -74.353327141583193, 4.80692671015546 ], [ -74.3533305922642, 4.80692938687759 ], [ -74.353334041145104, 4.80693206541283 ], [ -74.353337489127497, 4.80693474575939 ], [ -74.353340935307997, 4.80693742701428 ], [ -74.353344380591807, 4.80694011098526 ], [ -74.353347824075399, 4.80694279676935 ], [ -74.353490619528998, 4.80705699667474 ], [ -74.353493996434906, 4.80705976582967 ], [ -74.353497372442504, 4.80706253679593 ], [ -74.3535007466498, 4.80706530957528 ], [ -74.353504119056794, 4.80706808416775 ], [ -74.353507490565505, 4.80707086057154 ], [ -74.353510861175906, 4.80707363878664 ], [ -74.353514229984199, 4.80707641791007 ], [ -74.353517597894097, 4.80707919884483 ], [ -74.353520964003806, 4.8070819815927 ], [ -74.3535243292134, 4.80708476524712 ], [ -74.353527693522906, 4.80708754980806 ], [ -74.353531056934003, 4.80709033618034 ], [ -74.353534419444998, 4.80709312345914 ], [ -74.353537780155705, 4.80709591255106 ], [ -74.353541140866497, 4.80709870164296 ], [ -74.353544500678893, 4.80710149254618 ], [ -74.353547859591202, 4.80710428435593 ], [ -74.353551217601606, 4.80710707616745 ], [ -74.353554575615604, 4.8071098697885 ], [ -74.353557931825705, 4.8071126634131 ], [ -74.353561288037696, 4.80711545794248 ], [ -74.353564644251506, 4.80711825337657 ], [ -74.353567999565101, 4.80712104971724 ], [ -74.353571354877005, 4.80712384515308 ], [ -74.353574709290598, 4.80712664240026 ], [ -74.353578063704106, 4.8071294396474 ], [ -74.353581417215807, 4.80713223689632 ], [ -74.3535847716295, 4.80713503414342 ], [ -74.353588125143006, 4.80713783229705 ], [ -74.353591478656497, 4.80714063045067 ], [ -74.353594832170103, 4.80714342860427 ], [ -74.354738338345996, 4.80809751168455 ] ] } },
{ "type": "Feature", "properties": { "OBJECTID_1": 4, "OBJECTID": 3, "EXPEDIENTE": "LAV0053-00-2022", "SECTOR": 102, "OPERADOR": "Concesionaria Férrea de Occidente S.A.S.", "PROYECTO": "Regiotram de Occidente", "NUM_ACT_AD": ".", "FEC_ACT_AD": null, "ART_ACT_AD": ".", "CONTRATO": "001 de 2020", "DESCRIP": "Ejes vía ferrea carril central", "NOMENCLAT": "EVFCC", "OBSERV": "CENTRAL", "LONGITUD_M": 39588.424416876886, "SHAPE_Leng": 39588.424416900001, "TRAMO": "DISTRITO CAPITAL", "LON_TRAMO": 14.559060255435776, "Shape__Length": 0.13150355355296658 }, "geometry": { "type": "LineString", "coordinates": [ [ -74.073933844251897, 4.61468947155229 ], [ -74.077262002661399, 4.6127665083906 ], [ -74.077268301507303, 4.6127628693756 ], [ -74.077274602162106, 4.61275923397733 ], [ -74.077280906434893, 4.61275560581253 ], [ -74.077287216131893, 4.61275198668821 ], [ -74.077293533965204, 4.61274838112465 ], [ -74.077299860840796, 4.61274479183508 ], [ -74.077306198567697, 4.61274122243627 ], [ -74.077312549856501, 4.61273767654362 ], [ -74.077318914711498, 4.61273415687172 ], [ -74.077325296746494, 4.61273066793952 ], [ -74.077331696865997, 4.61272721155532 ], [ -74.077338115978705, 4.61272379224219 ], [ -74.077344556794003, 4.61272041271059 ], [ -74.077351019318598, 4.61271707748493 ], [ -74.077357507163796, 4.61271378927433 ], [ -74.077364019434597, 4.61271055260455 ], [ -74.077370558839107, 4.61270736928121 ], [ -74.077377126287203, 4.6127042447322 ], [ -74.0773837217844, 4.61270118257699 ], [ -74.077390347138305, 4.6126981855275 ], [ -74.077397004159295, 4.61269525810532 ], [ -74.077403691949797, 4.61269240302645 ], [ -74.077410412321399, 4.6126896257174 ], [ -74.077417164376499, 4.61268692889417 ], [ -74.077423950827196, 4.61268431707701 ], [ -74.077430769876798, 4.61268179479302 ], [ -74.077437621528006, 4.61267936385194 ], [ -74.077444507593896, 4.61267703058517 ], [ -74.077451426276497, 4.61267479861492 ], [ -74.077458378481595, 4.61267267065446 ], [ -74.077465362413704, 4.61267065213573 ], [ -74.077517513184901, 4.61265932356995 ], [ -74.077570632889007, 4.61265425979442 ], [ -74.077623977668793, 4.61265553251806 ], [ -74.077676798119995, 4.61266312297076 ], [ -74.077728353726698, 4.61267692640605 ], [ -74.077777921871899, 4.61269674756289 ], [ -74.077784477133704, 4.61269989653199 ], [ -74.077790982951996, 4.61270314782704 ], [ -74.077797438418202, 4.61270649692504 ], [ -74.077803845330493, 4.61270994020374 ], [ -74.077810203682006, 4.61271347313878 ], [ -74.077816513467297, 4.61271709211065 ], [ -74.077822775582703, 4.61272079349852 ], [ -74.077828990923194, 4.61272457277665 ], [ -74.077835161286799, 4.6127284263228 ], [ -74.077841287569896, 4.61273235051608 ], [ -74.077847369766999, 4.61273634173704 ], [ -74.077853410578001, 4.61274039636207 ], [ -74.077859411801001, 4.61274451076892 ], [ -74.077865374332305, 4.61274868133673 ], [ -74.077871299068207, 4.61275290444464 ], [ -74.077877188710005, 4.61275717737394 ], [ -74.077883045956099, 4.61276149559614 ], [ -74.077888870803804, 4.61276585730148 ], [ -74.077894665951703, 4.61277025796153 ], [ -74.077900434100997, 4.61277469485751 ], [ -74.077906177049698, 4.61277916436722 ], [ -74.077911895697, 4.61278366467954 ], [ -74.0779175945448, 4.61278819126325 ], [ -74.077923273589093, 4.61279274140371 ], [ -74.077928936434304, 4.61279731328575 ], [ -74.077934584876999, 4.61280190238222 ], [ -74.077940221618604, 4.61280650597441 ], [ -74.077945849360205, 4.61281112134358 ], [ -74.077951468999501, 4.61281574577374 ], [ -74.077957084138205, 4.61282037563995 ], [ -74.077962697477503, 4.61282500822343 ], [ -74.080143324913706, 4.61462530583301 ], [ -74.080146691852207, 4.61462808591318 ], [ -74.080150061493399, 4.61463086417945 ], [ -74.080153432933997, 4.61463363972833 ], [ -74.080156808873895, 4.61463640893623 ], [ -74.080160189314498, 4.614639172708 ], [ -74.080163576957105, 4.6146419283249 ], [ -74.080166972700695, 4.61464467397586 ], [ -74.080170377444304, 4.61464740784969 ], [ -74.080173792088203, 4.61465012904018 ], [ -74.080177219333905, 4.61465283482861 ], [ -74.080180659179803, 4.61465552431007 ], [ -74.080184112525103, 4.61465819567347 ], [ -74.080187582072298, 4.61466084710494 ], [ -74.080191067817296, 4.61466347588985 ], [ -74.080194570661902, 4.61466608202683 ], [ -74.080198092405496, 4.61466866279854 ], [ -74.080201633945904, 4.61467121548897 ], [ -74.0802051961834, 4.61467373919186 ], [ -74.080208780017102, 4.61467623209612 ], [ -74.080212386345906, 4.6146786923906 ], [ -74.080216016067695, 4.61468111735933 ], [ -74.080219670081405, 4.61468350519119 ], [ -74.080223349287493, 4.61468585497995 ], [ -74.080227053680304, 4.61468816310607 ], [ -74.080230784160506, 4.61469042866336 ], [ -74.080234542526, 4.61469264802953 ], [ -74.080238326973301, 4.61469482120737 ], [ -74.080242140202301, 4.61469694457324 ], [ -74.080245981308394, 4.6146990163188 ], [ -74.080249850287601, 4.6147010337294 ], [ -74.080253748940606, 4.61470299499254 ], [ -74.080288896224502, 4.61471759050687 ], [ -74.080325634358601, 4.61472748729669 ], [ -74.080363340860998, 4.6147325180029 ], [ -74.080401379846506, 4.61473259672566 ], [ -74.080439106540595, 4.61472772263706 ], [ -74.080443380559501, 4.61472685106929 ], [ -74.080447640958795, 4.61472591799076 ], [ -74.080451887741006, 4.6147249252112 ], [ -74.080456120910398, 4.61472387544521 ], [ -74.0804603404696, 4.61472277050259 ], [ -74.080464545520996, 4.61472161309927 ], [ -74.080468736969095, 4.61472040504366 ], [ -74.080472913914804, 4.61471914814687 ], [ -74.0804770763623, 4.61471784512352 ], [ -74.080481225216005, 4.61471649778198 ], [ -74.080485360478804, 4.61471510793199 ], [ -74.080489482155997, 4.61471367919306 ], [ -74.080493590249105, 4.61471221247004 ], [ -74.080497686565707, 4.61471071047482 ], [ -74.080501769303595, 4.61470917411502 ], [ -74.080505841173604, 4.61470760700599 ], [ -74.080509901275306, 4.614706010054 ], [ -74.080513949612893, 4.61470438597366 ], [ -74.0805179888943, 4.61470273657058 ], [ -74.080522018220606, 4.61470106365591 ], [ -74.080526039398094, 4.61469936903664 ], [ -74.080530051528996, 4.61469765542875 ], [ -74.080534056419594, 4.61469592463924 ], [ -74.080538054973104, 4.61469417757162 ], [ -74.080542047195095, 4.61469241784537 ], [ -74.080546034890304, 4.61469064636262 ], [ -74.080550017159794, 4.6146888649345 ], [ -74.0805539976148, 4.61468707627013 ], [ -74.080557974454393, 4.61468528218199 ], [ -74.080561949483595, 4.61468348357223 ], [ -74.080565924509997, 4.61468168315269 ], [ -74.080950570978203, 4.61450741026623 ], [ -74.080954546002204, 4.61450560984496 ], [ -74.080958521029004, 4.61450381123344 ], [ -74.080962497864803, 4.61450201623862 ], [ -74.080966478317293, 4.61450022757242 ], [ -74.080970461487397, 4.61449844704592 ], [ -74.080974448278198, 4.61449667556263 ], [ -74.080978441397903, 4.61449491492819 ], [ -74.080982439048398, 4.61449316876482 ], [ -74.080986444838103, 4.61449143797191 ], [ -74.080990456967598, 4.6144897252668 ], [ -74.080994478143595, 4.61448803155027 ], [ -74.080998507467001, 4.61448635863344 ], [ -74.081002546747001, 4.61448471013302 ], [ -74.081006595984803, 4.61448308695392 ], [ -74.081010656986706, 4.61448149090312 ], [ -74.081014728855095, 4.61447992469661 ], [ -74.081018812494506, 4.61447839014276 ], [ -74.081022907907695, 4.61447688905131 ], [ -74.081027016900805, 4.61447542322928 ], [ -74.081031139479506, 4.61447399629614 ], [ -74.081035274743201, 4.61447260915814 ], [ -74.0810394244984, 4.61447126362228 ], [ -74.081043587848598, 4.61446996330942 ], [ -74.0810477656957, 4.6144687082182 ], [ -74.081051958046501, 4.61446750287296 ], [ -74.081056164000501, 4.61446634817995 ], [ -74.081060384462404, 4.61446524594757 ], [ -74.081064618535905, 4.61446419979664 ], [ -74.081068866222196, 4.61446321063206 ], [ -74.081073127526807, 4.61446228207331 ], [ -74.081077401549393, 4.61446141502663 ], [ -74.081119745027095, 4.61445634384948 ], [ -74.081162372114093, 4.61445753125562 ], [ -74.081204369270495, 4.6144649514903 ], [ -74.081244837183405, 4.61447844576077 ], [ -74.081282907001807, 4.61449772402131 ], [ -74.081317764698099, 4.61452237398479 ], [ -74.081348660995602, 4.61455186653679 ], [ -74.081351567857496, 4.61455512870454 ], [ -74.081354426986906, 4.61455843166437 ], [ -74.081357240187302, 4.61456177541351 ], [ -74.081360008355006, 4.61456515633111 ], [ -74.081362732390502, 4.61456857351093 ], [ -74.081365412291007, 4.61457202514322 ], [ -74.081368051659496, 4.61457550850787 ], [ -74.081370650493199, 4.61457902179512 ], [ -74.081373209693894, 4.61458256500362 ], [ -74.0813757319616, 4.61458613450974 ], [ -74.081378217294699, 4.61458972940862 ], [ -74.081380668397301, 4.61459334879125 ], [ -74.081383086168401, 4.61459699084652 ], [ -74.081385472407504, 4.61460065285708 ], [ -74.081387828016403, 4.61460433482152 ], [ -74.081390155697505, 4.61460803492603 ], [ -74.081392456351395, 4.6146117522643 ], [ -74.081394732680593, 4.61461548502249 ], [ -74.081396984682399, 4.61461923139087 ], [ -74.081399215062106, 4.61462299136529 ], [ -74.081401425620598, 4.61462676313329 ], [ -74.081403618159996, 4.61463054578721 ], [ -74.0814057944811, 4.61463433751459 ], [ -74.081407956387494, 4.61463813831266 ], [ -74.081410104776893, 4.61464194546545 ], [ -74.081412242354503, 4.61464575896882 ], [ -74.081414370922602, 4.61464957791516 ], [ -74.081416492283395, 4.61465340139684 ], [ -74.081418608237598, 4.61465722760137 ], [ -74.081420719685795, 4.61466105562251 ], [ -74.081422830234899, 4.61466488545474 ], [ -74.081649908085197, 4.61507704720727 ], [ -74.081652021352099, 4.61508088336818 ], [ -74.081654134619001, 4.61508471952909 ], [ -74.081656248787695, 4.61508855568861 ], [ -74.081658362954997, 4.61509239094325 ], [ -74.081660477123705, 4.61509622710275 ], [ -74.081662592192899, 4.61510006235599 ], [ -74.081664707262107, 4.6151038976092 ], [ -74.0816668232317, 4.61510773195616 ], [ -74.081668939201407, 4.61511156630312 ], [ -74.081671056974599, 4.61511540064732 ], [ -74.081673174746498, 4.61511923408662 ], [ -74.081675294320604, 4.6151230666183 ], [ -74.081677413894695, 4.61512689914998 ], [ -74.081679535271107, 4.61513073077399 ], [ -74.081681657549197, 4.61513456239664 ], [ -74.0816837816282, 4.61513839220677 ], [ -74.081685906608996, 4.61514222201551 ], [ -74.081688033391998, 4.61514605091664 ], [ -74.0816901610754, 4.6151498789115 ], [ -74.081692290561094, 4.61515370599872 ], [ -74.081694421848894, 4.61515753217831 ], [ -74.081696554939001, 4.61516135745026 ], [ -74.081698689831299, 4.61516518181457 ], [ -74.081700827426204, 4.61516900436501 ], [ -74.081702965921494, 4.61517282600918 ], [ -74.081705107120897, 4.61517664674437 ], [ -74.081707250122406, 4.61518046657189 ], [ -74.081709395826493, 4.61518428458555 ], [ -74.081711544234693, 4.61518810169019 ], [ -74.081713694443707, 4.61519191698234 ], [ -74.081715847355298, 4.6151957304606 ], [ -74.081808304843804, 4.61535401762864 ], [ -74.081905279745499, 4.61550955883116 ], [ -74.082006689805098, 4.61566222569919 ], [ -74.082112450963194, 4.61581188986656 ], [ -74.082114858309495, 4.61581519260542 ], [ -74.082117267455203, 4.6158184926269 ], [ -74.082119678403103, 4.61582179174074 ], [ -74.082122092055101, 4.61582508994557 ], [ -74.082124506606107, 4.61582838633926 ], [ -74.082126923859704, 4.61583168091908 ], [ -74.082129342015094, 4.61583497549749 ], [ -74.082131761970004, 4.61583826735853 ], [ -74.0821341837284, 4.61584155921682 ], [ -74.082136607287694, 4.61584484926258 ], [ -74.082139031747403, 4.61584813840207 ], [ -74.082141458009403, 4.61585142663395 ], [ -74.082143885171803, 4.61585471395956 ], [ -74.082146313234603, 4.61585800037891 ], [ -74.082148743099594, 4.6158612858906 ], [ -74.082151173866393, 4.61586457140093 ], [ -74.082153605532298, 4.61586785510011 ], [ -74.082156039000395, 4.61587113789166 ], [ -74.082158472468507, 4.61587442068318 ], [ -74.082160906837004, 4.61587770256847 ], [ -74.082163342107293, 4.61588098445234 ], [ -74.082165777376304, 4.61588426543134 ], [ -74.082168214447506, 4.6158875455027 ], [ -74.082170650617002, 4.61589082557542 ], [ -74.082173088589997, 4.61589410564537 ], [ -74.082175526561699, 4.61589738481045 ], [ -74.0821779645334, 4.61590066397549 ], [ -74.082180403406994, 4.61590394313915 ], [ -74.082182842279096, 4.61590722139793 ], [ -74.082185280250897, 4.61591050056295 ], [ -74.082187720024905, 4.61591377882033 ], [ -74.082315333010897, 4.61608532927805 ], [ -74.082317946282799, 4.61608884163242 ], [ -74.082320559554702, 4.61609235398676 ], [ -74.082323172826605, 4.61609586634111 ], [ -74.082325786098593, 4.61609937869542 ], [ -74.082328399370596, 4.61610289104971 ], [ -74.082331013542998, 4.61610640249776 ], [ -74.082333628617207, 4.61610991394439 ], [ -74.0823362436915, 4.61611342539102 ], [ -74.082338859666194, 4.6161169359314 ], [ -74.082341475639495, 4.61612044556687 ], [ -74.082344093416495, 4.61612395519957 ], [ -74.082346711192102, 4.6161274639274 ], [ -74.082349330769901, 4.61613097174758 ], [ -74.0823519503477, 4.61613447956775 ], [ -74.082354571726398, 4.6161379855754 ], [ -74.082357194006903, 4.61614149158165 ], [ -74.082359817186401, 4.61614499577677 ], [ -74.082362442169497, 4.61614849996914 ], [ -74.082365068953493, 4.61615200234898 ], [ -74.082367696637903, 4.61615550382255 ], [ -74.082370326124504, 4.61615900438849 ], [ -74.082372956510198, 4.61616250314329 ], [ -74.082375589599906, 4.61616600098908 ], [ -74.082378223588606, 4.61616949702374 ], [ -74.082380860281404, 4.61617299214937 ], [ -74.082383498776395, 4.61617648636736 ], [ -74.082386139070806, 4.61617997786798 ], [ -74.082388781167396, 4.61618346846095 ], [ -74.082391425966605, 4.61618695724003 ], [ -74.0823940725667, 4.61619044420661 ], [ -74.0823967218695, 4.61619392935927 ], [ -74.082499280993801, 4.61632515969392 ], [ -74.082605238414502, 4.61645364304938 ], [ -74.082714520052406, 4.61657929176437 ], [ -74.082827050926497, 4.6167020181789 ], [ -74.082830051474602, 4.61670520418433 ], [ -74.082833054723906, 4.61670838747101 ], [ -74.082836058872402, 4.61671156894653 ], [ -74.082839065723405, 4.61671474860817 ], [ -74.0828420752771, 4.6167179264559 ], [ -74.082845085729801, 4.61672110249251 ], [ -74.082848097983401, 4.61672427671659 ], [ -74.082851112037801, 4.61672744912816 ], [ -74.082854127894393, 4.61673062063209 ], [ -74.082857144650106, 4.61673379032487 ], [ -74.082860163206703, 4.61673695820513 ], [ -74.082863183565394, 4.61674012517775 ], [ -74.082866204824597, 4.61674329124411 ], [ -74.082869227884601, 4.61674645549795 ], [ -74.082872251845103, 4.61674961884551 ], [ -74.082875276706005, 4.61675278128681 ], [ -74.0828783024659, 4.61675594191696 ], [ -74.082881330029494, 4.61675910254435 ], [ -74.082884357590302, 4.61676226136198 ], [ -74.082887386052903, 4.61676542017821 ], [ -74.082890416317795, 4.6167685780868 ], [ -74.082893446581295, 4.61677173509049 ], [ -74.082896476844795, 4.61677489209416 ], [ -74.082899508910501, 4.61677804819019 ], [ -74.082902540974899, 4.61678120338132 ], [ -74.082905573039298, 4.61678435857244 ], [ -74.082908606004196, 4.61678751285728 ], [ -74.082911638970401, 4.61679066804699 ], [ -74.082914671935299, 4.6167938223318 ], [ -74.082917704898904, 4.61679697571171 ], [ -74.082920738765694, 4.61680012999511 ], [ -74.087095709694097, 4.62114112423675 ], [ -74.087105804042096, 4.62115161975266 ], [ -74.087115898390493, 4.62116211526836 ], [ -74.087125991837297, 4.62117261078523 ], [ -74.087136085285806, 4.62118310720673 ], [ -74.087146178734699, 4.62119360362803 ], [ -74.087156271281998, 4.62120410005048 ], [ -74.087166362929196, 4.621214597379 ], [ -74.087176454576806, 4.62122509470729 ], [ -74.087186545325594, 4.62123559384647 ], [ -74.087196635172901, 4.62124609298683 ], [ -74.087206724120094, 4.62125659303323 ], [ -74.087216812167298, 4.62126709398566 ], [ -74.087226899315596, 4.621277596749 ], [ -74.087236985562498, 4.62128809951351 ], [ -74.0872470700089, 4.6212986040903 ], [ -74.0872571526548, 4.62130911047939 ], [ -74.087267234400599, 4.62131961777452 ], [ -74.087277315247704, 4.62133012688055 ], [ -74.087287393391094, 4.62134063689539 ], [ -74.087297469733898, 4.62135114872253 ], [ -74.087307545178106, 4.62136166236056 ], [ -74.0873176179213, 4.62137217871716 ], [ -74.087327688862601, 4.62138269598116 ], [ -74.0873377580035, 4.62139321505746 ], [ -74.087347825345205, 4.62140373685093 ], [ -74.087357889985896, 4.62141426136293 ], [ -74.087367951923099, 4.62142478678376 ], [ -74.087378011160595, 4.62143531582798 ], [ -74.087388068597704, 4.6214458466845 ], [ -74.087398123333898, 4.62145638025958 ], [ -74.087408174467299, 4.62146691655458 ], [ -74.0877474650935, 4.62182591249766 ], [ -74.087757418085005, 4.62183654213769 ], [ -74.087767368377101, 4.62184717540115 ], [ -74.087777315966804, 4.62185781047829 ], [ -74.087787260856999, 4.62186844917886 ], [ -74.087797203043607, 4.62187908878823 ], [ -74.087807142529201, 4.62188973111615 ], [ -74.0878170802157, 4.62190037616125 ], [ -74.087827016101699, 4.62191102301863 ], [ -74.087836949285403, 4.62192167168971 ], [ -74.087846880668593, 4.62193232217307 ], [ -74.087856810251196, 4.62194297446874 ], [ -74.087866737131606, 4.62195362857809 ], [ -74.087876663111899, 4.62196428359347 ], [ -74.087886587293099, 4.62197494132604 ], [ -74.087896509672305, 4.62198559996601 ], [ -74.087906431152902, 4.6219962604169 ], [ -74.087916350831506, 4.62200692177523 ], [ -74.087926269610094, 4.62201758403962 ], [ -74.087936186588095, 4.62202824811628 ], [ -74.087946102666095, 4.62203891309898 ], [ -74.087956017843894, 4.62204957898774 ], [ -74.087965932120298, 4.62206024487766 ], [ -74.087975845497894, 4.62207091257849 ], [ -74.087985757974096, 4.62208158028051 ], [ -74.087995669550097, 4.62209224888857 ], [ -74.088005581127902, 4.62210291840129 ], [ -74.0880154918041, 4.62211358791516 ], [ -74.088025402482003, 4.62212425833369 ], [ -74.088035313160304, 4.62213492875203 ], [ -74.088045222936998, 4.62214559917153 ], [ -74.088055133615896, 4.62215626958944 ], [ -74.089700243845101, 4.62392761856248 ], [ -74.089708171887096, 4.62393615468835 ], [ -74.089716100831097, 4.62394469081271 ], [ -74.089724028873405, 4.6239532269383 ], [ -74.089731958718204, 4.62396176215614 ], [ -74.089739888561695, 4.62397029646895 ], [ -74.089747819305899, 4.62397882987537 ], [ -74.089755751852394, 4.62398736237403 ], [ -74.089763685299602, 4.62399589396629 ], [ -74.089771621448094, 4.62400442283963 ], [ -74.089779558497298, 4.62401295080657 ], [ -74.089787497347402, 4.62402147696088 ], [ -74.089795438898904, 4.62403000039627 ], [ -74.089803383153296, 4.62403852201762 ], [ -74.089811329208601, 4.62404704182632 ], [ -74.089819278865704, 4.62405555800987 ], [ -74.089827231224305, 4.62406407147449 ], [ -74.089835186284205, 4.62407258222022 ], [ -74.089843145847695, 4.62408108933939 ], [ -74.089851108112697, 4.62408959373964 ], [ -74.089859074879797, 4.62409809360847 ], [ -74.089867045248795, 4.62410658985213 ], [ -74.089875020121298, 4.62411508246925 ], [ -74.089882998594305, 4.62412357055633 ], [ -74.089890982472596, 4.62413205501547 ], [ -74.089898970851806, 4.62414053403832 ], [ -74.089906964635006, 4.62414900852834 ], [ -74.089914963822196, 4.62415747848555 ], [ -74.089922967510105, 4.62416594300647 ], [ -74.089930977502505, 4.62417440208832 ], [ -74.089938993799294, 4.6241828557311 ], [ -74.089947015498694, 4.6241913039362 ], [ -74.090109186939401, 4.62435945909397 ], [ -74.090273819340894, 4.62452519077998 ], [ -74.090282093169293, 4.62453339065634 ], [ -74.090290371498696, 4.62454158509639 ], [ -74.090298656130997, 4.62454977319251 ], [ -74.090306946167303, 4.62455795675578 ], [ -74.090315241604799, 4.62456613397649 ], [ -74.090323541544606, 4.62457430666577 ], [ -74.090331846886897, 4.62458247391738 ], [ -74.0903401567315, 4.62459063663752 ], [ -74.0903484710783, 4.62459879482624 ], [ -74.090356789025407, 4.62460694848493 ], [ -74.090365111474796, 4.62461509761217 ], [ -74.090373438427804, 4.62462324311284 ], [ -74.090381768080803, 4.62463138498972 ], [ -74.090390101335601, 4.62463952324144 ], [ -74.090398438193603, 4.62464765877284 ], [ -74.090406778653303, 4.62465579067906 ], [ -74.090415120911302, 4.62466391896288 ], [ -74.090423466772506, 4.62467204452641 ], [ -74.090431814434695, 4.62468016827725 ], [ -74.090440164798295, 4.62468828930919 ], [ -74.090448516961501, 4.62469640762358 ], [ -74.090456871828906, 4.62470452502882 ], [ -74.090465227594095, 4.62471263971789 ], [ -74.090473585160197, 4.62472075259431 ], [ -74.090481944528804, 4.62472886456294 ], [ -74.090490303896203, 4.62473697562653 ], [ -74.090498665065894, 4.62474508578235 ], [ -74.090507027134805, 4.6247531941269 ], [ -74.090515389204, 4.62476130247129 ], [ -74.090523752175102, 4.62476941081416 ], [ -74.090532115144995, 4.624777518252 ], [ -74.091862818758401, 4.62606760099315 ], [ -74.091869091009201, 4.62607368200648 ], [ -74.091875363260101, 4.62607976301974 ], [ -74.091881634610701, 4.62608584493917 ], [ -74.0918879059614, 4.62609192685852 ], [ -74.091894176411799, 4.62609800968405 ], [ -74.091900445961898, 4.62610409341575 ], [ -74.091906713709903, 4.62611017805502 ], [ -74.091912981460794, 4.62611626450396 ], [ -74.0919192465078, 4.62612235186185 ], [ -74.091925509755498, 4.62612844193704 ], [ -74.091931772104402, 4.62613453382329 ], [ -74.091938031750701, 4.62614062752336 ], [ -74.091944289596299, 4.62614672303589 ], [ -74.091950543840397, 4.62615282217334 ], [ -74.091956796285203, 4.62615892402812 ], [ -74.091963046027502, 4.62616502769673 ], [ -74.091969292168301, 4.62617113499031 ], [ -74.091975535609393, 4.62617724590744 ], [ -74.091981775449099, 4.62618336044953 ], [ -74.091988011687206, 4.62618947861658 ], [ -74.0919942443238, 4.62619560040859 ], [ -74.092000472458494, 4.62620172673182 ], [ -74.092006696991604, 4.62620785668001 ], [ -74.092012917024306, 4.62621399206428 ], [ -74.092019131651895, 4.62622013107631 ], [ -74.092025342680799, 4.62622627552302 ], [ -74.092031547405597, 4.62623242540861 ], [ -74.092037747628396, 4.62623857982542 ], [ -74.092043943350802, 4.62624473967831 ], [ -74.092050132770396, 4.62625090587495 ], [ -74.092056315885998, 4.62625707751045 ], [ -74.0922189830343, 4.62642383044232 ], [ -74.092225000473306, 4.62643016520806 ], [ -74.092231010707806, 4.62643650631893 ], [ -74.0922370164418, 4.62644285286589 ], [ -74.092243015871702, 4.62644920485175 ], [ -74.092249009897998, 4.6264555613702 ], [ -74.092254999423602, 4.62646192332474 ], [ -74.0922609835457, 4.62646828981192 ], [ -74.092266963165798, 4.62647466083031 ], [ -74.092272938282605, 4.62648103547506 ], [ -74.092278908897498, 4.62648741465103 ], [ -74.092284875010506, 4.62649379835825 ], [ -74.0922908375221, 4.6265001856904 ], [ -74.092296796430702, 4.62650657574267 ], [ -74.092302750835998, 4.6265129694213 ], [ -74.0923087025417, 4.62651936672348 ], [ -74.092314651546204, 4.62652576674437 ], [ -74.0923205969479, 4.62653216948537 ], [ -74.092326539648397, 4.62653857494507 ], [ -74.092332479647894, 4.62654498312348 ], [ -74.092338417846605, 4.62655139311433 ], [ -74.092344353342895, 4.62655780491902 ], [ -74.092350286136707, 4.62656421853754 ], [ -74.092356218033004, 4.62657063487199 ], [ -74.092362148125801, 4.62657705120913 ], [ -74.092368077321098, 4.62658347026221 ], [ -74.092374004712894, 4.62658988931798 ], [ -74.092379931205798, 4.62659631018482 ], [ -74.092385856797094, 4.62660273105297 ], [ -74.092391782389797, 4.62660915282591 ], [ -74.092397707082199, 4.62661557550505 ], [ -74.092403631773394, 4.62662199727923 ], [ -74.092510943788298, 4.62673832745066 ], [ -74.092516868482903, 4.62674475012826 ], [ -74.092522793176201, 4.62675117190093 ], [ -74.092528718771504, 4.6267575936721 ], [ -74.092534643465001, 4.62676401544461 ], [ -74.092540569960903, 4.62677043630937 ], [ -74.092546497357205, 4.62677685626781 ], [ -74.092552424752398, 4.6267832753213 ], [ -74.092558353949698, 4.62678969346707 ], [ -74.092564284047697, 4.62679611070648 ], [ -74.092570215946495, 4.62680252613332 ], [ -74.092576149647599, 4.6268089406524 ], [ -74.092582084246402, 4.62681535245542 ], [ -74.092588021549403, 4.62682176334935 ], [ -74.092593960653204, 4.62682817243063 ], [ -74.092599901556596, 4.62683457879448 ], [ -74.092605845162694, 4.62684098334431 ], [ -74.092611791471498, 4.62684738608018 ], [ -74.092617740480193, 4.62685378519231 ], [ -74.092623692191594, 4.62686018249043 ], [ -74.092629647504694, 4.62686657616347 ], [ -74.092635605519106, 4.62687296711761 ], [ -74.092641567136695, 4.62687935535152 ], [ -74.092647531454105, 4.62688573996171 ], [ -74.092653500275105, 4.62689212094537 ], [ -74.092659472697804, 4.62689849830392 ], [ -74.092665448723594, 4.62690487294221 ], [ -74.092671429250103, 4.62691124214425 ], [ -74.092677414281496, 4.62691760862466 ], [ -74.092683402913295, 4.62692397057506 ], [ -74.092689396948899, 4.62693032799269 ], [ -74.092695395485293, 4.62693667997407 ], [ -74.092811892091504, 4.62705813827727 ], [ -74.092817989682501, 4.62706439599757 ], [ -74.092824090873904, 4.62707064918788 ], [ -74.092830197469297, 4.6270768978454 ], [ -74.092836307664896, 4.62708314197293 ], [ -74.092842422364001, 4.62708938247395 ], [ -74.092848541565303, 4.62709561844357 ], [ -74.092854663466497, 4.62710185078947 ], [ -74.092860789871096, 4.62710807950886 ], [ -74.092866919878901, 4.627114305508 ], [ -74.092873053486997, 4.62712052697714 ], [ -74.092879189796506, 4.62712674572739 ], [ -74.092885329707599, 4.62713296085256 ], [ -74.092891472321398, 4.62713917416371 ], [ -74.092897617635202, 4.62714538385113 ], [ -74.092903765650306, 4.62715159081967 ], [ -74.092909916368001, 4.62715779597425 ], [ -74.092916068885302, 4.62716399841134 ], [ -74.092922224103901, 4.62717019812957 ], [ -74.092928381124807, 4.62717639694005 ], [ -74.092934539945304, 4.62718259303308 ], [ -74.092940700567993, 4.62718878821836 ], [ -74.092946862991596, 4.62719498159104 ], [ -74.092953026314404, 4.62720117315252 ], [ -74.092959190537698, 4.62720736380766 ], [ -74.092965356561805, 4.62721355265019 ], [ -74.092971523487904, 4.62721974149125 ], [ -74.092977691314502, 4.62722592942596 ], [ -74.092983859139807, 4.62723211645574 ], [ -74.092990027867003, 4.62723830348402 ], [ -74.092996196592907, 4.62724448960738 ], [ -74.093002365318895, 4.62725067573064 ], [ -74.094206272311993, 4.6284579312735 ], [ -74.094214497608107, 4.62846617911475 ], [ -74.094222722905897, 4.62847442786073 ], [ -74.094230948203901, 4.62848267660655 ], [ -74.094239173502103, 4.62849092535224 ], [ -74.094247398800505, 4.62849917409781 ], [ -74.094255623197199, 4.62850742284459 ], [ -74.094263847595599, 4.62851567249613 ], [ -74.094272071092306, 4.6285239221489 ], [ -74.094280294590604, 4.62853217270641 ], [ -74.094288517187394, 4.62854042326516 ], [ -74.094296739785705, 4.62854867472864 ], [ -74.094304961483701, 4.62855692709823 ], [ -74.094313182280203, 4.62856517946909 ], [ -74.094321402177897, 4.62857343365094 ], [ -74.094329622075804, 4.62858168783264 ], [ -74.094337840171605, 4.62858994292185 ], [ -74.094346058269096, 4.6285981989158 ], [ -74.094354274564495, 4.62860645581725 ], [ -74.094362490861499, 4.62861471362343 ], [ -74.094370705358003, 4.62862297324199 ], [ -74.094378918052399, 4.62863123376807 ], [ -74.094387130748402, 4.62863949519888 ], [ -74.094395341642297, 4.6286477575372 ], [ -74.094403551637498, 4.6286560216865 ], [ -74.094411759830706, 4.62866428674334 ], [ -74.094419966223199, 4.62867255361255 ], [ -74.094428171716999, 4.62868082229274 ], [ -74.094436375408705, 4.62868909188046 ], [ -74.094444578202996, 4.62869736418403 ], [ -74.094452778293501, 4.62870563739652 ], [ -74.094460977483806, 4.62871391151512 ], [ -74.094750185552101, 4.6290080952373 ], [ -74.095037152678699, 4.62930447927598 ], [ -74.095045223121303, 4.62931288026556 ], [ -74.095053291763307, 4.62932128306752 ], [ -74.095061358603402, 4.629329686777 ], [ -74.095069424545997, 4.62933809320235 ], [ -74.095077487784707, 4.62934650053661 ], [ -74.095085551025093, 4.62935490877561 ], [ -74.095093611563101, 4.62936331882838 ], [ -74.095101671202201, 4.62937173069215 ], [ -74.095109729039393, 4.62938014346343 ], [ -74.095117785977706, 4.62938855804573 ], [ -74.095125842014497, 4.62939697262927 ], [ -74.095133896250601, 4.6294053890252 ], [ -74.095141949586505, 4.62941380632725 ], [ -74.095150002023601, 4.6294222254403 ], [ -74.095158053559103, 4.62943064455461 ], [ -74.095166104194405, 4.62943906457505 ], [ -74.095174153929506, 4.6294474855016 ], [ -74.095182202764406, 4.62945590733428 ], [ -74.095190250699105, 4.62946433007308 ], [ -74.095198297733603, 4.62947275371801 ], [ -74.095206344768201, 4.6294811773628 ], [ -74.095214390902697, 4.62948960191373 ], [ -74.095222436136893, 4.62949802737076 ], [ -74.095230481371402, 4.62950645282768 ], [ -74.095238526605996, 4.62951487828443 ], [ -74.095246570940404, 4.62952330464732 ], [ -74.095254614373204, 4.62953173101148 ], [ -74.095262658707995, 4.6295401573741 ], [ -74.095270702142599, 4.62954858464283 ], [ -74.095278745577403, 4.62955701191144 ], [ -74.095286789010999, 4.62956543827502 ], [ -74.096816271678193, 4.63116784458095 ], [ -74.096819287640997, 4.63117100423166 ], [ -74.096822303605293, 4.63117416478724 ], [ -74.096825320470003, 4.63117732443652 ], [ -74.096828336434299, 4.63118048499206 ], [ -74.096831353299095, 4.63118364464131 ], [ -74.096834370163805, 4.63118680429054 ], [ -74.096837386126793, 4.63118996394115 ], [ -74.096840402992996, 4.63119312449522 ], [ -74.096843419856498, 4.63119628323952 ], [ -74.096846436721407, 4.63119944288867 ], [ -74.096849454488094, 4.63120260253641 ], [ -74.096852471351596, 4.63120576128066 ], [ -74.096855489118397, 4.63120892092836 ], [ -74.096858506883706, 4.63121207967116 ], [ -74.096861524647807, 4.63121523750907 ], [ -74.096864543314993, 4.63121839625044 ], [ -74.096867561079094, 4.63122155408833 ], [ -74.096870579745001, 4.6312247119248 ], [ -74.096873599312701, 4.63122786975983 ], [ -74.096876617977301, 4.6312310266914 ], [ -74.096879637545001, 4.6312341845264 ], [ -74.096882657110001, 4.63123734055165 ], [ -74.0968856775783, 4.63124049748036 ], [ -74.096888698045106, 4.63124365350417 ], [ -74.096891719412397, 4.6312468086217 ], [ -74.096894740781096, 4.63124996464408 ], [ -74.096897762146995, 4.63125311885669 ], [ -74.096900784416206, 4.63125627397276 ], [ -74.096903806683997, 4.63125942818395 ], [ -74.096906829852202, 4.63126258148885 ], [ -74.096909853020406, 4.63126573479372 ], [ -74.0970063118193, 4.63136583654895 ], [ -74.097009351197002, 4.63136897444527 ], [ -74.097012390574804, 4.63137211234156 ], [ -74.097015430852906, 4.63137524933157 ], [ -74.097018471131094, 4.63137838632154 ], [ -74.097021511407902, 4.63138152240664 ], [ -74.097024552586603, 4.63138465849031 ], [ -74.097027594667097, 4.63138779457257 ], [ -74.097030635844305, 4.63139092975133 ], [ -74.097033678825298, 4.63139406492729 ], [ -74.097036720903006, 4.63139719919975 ], [ -74.097039763882606, 4.63140033347081 ], [ -74.097042806862206, 4.63140346774182 ], [ -74.097045850743598, 4.63140660201142 ], [ -74.097048894623697, 4.63140973537615 ], [ -74.097051938503796, 4.63141286874084 ], [ -74.097054982382502, 4.63141600120066 ], [ -74.097058027164394, 4.63141913456391 ], [ -74.097061071945006, 4.6314222670223 ], [ -74.097064116725605, 4.63142539948064 ], [ -74.097067162406603, 4.63142853103271 ], [ -74.097070207187201, 4.63143166349102 ], [ -74.097073252868299, 4.63143479504305 ], [ -74.097076298550803, 4.63143792749992 ], [ -74.097079344231901, 4.63144105905191 ], [ -74.097082389913098, 4.63144419060389 ], [ -74.097085435594195, 4.63144732215583 ], [ -74.097088481274, 4.63145045280289 ], [ -74.097091527857103, 4.6314535843534 ], [ -74.0970945735383, 4.63145671590529 ], [ -74.097097620121403, 4.63145984745576 ], [ -74.097100665801307, 4.63146297810275 ], [ -74.103389220048996, 4.63792718662723 ], [ -74.103392265785999, 4.63793031813818 ], [ -74.103395312424794, 4.63793344964772 ], [ -74.103398358161897, 4.63793658115863 ], [ -74.103401403897607, 4.63793971176465 ], [ -74.103404450536601, 4.63794284327412 ], [ -74.103407496273704, 4.63794597478498 ], [ -74.103410542010906, 4.63794910629581 ], [ -74.103413586847694, 4.6379522387129 ], [ -74.103416632584995, 4.63795537022369 ], [ -74.103419677421897, 4.63795850264073 ], [ -74.103422723160605, 4.63796163505637 ], [ -74.103425767997507, 4.63796476747338 ], [ -74.103428811932602, 4.63796789989177 ], [ -74.103431856770996, 4.6379710332136 ], [ -74.103434900707697, 4.63797416653684 ], [ -74.103437943743899, 4.63797730076631 ], [ -74.103440986778807, 4.6379804340909 ], [ -74.103444029816501, 4.63798356922521 ], [ -74.103447072852802, 4.63798670345463 ], [ -74.103450114988803, 4.63798983859032 ], [ -74.103453156224305, 4.63799297463224 ], [ -74.103456197460005, 4.63799611067416 ], [ -74.103459238695606, 4.63799924671604 ], [ -74.103462279030893, 4.63800238366419 ], [ -74.103465318464401, 4.6380055206137 ], [ -74.103468357900795, 4.63800865937296 ], [ -74.103471396433903, 4.63801179722873 ], [ -74.103474434969897, 4.63801493689421 ], [ -74.103477472602705, 4.63801807565622 ], [ -74.103480509336606, 4.63802121622934 ], [ -74.1034835451687, 4.63802435680385 ], [ -74.103628642492595, 4.63817600567353 ], [ -74.103631646810797, 4.63817917706183 ], [ -74.103634650230006, 4.63818235026126 ], [ -74.103637652747395, 4.63818552346205 ], [ -74.103640654363105, 4.63818869666425 ], [ -74.1036436559816, 4.63819187167616 ], [ -74.103646656698302, 4.63819504668946 ], [ -74.103649657415005, 4.63819822170276 ], [ -74.103652657231393, 4.63820139762228 ], [ -74.103655656147396, 4.63820457444807 ], [ -74.103658655063498, 4.63820775127383 ], [ -74.1036616539796, 4.6382109280996 ], [ -74.103664651995203, 4.63821410583161 ], [ -74.103667649109198, 4.63821728356501 ], [ -74.103670646224501, 4.63822046220324 ], [ -74.103673643339903, 4.63822364084147 ], [ -74.103676639554905, 4.63822682038594 ], [ -74.103679635770007, 4.6382299999304 ], [ -74.103682631985095, 4.63823317947484 ], [ -74.103685627298404, 4.63823635902067 ], [ -74.103688622613106, 4.63823953947136 ], [ -74.103691617927893, 4.63824271992201 ], [ -74.103694612340803, 4.63824590037406 ], [ -74.103697606755304, 4.63824908173095 ], [ -74.103700602070106, 4.63825226218155 ], [ -74.103703596484607, 4.6382554435384 ], [ -74.103706589997302, 4.63825862489664 ], [ -74.103709584411803, 4.63826180625348 ], [ -74.103712578826304, 4.63826498761027 ], [ -74.103715572339098, 4.63826816896845 ], [ -74.103718565851906, 4.63827135032662 ], [ -74.103721560266607, 4.63827453168335 ], [ -74.105607093740105, 4.64027824024131 ], [ -74.105619068763303, 4.64029096652831 ], [ -74.105631044687499, 4.64030369190872 ], [ -74.105643021515206, 4.64031641819227 ], [ -74.105654997438805, 4.6403291426672 ], [ -74.105666975167793, 4.64034186804385 ], [ -74.105678952894493, 4.64035459161045 ], [ -74.105690932423798, 4.64036731426908 ], [ -74.105702911952093, 4.64038003602251 ], [ -74.105714893282993, 4.64039275686796 ], [ -74.105726876416597, 4.64040547680539 ], [ -74.105738860448099, 4.6404181940265 ], [ -74.105750847184098, 4.64043091033822 ], [ -74.1057628348196, 4.64044362483846 ], [ -74.105774825158093, 4.64045633752443 ], [ -74.105786817297698, 4.64046904839754 ], [ -74.105798812137607, 4.64048175564665 ], [ -74.105810808780106, 4.64049446198775 ], [ -74.105822809024701, 4.64050716470343 ], [ -74.105834811972201, 4.64051986560483 ], [ -74.105846817620005, 4.6405325628822 ], [ -74.105858826871199, 4.64054525743905 ], [ -74.105870838824003, 4.64055794927674 ], [ -74.105882854378805, 4.64057063748901 ], [ -74.105894873535604, 4.64058332207585 ], [ -74.105906897196306, 4.64059600303586 ], [ -74.105918923557098, 4.64060868037186 ], [ -74.105930955322194, 4.64062135317475 ], [ -74.105942990689201, 4.64063402235221 ], [ -74.105955030560096, 4.64064668790283 ], [ -74.105967074931996, 4.64065934801689 ], [ -74.1059791238077, 4.64067200450411 ], [ -74.106283534802003, 4.64098853102583 ], [ -74.106295710651594, 4.64100106424396 ], [ -74.106307891003596, 4.64101359293037 ], [ -74.1063200767598, 4.64102611708368 ], [ -74.106332266118002, 4.64103863761156 ], [ -74.106344459978601, 4.64105115360771 ], [ -74.106356657439804, 4.64106366507359 ], [ -74.106368859404796, 4.64107617291259 ], [ -74.106381064971799, 4.6410886771262 ], [ -74.106393274142306, 4.64110117861923 ], [ -74.106405486913303, 4.64111367558195 ], [ -74.106417702385997, 4.64112616982552 ], [ -74.106429921462095, 4.64113866134854 ], [ -74.106442143238397, 4.64115114924753 ], [ -74.106454367717603, 4.64116363533223 ], [ -74.1064665948971, 4.6411761177929 ], [ -74.1064788247797, 4.64118859843931 ], [ -74.106491057365204, 4.64120107727141 ], [ -74.106503290848806, 4.64121355338718 ], [ -74.106515527935699, 4.64122602678239 ], [ -74.106527765923502, 4.641238499271 ], [ -74.106540005712503, 4.64125096994674 ], [ -74.106552247302801, 4.64126343880961 ], [ -74.106564489793797, 4.64127590676586 ], [ -74.106576734086104, 4.64128837290925 ], [ -74.106588979279195, 4.64130083814603 ], [ -74.106601225373097, 4.64131330247621 ], [ -74.106613471466105, 4.64132576590121 ], [ -74.106625719363095, 4.64133822932306 ], [ -74.106637967259104, 4.64135069183973 ], [ -74.106650215155497, 4.64136315435608 ], [ -74.106662463952802, 4.64137561596584 ], [ -74.113068335844105, 4.64789313382157 ], [ -74.113074459905505, 4.64789936499569 ], [ -74.113080583967104, 4.64790559616974 ], [ -74.113086708028803, 4.64791182734369 ], [ -74.113092832090501, 4.64791805851757 ], [ -74.113098955251999, 4.64792429059765 ], [ -74.113105078413597, 4.64793052267766 ], [ -74.113111200674993, 4.64793675566389 ], [ -74.113117322036004, 4.64794298955631 ], [ -74.1131234424968, 4.64794922435493 ], [ -74.113129562957596, 4.64795545915348 ], [ -74.113135681617806, 4.64796169576451 ], [ -74.113141799377701, 4.64796793328176 ], [ -74.113147916237395, 4.64797417170522 ], [ -74.113154031294897, 4.64798041103629 ], [ -74.113160145453605, 4.64798665217844 ], [ -74.113166258713406, 4.64799289513168 ], [ -74.113172369269293, 4.64799913899395 ], [ -74.1131784789264, 4.64800538466729 ], [ -74.113184586782793, 4.64801163215313 ], [ -74.113190692837094, 4.6480178805466 ], [ -74.113196796190294, 4.64802413165886 ], [ -74.113202898646094, 4.64803038548703 ], [ -74.113208998397994, 4.64803664022426 ], [ -74.113215095448794, 4.64804289768029 ], [ -74.113221190700401, 4.64804915785367 ], [ -74.1132272832495, 4.64805541984096 ], [ -74.113233373999293, 4.64806168454561 ], [ -74.1132394611449, 4.6480679510656 ], [ -74.113245546492607, 4.64807422120781 ], [ -74.113251628237506, 4.64808049407023 ], [ -74.1132577072798, 4.64808676874657 ], [ -74.113465022095099, 4.64830447991137 ], [ -74.113470993087503, 4.64831085881506 ], [ -74.113476961378794, 4.64831724043751 ], [ -74.113482926968999, 4.64832362477877 ], [ -74.113488888956397, 4.64833001184024 ], [ -74.113494849144502, 4.64833640161905 ], [ -74.113500805729799, 4.64834279411806 ], [ -74.113506760514397, 4.64834918842957 ], [ -74.113512712596503, 4.64835558455502 ], [ -74.113518662879301, 4.64836198339782 ], [ -74.113524610459706, 4.64836838405455 ], [ -74.113530556240804, 4.64837478742862 ], [ -74.113536500219894, 4.64838119171033 ], [ -74.113542442398298, 4.64838759780456 ], [ -74.113548381875603, 4.64839400661756 ], [ -74.113554320452593, 4.64840041633677 ], [ -74.113560257227505, 4.64840682696361 ], [ -74.113566192201802, 4.64841323940295 ], [ -74.113572126277205, 4.64841965365338 ], [ -74.113578058550502, 4.64842606881141 ], [ -74.113583989923598, 4.64843248487568 ], [ -74.113589920396294, 4.64843890184616 ], [ -74.113595849968803, 4.64844531972282 ], [ -74.113601778640998, 4.64845173850572 ], [ -74.1136077055111, 4.64845815819625 ], [ -74.113613632382695, 4.64846457879156 ], [ -74.113619559254502, 4.64847099938679 ], [ -74.113625484324103, 4.64847742088966 ], [ -74.113631410297103, 4.64848384329591 ], [ -74.113637335367002, 4.64849026479862 ], [ -74.113643260438394, 4.64849668720612 ], [ -74.113649184608093, 4.64850310961497 ], [ -74.114694267279901, 4.64963595138825 ], [ -74.114699204105094, 4.64964130398752 ], [ -74.1147041418307, 4.64964665568044 ], [ -74.114709079556405, 4.64965200737331 ], [ -74.114714017280804, 4.64965735816126 ], [ -74.114718955907094, 4.64966270894774 ], [ -74.114723894533398, 4.64966805973416 ], [ -74.114728834060202, 4.64967340961424 ], [ -74.114733774487505, 4.64967875858798 ], [ -74.114738715815193, 4.64968410665537 ], [ -74.114743658044901, 4.64968945472129 ], [ -74.114748601173503, 4.64969480097602 ], [ -74.114753546104495, 4.64970014632294 ], [ -74.114758491032703, 4.64970548986011 ], [ -74.114763438666301, 4.64971083339295 ], [ -74.114768387197699, 4.64971617420971 ], [ -74.114773336629398, 4.64972151412014 ], [ -74.114778288765294, 4.64972685312136 ], [ -74.114783242700597, 4.64973218940509 ], [ -74.114788198438106, 4.64973752478106 ], [ -74.114793155975093, 4.64974285743953 ], [ -74.114798115312993, 4.64974818828537 ], [ -74.1148030773535, 4.64975351731715 ], [ -74.114808041194905, 4.64975884453631 ], [ -74.114813008639302, 4.6497641690351 ], [ -74.114817977883106, 4.64976949081642 ], [ -74.114822949829701, 4.64977481078368 ], [ -74.114827924476003, 4.64978012712714 ], [ -74.114832901824997, 4.64978544165656 ], [ -74.114837881875204, 4.64979075346704 ], [ -74.114842865527095, 4.64979606165233 ], [ -74.114847852782006, 4.64980136711725 ], [ -74.114973833412606, 4.64993325153428 ], [ -74.114978904409995, 4.6499384754275 ], [ -74.114983979010304, 4.64994369660037 ], [ -74.114989057212298, 4.64994891414804 ], [ -74.114994137215206, 4.64995412988306 ], [ -74.114999220819698, 4.64995934199287 ], [ -74.115004307126796, 4.64996455228863 ], [ -74.1150093961338, 4.64996975896061 ], [ -74.115014486941604, 4.64997496381994 ], [ -74.115019580450706, 4.64998016596035 ], [ -74.115024676662401, 4.64998536628671 ], [ -74.115029774674994, 4.64999056480044 ], [ -74.115034874486994, 4.64999576059668 ], [ -74.115039976099794, 4.65000095458026 ], [ -74.115045080415399, 4.65000614674979 ], [ -74.115050185629897, 4.65001133710811 ], [ -74.115055293547201, 4.65001652565238 ], [ -74.115060402364804, 4.65002171329029 ], [ -74.115065512983406, 4.65002689911558 ], [ -74.115070624501001, 4.65003208312965 ], [ -74.115075736920403, 4.65003726714226 ], [ -74.115080851139396, 4.65004244843735 ], [ -74.115085966260096, 4.65004762973096 ], [ -74.115091082281396, 4.65005281011824 ], [ -74.115096199203094, 4.65005798959914 ], [ -74.115101317025307, 4.65006316817372 ], [ -74.115106434846098, 4.6500683458434 ], [ -74.115111553568795, 4.65007352351156 ], [ -74.115116673192006, 4.6500787002734 ], [ -74.115121791913495, 4.65008387703662 ], [ -74.115126911536805, 4.65008905379833 ], [ -74.115132032061993, 4.65009423055857 ], [ -74.115254050362296, 4.65021760097879 ], [ -74.115258146603594, 4.65022174238615 ], [ -74.115262241941707, 4.65022588289005 ], [ -74.115266338183105, 4.65023002429735 ], [ -74.115270433522696, 4.65023416570603 ], [ -74.115274529764207, 4.65023830711326 ], [ -74.115278625103997, 4.65024244852188 ], [ -74.115282720443702, 4.65024658993046 ], [ -74.115286815783506, 4.650250731339 ], [ -74.115290911124802, 4.65025487365237 ], [ -74.115295006464706, 4.65025901506084 ], [ -74.115299100904295, 4.65026315737556 ], [ -74.115303195343898, 4.65026729969025 ], [ -74.115307289783601, 4.65027144200492 ], [ -74.115311384224796, 4.65027558522439 ], [ -74.115315478664499, 4.65027972753898 ], [ -74.115319572203902, 4.6502838707598 ], [ -74.115323665744796, 4.65028801488548 ], [ -74.115327758382506, 4.65029215810768 ], [ -74.1153318519235, 4.65029630223326 ], [ -74.115335943662402, 4.65030044726654 ], [ -74.115340036301603, 4.65030459139348 ], [ -74.115344128040604, 4.65030873642668 ], [ -74.115348219780998, 4.65031288236471 ], [ -74.115352310619599, 4.65031702830412 ], [ -74.1153564014583, 4.65032117424351 ], [ -74.1153604913967, 4.65032532108916 ], [ -74.115364581335101, 4.65032946793474 ], [ -74.115368670373101, 4.65033361568661 ], [ -74.115372759412693, 4.6503377643433 ], [ -74.115376847550394, 4.65034191300135 ], [ -74.115380935688194, 4.65034606165939 ], [ -74.115484109837993, 4.65045113838055 ], [ -74.115488183570804, 4.65045530153828 ], [ -74.115492256401893, 4.65045946469743 ], [ -74.115496329234503, 4.65046362876137 ], [ -74.115500402068506, 4.65046779373014 ], [ -74.115504473098994, 4.65047195870174 ], [ -74.115508545031304, 4.65047612367187 ], [ -74.115512616063299, 4.65048028954826 ], [ -74.115516686193502, 4.65048445542604 ], [ -74.115520756325196, 4.65048862220865 ], [ -74.115524826456905, 4.65049278899123 ], [ -74.1155288956883, 4.65049695668005 ], [ -74.115532964018001, 4.65050112437027 ], [ -74.115537033249495, 4.65050529205903 ], [ -74.115541101580604, 4.65050946065405 ], [ -74.115545169911798, 4.650513629249 ], [ -74.115549237341298, 4.65051779784537 ], [ -74.115553304772206, 4.65052196734656 ], [ -74.115557372203099, 4.65052613684772 ], [ -74.115561439634106, 4.65053030634885 ], [ -74.115565506163406, 4.65053447585137 ], [ -74.115569572694099, 4.6505386462587 ], [ -74.115573639223399, 4.65054281576114 ], [ -74.115577705754205, 4.65054698616842 ], [ -74.115581772285097, 4.65055115657565 ], [ -74.115585837914196, 4.65055532698426 ], [ -74.115589904445102, 4.65055949739143 ], [ -74.115593970075807, 4.65056366870486 ], [ -74.115598035705005, 4.65056783911338 ], [ -74.115602101335696, 4.65057201042672 ], [ -74.1156061678669, 4.65057618083375 ], [ -74.115610233497705, 4.65058035214702 ], [ -74.1237901066457, 4.65897165722012 ], [ -74.123899616109995, 4.65908423953411 ], [ -74.127622657749697, 4.66292006387824 ], [ -74.127625706422506, 4.66292320427474 ], [ -74.127628754193395, 4.66292634467266 ], [ -74.127631801964299, 4.66292948507058 ], [ -74.127634850635701, 4.66293262456216 ], [ -74.127637899308496, 4.66293576495859 ], [ -74.127640947979998, 4.66293890445013 ], [ -74.127643997553207, 4.66294204394021 ], [ -74.127647047126501, 4.66294518343026 ], [ -74.127650096698403, 4.66294832201544 ], [ -74.127653147170705, 4.6629514596943 ], [ -74.127656197643006, 4.66295459737314 ], [ -74.127659249017199, 4.6629577350505 ], [ -74.127662301291707, 4.66296087182153 ], [ -74.127665353564893, 4.66296400768771 ], [ -74.127668406738493, 4.66296714264753 ], [ -74.1276714608139, 4.66297027760592 ], [ -74.127674515789707, 4.66297341165796 ], [ -74.127677570764106, 4.66297654480512 ], [ -74.127680627540798, 4.66297967704454 ], [ -74.127683685217804, 4.6629828083776 ], [ -74.127686743795294, 4.66298593880435 ], [ -74.1276898023699, 4.66298906742134 ], [ -74.127692863649997, 4.66299219603399 ], [ -74.127695924927295, 4.66299532283691 ], [ -74.127698988008206, 4.66299844963692 ], [ -74.127702051986603, 4.66300157372087 ], [ -74.127705116866906, 4.66300469780335 ], [ -74.127708183547995, 4.66300782007322 ], [ -74.127711251128005, 4.66301094053189 ], [ -74.127714320510293, 4.66301406008278 ], [ -74.127717391694802, 4.66301717872592 ], [ -74.127839462034999, 4.66313872790959 ], [ -74.127842592642907, 4.66314178492602 ], [ -74.127845725053007, 4.6631448410347 ], [ -74.127848859263906, 4.66314789533073 ], [ -74.127851994375206, 4.66315094872046 ], [ -74.127855130385498, 4.663154000299 ], [ -74.127858268196505, 4.6631570500649 ], [ -74.127861406907996, 4.66316009892446 ], [ -74.127864547421694, 4.66316314687626 ], [ -74.1278676879339, 4.6631661939232 ], [ -74.127870830248497, 4.66316924006234 ], [ -74.127873973461902, 4.66317228439031 ], [ -74.127877117575807, 4.66317532781195 ], [ -74.127880262591503, 4.66317837123212 ], [ -74.127883408506193, 4.6631814128411 ], [ -74.127886555321297, 4.66318445354376 ], [ -74.1278897021365, 4.6631874942464 ], [ -74.127892850752403, 4.66319053313642 ], [ -74.127895999368306, 4.6631935720264 ], [ -74.127899148884694, 4.66319661001006 ], [ -74.127902298401096, 4.6631996479937 ], [ -74.127905448817899, 4.66320268507102 ], [ -74.1279086001351, 4.663205721242 ], [ -74.127911751452302, 4.66320875741297 ], [ -74.127914902768097, 4.66321179267905 ], [ -74.127918054987205, 4.66321482884853 ], [ -74.1279212072034, 4.66321786320827 ], [ -74.127924359421201, 4.66322089847284 ], [ -74.127927512539301, 4.66322393283111 ], [ -74.127930665657402, 4.66322696718933 ], [ -74.127933818775603, 4.66323000154755 ], [ -74.127936971893803, 4.66323303590574 ], [ -74.1280512672529, 4.66334302618128 ], [ -74.128054420370603, 4.66334605963383 ], [ -74.128057573489897, 4.66334909399122 ], [ -74.128060725708707, 4.66335212925488 ], [ -74.128063878828002, 4.66335516361224 ], [ -74.128067031045504, 4.663358197971 ], [ -74.128070184166305, 4.66336123323315 ], [ -74.128073335483407, 4.6633642684982 ], [ -74.128076487703893, 4.66336730466661 ], [ -74.128079639021095, 4.66337033993161 ], [ -74.128082790341196, 4.66337337700629 ], [ -74.128085940759505, 4.6633764140824 ], [ -74.128089090276106, 4.66337945115995 ], [ -74.128092239794, 4.66338248914232 ], [ -74.128095388411694, 4.66338552803098 ], [ -74.128098536129002, 4.66338856782593 ], [ -74.128101683846296, 4.66339160762085 ], [ -74.128104830664697, 4.66339464922692 ], [ -74.128107976581305, 4.66339769083441 ], [ -74.128111121597598, 4.66340073334819 ], [ -74.128114265714899, 4.6634037776731 ], [ -74.128117408028601, 4.66340682200091 ], [ -74.128120550343795, 4.66340986723354 ], [ -74.128123691760095, 4.66341291427732 ], [ -74.128126831374203, 4.66341596222883 ], [ -74.128129970087997, 4.66341901108661 ], [ -74.128133107902798, 4.66342206175554 ], [ -74.128136244817298, 4.66342511333076 ], [ -74.128139379931, 4.66342816671858 ], [ -74.128142513242594, 4.66343122101411 ], [ -74.128145645653802, 4.66343427621593 ], [ -74.128148777166103, 4.66343733322891 ], [ -74.128270847653894, 4.66355888320536 ], [ -74.128273917939893, 4.66356200094143 ], [ -74.128276987327098, 4.66356512048863 ], [ -74.128280055815296, 4.66356824184699 ], [ -74.128283122501401, 4.66357136411308 ], [ -74.1282861873852, 4.66357448728691 ], [ -74.128289251370205, 4.66357761227186 ], [ -74.128292314454896, 4.66358073816311 ], [ -74.128295375738702, 4.66358386586696 ], [ -74.128298436120801, 4.66358699357222 ], [ -74.128301495604006, 4.66359012308862 ], [ -74.128304554186798, 4.66359325351133 ], [ -74.128307610967497, 4.66359638484176 ], [ -74.128310667749602, 4.66359951707704 ], [ -74.128313723631393, 4.66360265021859 ], [ -74.128316778612799, 4.66360578426643 ], [ -74.128319831790506, 4.66360891831716 ], [ -74.128322884971297, 4.66361205417756 ], [ -74.128325938152003, 4.66361519003795 ], [ -74.128328989530502, 4.66361832680607 ], [ -74.1283320409091, 4.66362146357419 ], [ -74.128335092289205, 4.66362460124713 ], [ -74.128338142768897, 4.66362773982637 ], [ -74.128341192346795, 4.66363087840703 ], [ -74.128344241926101, 4.6636340178925 ], [ -74.128347290603699, 4.66363715737943 ], [ -74.128350339281297, 4.66364029686633 ], [ -74.128353387958995, 4.66364343635322 ], [ -74.1283564366381, 4.66364657674494 ], [ -74.128359485317205, 4.66364971713664 ], [ -74.128362533094503, 4.66365285752977 ], [ -74.1283655808719, 4.66365599792288 ], [ -74.129442150579095, 4.66476516508438 ], [ -74.129445199267906, 4.66476830546892 ], [ -74.129448247054995, 4.66477144585489 ], [ -74.129451294841999, 4.66477458624085 ], [ -74.129454342629103, 4.66477772662678 ], [ -74.129457390417699, 4.66478086791754 ], [ -74.129460437304502, 4.66478400920974 ], [ -74.129463485093098, 4.66478715050047 ], [ -74.129466531078094, 4.66479029179407 ], [ -74.129469577966404, 4.66479343399107 ], [ -74.1294726239543, 4.66479657709436 ], [ -74.129475669038996, 4.66479971929421 ], [ -74.129478714126606, 4.66480286330375 ], [ -74.129481758312494, 4.66480600731474 ], [ -74.129484801597897, 4.66480915223201 ], [ -74.1294878448834, 4.66481229714925 ], [ -74.129490887269995, 4.66481544387764 ], [ -74.129493928754798, 4.66481859060747 ], [ -74.1294969693393, 4.66482173824358 ], [ -74.129500009023303, 4.66482488678596 ], [ -74.129503047807106, 4.66482803623465 ], [ -74.129506085690494, 4.66483118658962 ], [ -74.129509122673497, 4.66483433785088 ], [ -74.1295121578558, 4.66483749092474 ], [ -74.129515192136296, 4.66484064400002 ], [ -74.129518225517799, 4.66484379888645 ], [ -74.129521257999102, 4.66484695467916 ], [ -74.129524288679605, 4.66485011228447 ], [ -74.129527318459694, 4.66485327079607 ], [ -74.129530346437704, 4.66485643021541 ], [ -74.129533373516793, 4.66485959144589 ], [ -74.129536398793704, 4.6648627535841 ], [ -74.129656003827193, 4.66499029642421 ], [ -74.129658965171004, 4.66499351838516 ], [ -74.129661926517699, 4.66499674215582 ], [ -74.129664885160395, 4.66499996683566 ], [ -74.129667842904198, 4.66500319332666 ], [ -74.1296707997477, 4.66500642072394 ], [ -74.129673754788897, 4.66500964902895 ], [ -74.129676708029507, 4.66501287914657 ], [ -74.129679661271496, 4.66501611016901 ], [ -74.129682612711406, 4.66501934209918 ], [ -74.129685563250803, 4.66502257493566 ], [ -74.129688511988107, 4.66502580867988 ], [ -74.129691460728395, 4.66502904423378 ], [ -74.129694407664999, 4.66503227979057 ], [ -74.129697354603096, 4.66503551625222 ], [ -74.129700299739, 4.66503875362157 ], [ -74.129703244876396, 4.66504199189578 ], [ -74.1297061882116, 4.66504523107772 ], [ -74.129709131546804, 4.66504847025965 ], [ -74.1297120748835, 4.6650517103464 ], [ -74.129715016418004, 4.66505495134091 ], [ -74.129717957952494, 4.66505819233539 ], [ -74.129720898585305, 4.66506143333132 ], [ -74.129723839221001, 4.66506467613692 ], [ -74.129726779855204, 4.66506791803766 ], [ -74.129729719589093, 4.66507116084467 ], [ -74.129732658421204, 4.66507440365314 ], [ -74.1297355981566, 4.66507764736496 ], [ -74.129738536988796, 4.66508089017338 ], [ -74.129741475822399, 4.66508413388664 ], [ -74.129744414656003, 4.66508737759987 ], [ -74.129747353489705, 4.66509062131309 ], [ -74.1298487735436, 4.66520256917229 ], [ -74.129851712378198, 4.66520581288483 ], [ -74.129854651212895, 4.66520905659735 ], [ -74.129857590047607, 4.66521230030985 ], [ -74.129860528880897, 4.66521554311747 ], [ -74.129863468617501, 4.66521878682846 ], [ -74.129866408352697, 4.6652220296346 ], [ -74.129869348087894, 4.66522527244071 ], [ -74.129872287821698, 4.66522851434194 ], [ -74.129875228458801, 4.66523175714656 ], [ -74.129878169093004, 4.66523499814147 ], [ -74.1298811106291, 4.66523823913488 ], [ -74.129884053067002, 4.66524148012683 ], [ -74.129886995503597, 4.6652447202139 ], [ -74.129889938840506, 4.66524795939464 ], [ -74.129892883079293, 4.66525119857392 ], [ -74.129895827316602, 4.66525443684832 ], [ -74.129898773356203, 4.66525767421493 ], [ -74.129901719394397, 4.66526091067668 ], [ -74.129904667234797, 4.66526414623065 ], [ -74.129907615075197, 4.66526738178459 ], [ -74.129910564716496, 4.66527061552592 ], [ -74.129913514356303, 4.66527384836234 ], [ -74.129916465798303, 4.665277080291 ], [ -74.129919419042594, 4.66528031131188 ], [ -74.129922372285407, 4.66528354142788 ], [ -74.129925328230897, 4.6652867697298 ], [ -74.129928284174895, 4.66528999712685 ], [ -74.129931241921199, 4.66529322361611 ], [ -74.129934201468302, 4.66529644829273 ], [ -74.129937161915706, 4.66529967206304 ], [ -74.129940124163994, 4.66530289402071 ], [ -74.130059725734398, 4.665430433141 ], [ -74.130062751017604, 4.66543359618058 ], [ -74.130065778101596, 4.66543675740752 ], [ -74.130068806084495, 4.66543991682329 ], [ -74.1300718358697, 4.66544307533129 ], [ -74.130074866555304, 4.66544623293295 ], [ -74.130077899041694, 4.66544938872197 ], [ -74.130080932428399, 4.66545254360466 ], [ -74.130083966714196, 4.66545569667617 ], [ -74.130087002802199, 4.6654588488399 ], [ -74.130090038890202, 4.66546200100361 ], [ -74.130093076778905, 4.66546515135468 ], [ -74.130096115568193, 4.66546830079943 ], [ -74.130099155257795, 4.66547144933785 ], [ -74.130102195847797, 4.66547459696994 ], [ -74.130105237338199, 4.66547774369571 ], [ -74.130108279729001, 4.66548088951514 ], [ -74.130111323021694, 4.66548403533311 ], [ -74.130114366312995, 4.66548718024618 ], [ -74.130117410504596, 4.66549032425294 ], [ -74.130120455596696, 4.66549346735338 ], [ -74.130123500688796, 4.66549661045379 ], [ -74.130126546682803, 4.66549975355271 ], [ -74.130129593577095, 4.66550289574534 ], [ -74.130132640470094, 4.66550603703308 ], [ -74.130135687362994, 4.66550917832079 ], [ -74.130138734255993, 4.66551231960848 ], [ -74.130141782050899, 4.66551546089469 ], [ -74.130144829844298, 4.66551860127604 ], [ -74.130147877637796, 4.66552174165736 ], [ -74.130150926333101, 4.66552488203722 ], [ -74.1301539741266, 4.6655280224185 ], [ -74.133539536172094, 4.66901605425585 ], [ -74.133542578576296, 4.66901918919437 ], [ -74.133545620980399, 4.66902232413289 ], [ -74.133548663384602, 4.66902545907138 ], [ -74.133551706690696, 4.6690285940084 ], [ -74.133554748193106, 4.6690317289483 ], [ -74.133557790597393, 4.66903486388673 ], [ -74.133560833003202, 4.66903799973 ], [ -74.133563874505697, 4.66904113466984 ], [ -74.133566916011105, 4.66904427141939 ], [ -74.133569957515107, 4.66904740726406 ], [ -74.133572998118794, 4.669050544015 ], [ -74.133576038722495, 4.66905368076594 ], [ -74.133579078424404, 4.66905681751833 ], [ -74.133582118127705, 4.66905995517551 ], [ -74.133585157832599, 4.66906309373756 ], [ -74.1335881966356, 4.66906623230105 ], [ -74.133591234536894, 4.66906937086597 ], [ -74.133594272439595, 4.66907251033572 ], [ -74.133597309441996, 4.66907565071177 ], [ -74.133600345543996, 4.6690787919941 ], [ -74.133603381645997, 4.66908193327642 ], [ -74.133606416847698, 4.66908507546503 ], [ -74.133609451147606, 4.66908821765508 ], [ -74.133612485450399, 4.66909136165483 ], [ -74.133615517949593, 4.66909450565745 ], [ -74.133618550450294, 4.66909765056493 ], [ -74.133621581148802, 4.66910079638013 ], [ -74.133624611848802, 4.6691039431002 ], [ -74.133627640746596, 4.66910709072801 ], [ -74.133630669645797, 4.66911023926063 ], [ -74.133633696742905, 4.66911338870102 ], [ -74.133783158716795, 4.6692714419587 ], [ -74.133787125513194, 4.66927570737785 ], [ -74.133791091409293, 4.6692799737033 ], [ -74.133795055506198, 4.66928424274619 ], [ -74.133799017800797, 4.66928851269682 ], [ -74.133802978294796, 4.66929278446003 ], [ -74.133806936986602, 4.66929705713098 ], [ -74.1338108947796, 4.66930133161307 ], [ -74.133814850771799, 4.66930560790774 ], [ -74.133818805862305, 4.66930988420385 ], [ -74.133822759152096, 4.66931416231254 ], [ -74.133826711542895, 4.66931844223237 ], [ -74.133830663032001, 4.66932272215361 ], [ -74.133834612720406, 4.66932700388745 ], [ -74.133838561508497, 4.66933128652756 ], [ -74.133842509396203, 4.66933557007396 ], [ -74.133846456383594, 4.66933985452663 ], [ -74.133850402469207, 4.66934413898074 ], [ -74.133854347655998, 4.66934842524595 ], [ -74.133858291940996, 4.66935271151261 ], [ -74.133862236227401, 4.6693569986841 ], [ -74.133866179613605, 4.66936128676185 ], [ -74.133870122099395, 4.66936557574588 ], [ -74.133874063683393, 4.66936986473134 ], [ -74.133878005267505, 4.66937415371675 ], [ -74.133881945951202, 4.66937844360845 ], [ -74.133885887536806, 4.66938273349866 ], [ -74.133889827318896, 4.66938702339175 ], [ -74.133893768004199, 4.6693913141882 ], [ -74.133897707787796, 4.66939560498608 ], [ -74.133901647571406, 4.66939989578392 ], [ -74.133905587355102, 4.66940418658173 ], [ -74.134290702578994, 4.66982361665025 ], [ -74.134293657646197, 4.66982683497192 ], [ -74.134296612713399, 4.66983005329357 ], [ -74.134299567779195, 4.66983327071033 ], [ -74.134302522846397, 4.66983648903193 ], [ -74.134305477912307, 4.66983970644867 ], [ -74.134308432979594, 4.66984292477024 ], [ -74.134311388947296, 4.66984614218548 ], [ -74.134314344915097, 4.66984935960069 ], [ -74.134317300881406, 4.66985257611103 ], [ -74.134320256849193, 4.66985579352621 ], [ -74.134323213717394, 4.66985901003505 ], [ -74.134326170584202, 4.66986222563903 ], [ -74.134329128352803, 4.66986544124152 ], [ -74.134332086121503, 4.66986865684399 ], [ -74.134335044790603, 4.66987187154013 ], [ -74.134338003459703, 4.66987508623625 ], [ -74.134340963029203, 4.66987830002604 ], [ -74.134343922598802, 4.6698815138158 ], [ -74.134346883970494, 4.66988472669777 ], [ -74.134349844439001, 4.66988793867634 ], [ -74.134352806711206, 4.66989115065197 ], [ -74.134355768982005, 4.66989436172272 ], [ -74.134358733054995, 4.66989757188568 ], [ -74.134361697128099, 4.66990078204862 ], [ -74.134364661198205, 4.66990399040183 ], [ -74.134367627072095, 4.66990719875211 ], [ -74.134370593846299, 4.66991040619604 ], [ -74.134373561521002, 4.66991361273365 ], [ -74.134376530096105, 4.66991681836493 ], [ -74.134379499571494, 4.66992002308987 ], [ -74.134382469947397, 4.66992322690847 ], [ -74.134522972776594, 4.67007244219832 ], [ -74.134525992678803, 4.67007559888329 ], [ -74.134529012581197, 4.67007875556827 ], [ -74.134532034285698, 4.67008191134544 ], [ -74.134535055988806, 4.67008506621773 ], [ -74.1345380794927, 4.67008821927737 ], [ -74.134541102996707, 4.67009137233702 ], [ -74.134544128302807, 4.67009452448884 ], [ -74.134547153607599, 4.67009767573581 ], [ -74.134550179814198, 4.6701008269813 ], [ -74.134553206919705, 4.67010397641559 ], [ -74.134556234927203, 4.67010712584841 ], [ -74.134559262933095, 4.67011027437636 ], [ -74.134562291840993, 4.6701134229028 ], [ -74.134565321649205, 4.67011657052293 ], [ -74.134568351455997, 4.6701197172382 ], [ -74.134571382164694, 4.67012286395198 ], [ -74.134574413773805, 4.67012600975941 ], [ -74.134577445381495, 4.67012915466199 ], [ -74.134580476990607, 4.67013230046938 ], [ -74.134583509500104, 4.67013544537046 ], [ -74.134586542008194, 4.67013858936664 ], [ -74.134589575418204, 4.67014173336135 ], [ -74.1345926088282, 4.67014487735606 ], [ -74.134595642236803, 4.67014802044587 ], [ -74.134598676548705, 4.67015116443906 ], [ -74.134601709957295, 4.67015430752885 ], [ -74.134604744267804, 4.67015745061714 ], [ -74.134607778576793, 4.67016059280057 ], [ -74.134610813789195, 4.67016373588736 ], [ -74.134613848098297, 4.67016687807076 ], [ -74.134616882408906, 4.67017002115898 ], [ -74.134872071636195, 4.67043429969511 ], [ -74.1348751059476, 4.67043744187677 ], [ -74.134878141162403, 4.67044058496181 ], [ -74.134881175473893, 4.67044372714344 ], [ -74.134884209785497, 4.67044686932504 ], [ -74.134887244998893, 4.67045001150517 ], [ -74.134890280212304, 4.67045315368526 ], [ -74.1348933154257, 4.67045629586534 ], [ -74.134896351539595, 4.67045943713911 ], [ -74.134899387653505, 4.67046257841284 ], [ -74.134902423765894, 4.6704657187817 ], [ -74.134905460781695, 4.67046886005392 ], [ -74.134908497794598, 4.67047199951643 ], [ -74.134911535709307, 4.67047513897745 ], [ -74.134914573624101, 4.67047827843845 ], [ -74.134917613341102, 4.67048141699164 ], [ -74.134920652154804, 4.67048455464144 ], [ -74.134923692772304, 4.6704876922883 ], [ -74.134926733386806, 4.67049082812541 ], [ -74.134929774903199, 4.67049396396106 ], [ -74.134932817321499, 4.67049709979522 ], [ -74.134935860638706, 4.6705002338182 ], [ -74.134938903954506, 4.6705033669363 ], [ -74.134941949074005, 4.67050650005147 ], [ -74.134944995092496, 4.67050963135545 ], [ -74.134948042012795, 4.67051276265794 ], [ -74.134951089832001, 4.67051589214924 ], [ -74.134954138551606, 4.6705190207342 ], [ -74.134957188171697, 4.67052214841284 ], [ -74.134960239593994, 4.67052527518369 ], [ -74.134963291915199, 4.67052840014333 ], [ -74.134966345136903, 4.67053152419666 ], [ -74.135080584256301, 4.67064662619142 ], [ -74.135196527804197, 4.67075999893189 ], [ -74.135199674667007, 4.67076302872696 ], [ -74.135202822430301, 4.67076605761571 ], [ -74.135205971092503, 4.67076908469325 ], [ -74.135209120655105, 4.67077211086446 ], [ -74.135212272019899, 4.67077513612788 ], [ -74.1352154233834, 4.67077816048643 ], [ -74.135218576547601, 4.67078118303232 ], [ -74.135221730613594, 4.67078420557673 ], [ -74.135224885578594, 4.67078722630996 ], [ -74.135228041445501, 4.67079024704169 ], [ -74.135231197309395, 4.6707932659637 ], [ -74.135234354977101, 4.67079628488276 ], [ -74.135237512641893, 4.67079930199211 ], [ -74.135240672110399, 4.67080231909851 ], [ -74.135243830675606, 4.67080533530148 ], [ -74.135246991043005, 4.67080835059667 ], [ -74.135250151410503, 4.67081136589183 ], [ -74.135253312678401, 4.67081438028065 ], [ -74.135256474848106, 4.67081739466802 ], [ -74.135259637014997, 4.67082040724563 ], [ -74.135262799183295, 4.67082342072807 ], [ -74.135265962252006, 4.67082643330419 ], [ -74.135269125319297, 4.67082944497543 ], [ -74.135272289288494, 4.67083245664519 ], [ -74.135275453257705, 4.67083546831492 ], [ -74.135278617226902, 4.67083847998464 ], [ -74.135281781194706, 4.67084149074947 ], [ -74.135284946064402, 4.67084450151284 ], [ -74.135288110933999, 4.67084751227618 ], [ -74.135291274901903, 4.67085052304096 ], [ -74.135294439771599, 4.67085353380425 ], [ -74.135488561770302, 4.67103820475486 ], [ -74.135491726641703, 4.67104121551685 ], [ -74.135494891513105, 4.6710442262788 ], [ -74.135498055482699, 4.67104723704219 ], [ -74.1355012203542, 4.67105024780411 ], [ -74.135504384323895, 4.67105325856747 ], [ -74.135507548294996, 4.67105627023565 ], [ -74.135510712266196, 4.67105928190382 ], [ -74.135513875335604, 4.67106229357342 ], [ -74.135517038406405, 4.67106530614786 ], [ -74.135520201478798, 4.67106831962713 ], [ -74.135523363649298, 4.67107133310784 ], [ -74.135526524918006, 4.67107434659 ], [ -74.135529686188207, 4.67107736097698 ], [ -74.135532846558107, 4.67108037627025 ], [ -74.135536006027607, 4.67108339246983 ], [ -74.135539165497093, 4.67108640866939 ], [ -74.135542324066293, 4.67108942577523 ], [ -74.1355454817366, 4.67109244469223 ], [ -74.135548637603193, 4.67109546361212 ], [ -74.135551793471393, 4.67109848343685 ], [ -74.135554948439193, 4.67110150416787 ], [ -74.135558102508, 4.67110452671003 ], [ -74.135561255676606, 4.67110755015849 ], [ -74.1355644070415, 4.67111057360985 ], [ -74.135567557508907, 4.67111359977723 ], [ -74.135570707074606, 4.67111662594602 ], [ -74.135573855741399, 4.67111965392599 ], [ -74.135577002607405, 4.67112268371855 ], [ -74.135580147671305, 4.67112571441887 ], [ -74.135583292736598, 4.67112874602401 ], [ -74.135586435100805, 4.67113178034808 ], [ -74.135745811381994, 4.67128956264564 ], [ -74.135748876316796, 4.67129267581658 ], [ -74.135751940349707, 4.67129578898898 ], [ -74.135755002583394, 4.67129890487883 ], [ -74.135758063916697, 4.67130202167499 ], [ -74.135761123447793, 4.6713051393789 ], [ -74.135764182078603, 4.67130825798908 ], [ -74.135767239810505, 4.67131137841043 ], [ -74.135770295741693, 4.67131450064441 ], [ -74.135773350771004, 4.67131762287981 ], [ -74.135776404901506, 4.67132074692636 ], [ -74.135779457228296, 4.6713238709758 ], [ -74.135782509558098, 4.67132699683495 ], [ -74.135785560085694, 4.67133012360185 ], [ -74.135788610614696, 4.67133325127357 ], [ -74.135791660242006, 4.67133637894675 ], [ -74.135794708068502, 4.67133950843253 ], [ -74.135797755895098, 4.6713426379183 ], [ -74.1358008037232, 4.67134576830889 ], [ -74.135803849748996, 4.67134889960724 ], [ -74.135806895774905, 4.67135203090557 ], [ -74.135809940900501, 4.6713551631102 ], [ -74.135812986025996, 4.67135829531483 ], [ -74.135816030251206, 4.67136142842572 ], [ -74.135819074476501, 4.6713645615366 ], [ -74.135822118703203, 4.67136769555231 ], [ -74.135825162028198, 4.67137082956948 ], [ -74.135828205353107, 4.67137396358661 ], [ -74.135831247777702, 4.67137709851005 ], [ -74.135834291102697, 4.67138023252715 ], [ -74.135837333527405, 4.67138336745055 ], [ -74.1358403759521, 4.67138650237392 ], [ -74.1463946859038, 4.6822598063336 ], [ -74.146608069201505, 4.68248266389955 ], [ -74.146719021602095, 4.68260014093546 ], [ -74.146877002088502, 4.68276547269634 ], [ -74.148106706016705, 4.68403748651831 ], [ -74.1481097422472, 4.68404062679993 ], [ -74.148112778479302, 4.68404376798638 ], [ -74.148115815611803, 4.68404690826648 ], [ -74.148118851843904, 4.6840500494529 ], [ -74.148121888074598, 4.68405318973443 ], [ -74.148124925208606, 4.68405633091933 ], [ -74.148127962341206, 4.68405947119935 ], [ -74.148130999473807, 4.68406261147938 ], [ -74.148134036605001, 4.68406575085449 ], [ -74.148137073737701, 4.68406889113445 ], [ -74.1481401117708, 4.68407203050807 ], [ -74.148143149803801, 4.68407516988166 ], [ -74.148146188738806, 4.68407830925375 ], [ -74.148149226770499, 4.68408144772245 ], [ -74.148152265703999, 4.68408458618966 ], [ -74.148155305537998, 4.68408772375051 ], [ -74.148158345371897, 4.68409086131133 ], [ -74.148161385205896, 4.68409399887214 ], [ -74.148164425940294, 4.6840971355266 ], [ -74.148167466674707, 4.68410027218102 ], [ -74.148170508309505, 4.68410340792912 ], [ -74.148173550846195, 4.68410654367569 ], [ -74.148176593381393, 4.68410967851742 ], [ -74.148179635915199, 4.68411281245426 ], [ -74.148182680252702, 4.68411594638813 ], [ -74.148185724588799, 4.68411907941711 ], [ -74.148188769826703, 4.6841222124446 ], [ -74.148191815061693, 4.68412534366237 ], [ -74.148194861198604, 4.68412847487864 ], [ -74.148197908237293, 4.68413160609342 ], [ -74.148200956175003, 4.68413473549697 ], [ -74.148302501550205, 4.68423815533141 ], [ -74.148305575602393, 4.68424126026038 ], [ -74.148308649653202, 4.68424436428448 ], [ -74.148311724602905, 4.68424746649738 ], [ -74.1483147995541, 4.6842505696151 ], [ -74.148317876306095, 4.68425367092014 ], [ -74.148320953058104, 4.68425677222517 ], [ -74.148324030710498, 4.68425987262384 ], [ -74.148327108361499, 4.68426297211764 ], [ -74.148330186914293, 4.68426607160994 ], [ -74.148333266367501, 4.6842691701959 ], [ -74.148336345820795, 4.68427226878183 ], [ -74.148339426174402, 4.68427536646141 ], [ -74.148342506528095, 4.68427846414096 ], [ -74.148345586880296, 4.68428156091565 ], [ -74.148348669034803, 4.68428465678249 ], [ -74.148351750288896, 4.68428775355566 ], [ -74.148354832443403, 4.68429084942248 ], [ -74.148357914596502, 4.68429394438441 ], [ -74.148360997651395, 4.68429703934487 ], [ -74.148364080706401, 4.68430013430527 ], [ -74.148367164663298, 4.68430322926419 ], [ -74.148370247716798, 4.68430632331972 ], [ -74.148373331672204, 4.68430941737374 ], [ -74.148376415627695, 4.68431251142775 ], [ -74.148379499581694, 4.68431560457689 ], [ -74.148382584439005, 4.68431869862937 ], [ -74.148385668393004, 4.68432179177845 ], [ -74.148388753248994, 4.68432488492606 ], [ -74.148391837204599, 4.68432797897996 ], [ -74.148394922060504, 4.6843310721275 ], [ -74.148398006916494, 4.68433416527505 ], [ -74.150410909061307, 4.68635263143692 ], [ -74.150413993033197, 4.68635572457251 ], [ -74.150417077906994, 4.68635881770657 ], [ -74.150420162782297, 4.68636191174546 ], [ -74.150423246754201, 4.68636500488097 ], [ -74.150426331629504, 4.68636809891984 ], [ -74.150429415601593, 4.6863711920553 ], [ -74.150432498674704, 4.68637428700195 ], [ -74.150435581746393, 4.68637738104371 ], [ -74.150438664819603, 4.68638047599029 ], [ -74.150441747894405, 4.68638357184172 ], [ -74.1504448300673, 4.6863866676946 ], [ -74.150447911338304, 4.68638976354895 ], [ -74.150450991710599, 4.68639286121447 ], [ -74.150454072081303, 4.68639595797509 ], [ -74.150457151553198, 4.6863990565469 ], [ -74.150460231026599, 4.68640215602354 ], [ -74.150463308696402, 4.68640525550312 ], [ -74.150466386367597, 4.68640835588753 ], [ -74.150469463138506, 4.68641145717825 ], [ -74.150472538108801, 4.68641456028162 ], [ -74.150475613078996, 4.68641766338498 ], [ -74.150478686246998, 4.68642076739613 ], [ -74.150481758516193, 4.68642387321844 ], [ -74.150484829883595, 4.68642697904221 ], [ -74.150487900352104, 4.68643008667715 ], [ -74.150490969019899, 4.68643319612474 ], [ -74.150494036787293, 4.68643630647864 ], [ -74.150497103654502, 4.68643941773885 ], [ -74.150500168719404, 4.68644252990686 ], [ -74.150503231985098, 4.68644564479236 ], [ -74.150506294349, 4.68644875967934 ], [ -74.150666366495102, 4.68661593259058 ], [ -74.150669346922598, 4.68661912723831 ], [ -74.150672325549394, 4.6866223236987 ], [ -74.150675302373998, 4.6866255210669 ], [ -74.150678278299694, 4.68662872024625 ], [ -74.150681253325104, 4.68663192033191 ], [ -74.150684226548293, 4.68663512132537 ], [ -74.150687197970797, 4.68663832413148 ], [ -74.150690168491494, 4.68664152693905 ], [ -74.150693138114804, 4.68664473246265 ], [ -74.150696106836307, 4.68664793798772 ], [ -74.150699073755604, 4.68665114442056 ], [ -74.150702040676407, 4.68665435175825 ], [ -74.150705005795103, 4.68665756000374 ], [ -74.150707970915207, 4.68666076915405 ], [ -74.150710934233203, 4.68666397921217 ], [ -74.150713896650799, 4.6866671901766 ], [ -74.150716859069902, 4.68667040204585 ], [ -74.150719820587199, 4.68667361391657 ], [ -74.150722781204095, 4.68667682669362 ], [ -74.150725741822598, 4.68668004037548 ], [ -74.150728701539194, 4.68668325405883 ], [ -74.150731660355504, 4.68668646864847 ], [ -74.150734619171899, 4.68668968323809 ], [ -74.150737577988195, 4.68669289782771 ], [ -74.150740535904305, 4.68669611332364 ], [ -74.150743492918494, 4.68669932882103 ], [ -74.150746450835996, 4.68670254522176 ], [ -74.150749407850299, 4.6867057607191 ], [ -74.150752364865994, 4.68670897712129 ], [ -74.150755321881803, 4.68671219352346 ], [ -74.150758278897598, 4.68671540992559 ], [ -74.151307387215994, 4.68731270362593 ], [ -74.151310344237004, 4.68731592002442 ], [ -74.151313301258, 4.68731913642291 ], [ -74.151316258278996, 4.68732235282139 ], [ -74.151319215300106, 4.68732556921982 ], [ -74.151322173221502, 4.68732878471192 ], [ -74.151325131142997, 4.68733200020401 ], [ -74.151328089064506, 4.68733521569606 ], [ -74.151331046986002, 4.68733843118809 ], [ -74.151334005807996, 4.68734164577376 ], [ -74.151336964629905, 4.68734486035943 ], [ -74.1513399243522, 4.68734807403873 ], [ -74.151342884974994, 4.68735128681169 ], [ -74.151345845597703, 4.68735449958462 ], [ -74.151348807122403, 4.68735771235604 ], [ -74.151351769545897, 4.68736092331627 ], [ -74.151354731969505, 4.68736413427647 ], [ -74.151357696195404, 4.68736734432883 ], [ -74.151360660419698, 4.68737055347633 ], [ -74.151363625544505, 4.68737376171746 ], [ -74.151366592472996, 4.68737696995562 ], [ -74.151369559398503, 4.68738017638405 ], [ -74.151372528126302, 4.68738338190463 ], [ -74.151375497754501, 4.68738658651888 ], [ -74.151378468283099, 4.68738979022675 ], [ -74.151381440613903, 4.68739299302678 ], [ -74.151384412941795, 4.68739619401713 ], [ -74.151387387973799, 4.68739939409812 ], [ -74.151390363904696, 4.6874025923679 ], [ -74.151393340737499, 4.68740579063619 ], [ -74.151396319369596, 4.68740898618694 ], [ -74.151399299803799, 4.68741218082984 ], [ -74.1515313121307, 4.68755066340598 ], [ -74.151534360098097, 4.6875537927874 ], [ -74.151537410768199, 4.68755692035465 ], [ -74.151540461436895, 4.68756004701701 ], [ -74.151543513906205, 4.68756317186671 ], [ -74.151546568177906, 4.68756629580855 ], [ -74.151549623349894, 4.68756941884403 ], [ -74.151552679420803, 4.68757254006832 ], [ -74.151555737292497, 4.68757565947991 ], [ -74.151558796066098, 4.68757877889 ], [ -74.151561855740098, 4.68758189739373 ], [ -74.151564916313006, 4.68758501408626 ], [ -74.151567978688107, 4.68758812987093 ], [ -74.151571041063207, 4.68759124565561 ], [ -74.1515741043373, 4.68759435962906 ], [ -74.151577169413599, 4.68759747269469 ], [ -74.151580234489899, 4.68760058576027 ], [ -74.151583299564805, 4.687603697921 ], [ -74.151586366441904, 4.68760680917388 ], [ -74.151589433317596, 4.6876099195219 ], [ -74.151592501095195, 4.68761302986841 ], [ -74.151595569773093, 4.68761613930857 ], [ -74.151598638451006, 4.6876192487487 ], [ -74.151601708029403, 4.68762235728248 ], [ -74.151604777606295, 4.68762546491137 ], [ -74.151607847184707, 4.68762857344511 ], [ -74.151610917663504, 4.6876316810725 ], [ -74.151613988142302, 4.68763478869986 ], [ -74.151617058619706, 4.68763789542234 ], [ -74.151620129097097, 4.68764100214481 ], [ -74.1516232004779, 4.68764410977063 ], [ -74.151626270955404, 4.68764721649306 ], [ -74.152051539054398, 4.6880774634088 ], [ -74.152054610437503, 4.68808057012688 ], [ -74.152057680920294, 4.68808367775128 ], [ -74.152060752303399, 4.68808678446933 ], [ -74.152063822784697, 4.68808989118884 ], [ -74.152066894168001, 4.68809299790685 ], [ -74.152069964650806, 4.68809610553117 ], [ -74.152073035132204, 4.68809921225061 ], [ -74.152076105615194, 4.68810231987489 ], [ -74.152079176098098, 4.68810542749916 ], [ -74.152082246579596, 4.68810853421854 ], [ -74.1520853170626, 4.68811164184276 ], [ -74.152088387547096, 4.68811475037182 ], [ -74.152091457128293, 4.68811785799749 ], [ -74.152094527611396, 4.68812096562163 ], [ -74.152097597194199, 4.6881240741521 ], [ -74.152100666777002, 4.68812718268256 ], [ -74.152103735457899, 4.68813029121448 ], [ -74.152106805040702, 4.68813339974489 ], [ -74.152109873721798, 4.68813650827675 ], [ -74.152112942404301, 4.68813961771346 ], [ -74.152116011086804, 4.68814272715015 ], [ -74.1521190788675, 4.68814583658831 ], [ -74.152122146649802, 4.68814894693129 ], [ -74.152125214432004, 4.68815205727425 ], [ -74.152128282214306, 4.68815516761718 ], [ -74.152131349096294, 4.68815827886645 ], [ -74.152134415976803, 4.68816138921082 ], [ -74.152137481958405, 4.68816450136637 ], [ -74.1521405479386, 4.68816761261707 ], [ -74.152143613920302, 4.68817072477258 ], [ -74.152146679001604, 4.6881738378344 ], [ -74.152280440762596, 4.68831039450108 ], [ -74.152283489638606, 4.68831352387604 ], [ -74.152286537612795, 4.68831665325248 ], [ -74.1522895855869, 4.68831978262889 ], [ -74.152292632660803, 4.68832291291161 ], [ -74.152295679734607, 4.68832604319431 ], [ -74.152298726810002, 4.68832917438185 ], [ -74.152301772983606, 4.68833230557086 ], [ -74.152304819157195, 4.68833543675983 ], [ -74.152307865330798, 4.68833856794879 ], [ -74.152310910604101, 4.68834170004407 ], [ -74.152313955877403, 4.68834483213932 ], [ -74.152317001150706, 4.68834796423457 ], [ -74.152320046425601, 4.68835109723464 ], [ -74.152323090798603, 4.68835423023616 ], [ -74.152326135171606, 4.68835736323767 ], [ -74.152329179544694, 4.68836049623917 ], [ -74.152332223919302, 4.68836363014549 ], [ -74.152335268292404, 4.68836676314694 ], [ -74.152338311765206, 4.68836989705471 ], [ -74.152341355237994, 4.68837303096246 ], [ -74.152344398710895, 4.68837616487018 ], [ -74.152347442183796, 4.6883792987779 ], [ -74.152350485658104, 4.68838243359043 ], [ -74.152353528229199, 4.68838556749959 ], [ -74.152356571703606, 4.68838870231208 ], [ -74.152359615176593, 4.68839183621969 ], [ -74.152362657749293, 4.68839497103365 ], [ -74.152365700321894, 4.68839810584757 ], [ -74.152368743794995, 4.68840123975514 ], [ -74.152371786367695, 4.68840437456901 ], [ -74.152374828940495, 4.68840750938289 ], [ -74.153852567309301, 4.68992983098647 ], [ -74.1538606814714, 4.68993818925632 ], [ -74.153868796536997, 4.68994654842941 ], [ -74.153876910699495, 4.68995490669899 ], [ -74.153885026665904, 4.68996326496546 ], [ -74.153893143531405, 4.68997162142057 ], [ -74.153901261297406, 4.68997997696922 ], [ -74.153909379964006, 4.68998833161138 ], [ -74.153917500431504, 4.68999668444073 ], [ -74.153925622701394, 4.6900050363621 ], [ -74.153933746770704, 4.6900133855658 ], [ -74.153941873542806, 4.69002173295518 ], [ -74.153950002114399, 4.69003007762691 ], [ -74.153958133387306, 4.69003841957947 ], [ -74.153966267361398, 4.69004675881287 ], [ -74.153974404938694, 4.69005509532561 ], [ -74.153982546117604, 4.69006342821286 ], [ -74.153990689997897, 4.69007175838096 ], [ -74.153998838380105, 4.69008008401723 ], [ -74.154006989462204, 4.69008840602948 ], [ -74.1540151459496, 4.69009672441325 ], [ -74.154023306037203, 4.69010503826667 ], [ -74.154031471528597, 4.69011334758677 ], [ -74.154039641520598, 4.69012165147017 ], [ -74.154047816014597, 4.69012995082175 ], [ -74.154055995912501, 4.69013824564 ], [ -74.154064182113103, 4.69014653411372 ], [ -74.154072372814298, 4.69015481715078 ], [ -74.154080569819698, 4.69016309474815 ], [ -74.154088773127796, 4.69017136600101 ], [ -74.154096982738693, 4.69017963090937 ], [ -74.154105198650797, 4.69018788856834 ], [ -74.154331966502994, 4.6904106027859 ], [ -74.154563639351394, 4.69062817556687 ], [ -74.154800101577607, 4.69084049851579 ], [ -74.155041234860505, 4.69104746505152 ], [ -74.155286919980796, 4.69124897130919 ], [ -74.155537032314996, 4.69144491795729 ], [ -74.155791447239395, 4.69163520566458 ], [ -74.156050038334996, 4.69181974053199 ], [ -74.156312676479502, 4.69199843047501 ], [ -74.156579229846599, 4.69217118431859 ], [ -74.156849565719099, 4.69233791812821 ], [ -74.157123547769501, 4.69249854616595 ], [ -74.157133657149799, 4.69250431682256 ], [ -74.157143770122701, 4.69251007842453 ], [ -74.157153887591605, 4.69251583187523 ], [ -74.157164008657702, 4.69252157898583 ], [ -74.157174135121494, 4.69252731794363 ], [ -74.157184264280701, 4.69253305056283 ], [ -74.157194397937303, 4.69253877593561 ], [ -74.157204535191099, 4.69254449496828 ], [ -74.157214676042003, 4.69255020766086 ], [ -74.157224819589601, 4.69255591491968 ], [ -74.157234966734407, 4.69256161583839 ], [ -74.157245117479206, 4.6925673122267 ], [ -74.157255270018993, 4.69257300318274 ], [ -74.157265425255503, 4.69257868870504 ], [ -74.157275584093597, 4.69258437060177 ], [ -74.157285744728, 4.69259004797109 ], [ -74.157295907158897, 4.692595720813 ], [ -74.157306072289501, 4.69260139003085 ], [ -74.157316239218005, 4.6926070556261 ], [ -74.157326407945902, 4.69261271850367 ], [ -74.157336577569794, 4.69261837776014 ], [ -74.157346749896405, 4.69262403520226 ], [ -74.157356923120602, 4.69262968992814 ], [ -74.157367097242201, 4.6926353419378 ], [ -74.157377272262906, 4.69264099213607 ], [ -74.157387448184096, 4.69264664142782 ], [ -74.1573976259061, 4.69265228890669 ], [ -74.157407802723398, 4.69265793457718 ], [ -74.157417981344594, 4.69266358024448 ], [ -74.157428159064096, 4.69266922591309 ], [ -74.157438337683999, 4.69267487067516 ], [ -74.169307104406997, 4.69925681917223 ] ] } }
]
}
